{
    "href": "01%20-%20Dias%20Passados/",
    "text": "01 - Dias Passados",
    "chapters": [
        {
            "href": "01%20-%20Dias%20Passados/",
            "text": " 01 - Dias Passados/",
            "images": [
                {
                    "href": "00.jpg",
                    "text": " 00.jpg",
                    "imageUrl": "http://thewalkingdead-online.com/hq/albums/HQ/01%20-%20Dias%20Passados/01%20-%20Dias%20Passados/00.jpg"
                },
                {
                    "href": "02.jpg",
                    "text": " 02.jpg",
                    "imageUrl": "http://thewalkingdead-online.com/hq/albums/HQ/01%20-%20Dias%20Passados/01%20-%20Dias%20Passados/02.jpg"
                },
                {
                    "href": "03.jpg",
                    "text": " 03.jpg",
                    "imageUrl": "http://thewalkingdead-online.com/hq/albums/HQ/01%20-%20Dias%20Passados/01%20-%20Dias%20Passados/03.jpg"
                },
                {
                    "href": "04.jpg",
                    "text": " 04.jpg",
                    "imageUrl": "http://thewalkingdead-online.com/hq/albums/HQ/01%20-%20Dias%20Passados/01%20-%20Dias%20Passados/04.jpg"
                },
                {
                    "href": "05.jpg",
                    "text": " 05.jpg",
                    "imageUrl": "http://thewalkingdead-online.com/hq/albums/HQ/01%20-%20Dias%20Passados/01%20-%20Dias%20Passados/05.jpg"
                },
                {
                    "href": "06.jpg",
                    "text": " 06.jpg",
                    "imageUrl": "http://thewalkingdead-online.com/hq/albums/HQ/01%20-%20Dias%20Passados/01%20-%20Dias%20Passados/06.jpg"
                },
                {
                    "href": "07.jpg",
                    "text": " 07.jpg",
                    "imageUrl": "http://thewalkingdead-online.com/hq/albums/HQ/01%20-%20Dias%20Passados/01%20-%20Dias%20Passados/07.jpg"
                },
                {
                    "href": "08.jpg",
                    "text": " 08.jpg",
                    "imageUrl": "http://thewalkingdead-online.com/hq/albums/HQ/01%20-%20Dias%20Passados/01%20-%20Dias%20Passados/08.jpg"
                },
                {
                    "href": "09.jpg",
                    "text": " 09.jpg",
                    "imageUrl": "http://thewalkingdead-online.com/hq/albums/HQ/01%20-%20Dias%20Passados/01%20-%20Dias%20Passados/09.jpg"
                },
                {
                    "href": "10.jpg",
                    "text": " 10.jpg",
                    "imageUrl": "http://thewalkingdead-online.com/hq/albums/HQ/01%20-%20Dias%20Passados/01%20-%20Dias%20Passados/10.jpg"
                },
                {
                    "href": "11.jpg",
                    "text": " 11.jpg",
                    "imageUrl": "http://thewalkingdead-online.com/hq/albums/HQ/01%20-%20Dias%20Passados/01%20-%20Dias%20Passados/11.jpg"
                },
                {
                    "href": "12.jpg",
                    "text": " 12.jpg",
                    "imageUrl": "http://thewalkingdead-online.com/hq/albums/HQ/01%20-%20Dias%20Passados/01%20-%20Dias%20Passados/12.jpg"
                },
                {
                    "href": "13.jpg",
                    "text": " 13.jpg",
                    "imageUrl": "http://thewalkingdead-online.com/hq/albums/HQ/01%20-%20Dias%20Passados/01%20-%20Dias%20Passados/13.jpg"
                },
                {
                    "href": "14.jpg",
                    "text": " 14.jpg",
                    "imageUrl": "http://thewalkingdead-online.com/hq/albums/HQ/01%20-%20Dias%20Passados/01%20-%20Dias%20Passados/14.jpg"
                },
                {
                    "href": "15.jpg",
                    "text": " 15.jpg",
                    "imageUrl": "http://thewalkingdead-online.com/hq/albums/HQ/01%20-%20Dias%20Passados/01%20-%20Dias%20Passados/15.jpg"
                },
                {
                    "href": "16.jpg",
                    "text": " 16.jpg",
                    "imageUrl": "http://thewalkingdead-online.com/hq/albums/HQ/01%20-%20Dias%20Passados/01%20-%20Dias%20Passados/16.jpg"
                },
                {
                    "href": "17.jpg",
                    "text": " 17.jpg",
                    "imageUrl": "http://thewalkingdead-online.com/hq/albums/HQ/01%20-%20Dias%20Passados/01%20-%20Dias%20Passados/17.jpg"
                },
                {
                    "href": "18.jpg",
                    "text": " 18.jpg",
                    "imageUrl": "http://thewalkingdead-online.com/hq/albums/HQ/01%20-%20Dias%20Passados/01%20-%20Dias%20Passados/18.jpg"
                },
                {
                    "href": "19.jpg",
                    "text": " 19.jpg",
                    "imageUrl": "http://thewalkingdead-online.com/hq/albums/HQ/01%20-%20Dias%20Passados/01%20-%20Dias%20Passados/19.jpg"
                },
                {
                    "href": "20.jpg",
                    "text": " 20.jpg",
                    "imageUrl": "http://thewalkingdead-online.com/hq/albums/HQ/01%20-%20Dias%20Passados/01%20-%20Dias%20Passados/20.jpg"
                },
                {
                    "href": "21.jpg",
                    "text": " 21.jpg",
                    "imageUrl": "http://thewalkingdead-online.com/hq/albums/HQ/01%20-%20Dias%20Passados/01%20-%20Dias%20Passados/21.jpg"
                },
                {
                    "href": "22.jpg",
                    "text": " 22.jpg",
                    "imageUrl": "http://thewalkingdead-online.com/hq/albums/HQ/01%20-%20Dias%20Passados/01%20-%20Dias%20Passados/22.jpg"
                },
                {
                    "href": "23.jpg",
                    "text": " 23.jpg",
                    "imageUrl": "http://thewalkingdead-online.com/hq/albums/HQ/01%20-%20Dias%20Passados/01%20-%20Dias%20Passados/23.jpg"
                },
                {
                    "href": "24.jpg",
                    "text": " 24.jpg",
                    "imageUrl": "http://thewalkingdead-online.com/hq/albums/HQ/01%20-%20Dias%20Passados/01%20-%20Dias%20Passados/24.jpg"
                },
                {
                    "href": "25.jpg",
                    "text": " 25.jpg",
                    "imageUrl": "http://thewalkingdead-online.com/hq/albums/HQ/01%20-%20Dias%20Passados/01%20-%20Dias%20Passados/25.jpg"
                },
                {
                    "href": "01.jpg",
                    "text": " 01.jpg",
                    "imageUrl": "http://thewalkingdead-online.com/hq/albums/HQ/01%20-%20Dias%20Passados/01%20-%20Dias%20Passados/01.jpg"
                }                
            ]
        },
        {
            "href": "02%20-%20Dias%20Passados/",
            "text": " 02 - Dias Passados/",
            "images": [
                {
                    "href": "00.jpg",
                    "text": " 00.jpg",
                    "imageUrl": "http://thewalkingdead-online.com/hq/albums/HQ/01%20-%20Dias%20Passados/02%20-%20Dias%20Passados/00.jpg"
                },
                {
                    "href": "02.jpg",
                    "text": " 02.jpg",
                    "imageUrl": "http://thewalkingdead-online.com/hq/albums/HQ/01%20-%20Dias%20Passados/02%20-%20Dias%20Passados/02.jpg"
                },
                {
                    "href": "03.jpg",
                    "text": " 03.jpg",
                    "imageUrl": "http://thewalkingdead-online.com/hq/albums/HQ/01%20-%20Dias%20Passados/02%20-%20Dias%20Passados/03.jpg"
                },
                {
                    "href": "04.jpg",
                    "text": " 04.jpg",
                    "imageUrl": "http://thewalkingdead-online.com/hq/albums/HQ/01%20-%20Dias%20Passados/02%20-%20Dias%20Passados/04.jpg"
                },
                {
                    "href": "05.jpg",
                    "text": " 05.jpg",
                    "imageUrl": "http://thewalkingdead-online.com/hq/albums/HQ/01%20-%20Dias%20Passados/02%20-%20Dias%20Passados/05.jpg"
                },
                {
                    "href": "06.jpg",
                    "text": " 06.jpg",
                    "imageUrl": "http://thewalkingdead-online.com/hq/albums/HQ/01%20-%20Dias%20Passados/02%20-%20Dias%20Passados/06.jpg"
                },
                {
                    "href": "07.jpg",
                    "text": " 07.jpg",
                    "imageUrl": "http://thewalkingdead-online.com/hq/albums/HQ/01%20-%20Dias%20Passados/02%20-%20Dias%20Passados/07.jpg"
                },
                {
                    "href": "08.jpg",
                    "text": " 08.jpg",
                    "imageUrl": "http://thewalkingdead-online.com/hq/albums/HQ/01%20-%20Dias%20Passados/02%20-%20Dias%20Passados/08.jpg"
                },
                {
                    "href": "09.jpg",
                    "text": " 09.jpg",
                    "imageUrl": "http://thewalkingdead-online.com/hq/albums/HQ/01%20-%20Dias%20Passados/02%20-%20Dias%20Passados/09.jpg"
                },
                {
                    "href": "10.jpg",
                    "text": " 10.jpg",
                    "imageUrl": "http://thewalkingdead-online.com/hq/albums/HQ/01%20-%20Dias%20Passados/02%20-%20Dias%20Passados/10.jpg"
                },
                {
                    "href": "11.jpg",
                    "text": " 11.jpg",
                    "imageUrl": "http://thewalkingdead-online.com/hq/albums/HQ/01%20-%20Dias%20Passados/02%20-%20Dias%20Passados/11.jpg"
                },
                {
                    "href": "12.jpg",
                    "text": " 12.jpg",
                    "imageUrl": "http://thewalkingdead-online.com/hq/albums/HQ/01%20-%20Dias%20Passados/02%20-%20Dias%20Passados/12.jpg"
                },
                {
                    "href": "13.jpg",
                    "text": " 13.jpg",
                    "imageUrl": "http://thewalkingdead-online.com/hq/albums/HQ/01%20-%20Dias%20Passados/02%20-%20Dias%20Passados/13.jpg"
                },
                {
                    "href": "14.jpg",
                    "text": " 14.jpg",
                    "imageUrl": "http://thewalkingdead-online.com/hq/albums/HQ/01%20-%20Dias%20Passados/02%20-%20Dias%20Passados/14.jpg"
                },
                {
                    "href": "15.jpg",
                    "text": " 15.jpg",
                    "imageUrl": "http://thewalkingdead-online.com/hq/albums/HQ/01%20-%20Dias%20Passados/02%20-%20Dias%20Passados/15.jpg"
                },
                {
                    "href": "16.jpg",
                    "text": " 16.jpg",
                    "imageUrl": "http://thewalkingdead-online.com/hq/albums/HQ/01%20-%20Dias%20Passados/02%20-%20Dias%20Passados/16.jpg"
                },
                {
                    "href": "17.jpg",
                    "text": " 17.jpg",
                    "imageUrl": "http://thewalkingdead-online.com/hq/albums/HQ/01%20-%20Dias%20Passados/02%20-%20Dias%20Passados/17.jpg"
                },
                {
                    "href": "18.jpg",
                    "text": " 18.jpg",
                    "imageUrl": "http://thewalkingdead-online.com/hq/albums/HQ/01%20-%20Dias%20Passados/02%20-%20Dias%20Passados/18.jpg"
                },
                {
                    "href": "19.jpg",
                    "text": " 19.jpg",
                    "imageUrl": "http://thewalkingdead-online.com/hq/albums/HQ/01%20-%20Dias%20Passados/02%20-%20Dias%20Passados/19.jpg"
                },
                {
                    "href": "20.jpg",
                    "text": " 20.jpg",
                    "imageUrl": "http://thewalkingdead-online.com/hq/albums/HQ/01%20-%20Dias%20Passados/02%20-%20Dias%20Passados/20.jpg"
                },
                {
                    "href": "21.jpg",
                    "text": " 21.jpg",
                    "imageUrl": "http://thewalkingdead-online.com/hq/albums/HQ/01%20-%20Dias%20Passados/02%20-%20Dias%20Passados/21.jpg"
                },
                {
                    "href": "22.jpg",
                    "text": " 22.jpg",
                    "imageUrl": "http://thewalkingdead-online.com/hq/albums/HQ/01%20-%20Dias%20Passados/02%20-%20Dias%20Passados/22.jpg"
                },
                {
                    "href": "23.jpg",
                    "text": " 23.jpg",
                    "imageUrl": "http://thewalkingdead-online.com/hq/albums/HQ/01%20-%20Dias%20Passados/02%20-%20Dias%20Passados/23.jpg"
                },
                {
                    "href": "24.jpg",
                    "text": " 24.jpg",
                    "imageUrl": "http://thewalkingdead-online.com/hq/albums/HQ/01%20-%20Dias%20Passados/02%20-%20Dias%20Passados/24.jpg"
                },
                {
                    "href": "01.jpg",
                    "text": " 01.jpg",
                    "imageUrl": "http://thewalkingdead-online.com/hq/albums/HQ/01%20-%20Dias%20Passados/02%20-%20Dias%20Passados/01.jpg"
                }
            ]
        },
        {
            "href": "03%20-%20Dias%20Passados/",
            "text": " 03 - Dias Passados/",
            "images": [
                {
                    "href": "00.jpg",
                    "text": " 00.jpg",
                    "imageUrl": "http://thewalkingdead-online.com/hq/albums/HQ/01%20-%20Dias%20Passados/03%20-%20Dias%20Passados/00.jpg"
                },
                {
                    "href": "02.jpg",
                    "text": " 02.jpg",
                    "imageUrl": "http://thewalkingdead-online.com/hq/albums/HQ/01%20-%20Dias%20Passados/03%20-%20Dias%20Passados/02.jpg"
                },
                {
                    "href": "03.jpg",
                    "text": " 03.jpg",
                    "imageUrl": "http://thewalkingdead-online.com/hq/albums/HQ/01%20-%20Dias%20Passados/03%20-%20Dias%20Passados/03.jpg"
                },
                {
                    "href": "04.jpg",
                    "text": " 04.jpg",
                    "imageUrl": "http://thewalkingdead-online.com/hq/albums/HQ/01%20-%20Dias%20Passados/03%20-%20Dias%20Passados/04.jpg"
                },
                {
                    "href": "05.jpg",
                    "text": " 05.jpg",
                    "imageUrl": "http://thewalkingdead-online.com/hq/albums/HQ/01%20-%20Dias%20Passados/03%20-%20Dias%20Passados/05.jpg"
                },
                {
                    "href": "06.jpg",
                    "text": " 06.jpg",
                    "imageUrl": "http://thewalkingdead-online.com/hq/albums/HQ/01%20-%20Dias%20Passados/03%20-%20Dias%20Passados/06.jpg"
                },
                {
                    "href": "07.jpg",
                    "text": " 07.jpg",
                    "imageUrl": "http://thewalkingdead-online.com/hq/albums/HQ/01%20-%20Dias%20Passados/03%20-%20Dias%20Passados/07.jpg"
                },
                {
                    "href": "08.jpg",
                    "text": " 08.jpg",
                    "imageUrl": "http://thewalkingdead-online.com/hq/albums/HQ/01%20-%20Dias%20Passados/03%20-%20Dias%20Passados/08.jpg"
                },
                {
                    "href": "09.jpg",
                    "text": " 09.jpg",
                    "imageUrl": "http://thewalkingdead-online.com/hq/albums/HQ/01%20-%20Dias%20Passados/03%20-%20Dias%20Passados/09.jpg"
                },
                {
                    "href": "10.jpg",
                    "text": " 10.jpg",
                    "imageUrl": "http://thewalkingdead-online.com/hq/albums/HQ/01%20-%20Dias%20Passados/03%20-%20Dias%20Passados/10.jpg"
                },
                {
                    "href": "11.jpg",
                    "text": " 11.jpg",
                    "imageUrl": "http://thewalkingdead-online.com/hq/albums/HQ/01%20-%20Dias%20Passados/03%20-%20Dias%20Passados/11.jpg"
                },
                {
                    "href": "12.jpg",
                    "text": " 12.jpg",
                    "imageUrl": "http://thewalkingdead-online.com/hq/albums/HQ/01%20-%20Dias%20Passados/03%20-%20Dias%20Passados/12.jpg"
                },
                {
                    "href": "13.jpg",
                    "text": " 13.jpg",
                    "imageUrl": "http://thewalkingdead-online.com/hq/albums/HQ/01%20-%20Dias%20Passados/03%20-%20Dias%20Passados/13.jpg"
                },
                {
                    "href": "14.jpg",
                    "text": " 14.jpg",
                    "imageUrl": "http://thewalkingdead-online.com/hq/albums/HQ/01%20-%20Dias%20Passados/03%20-%20Dias%20Passados/14.jpg"
                },
                {
                    "href": "15.jpg",
                    "text": " 15.jpg",
                    "imageUrl": "http://thewalkingdead-online.com/hq/albums/HQ/01%20-%20Dias%20Passados/03%20-%20Dias%20Passados/15.jpg"
                },
                {
                    "href": "16.jpg",
                    "text": " 16.jpg",
                    "imageUrl": "http://thewalkingdead-online.com/hq/albums/HQ/01%20-%20Dias%20Passados/03%20-%20Dias%20Passados/16.jpg"
                },
                {
                    "href": "17.jpg",
                    "text": " 17.jpg",
                    "imageUrl": "http://thewalkingdead-online.com/hq/albums/HQ/01%20-%20Dias%20Passados/03%20-%20Dias%20Passados/17.jpg"
                },
                {
                    "href": "18.jpg",
                    "text": " 18.jpg",
                    "imageUrl": "http://thewalkingdead-online.com/hq/albums/HQ/01%20-%20Dias%20Passados/03%20-%20Dias%20Passados/18.jpg"
                },
                {
                    "href": "19.jpg",
                    "text": " 19.jpg",
                    "imageUrl": "http://thewalkingdead-online.com/hq/albums/HQ/01%20-%20Dias%20Passados/03%20-%20Dias%20Passados/19.jpg"
                },
                {
                    "href": "20.jpg",
                    "text": " 20.jpg",
                    "imageUrl": "http://thewalkingdead-online.com/hq/albums/HQ/01%20-%20Dias%20Passados/03%20-%20Dias%20Passados/20.jpg"
                },
                {
                    "href": "21.jpg",
                    "text": " 21.jpg",
                    "imageUrl": "http://thewalkingdead-online.com/hq/albums/HQ/01%20-%20Dias%20Passados/03%20-%20Dias%20Passados/21.jpg"
                },
                {
                    "href": "22.jpg",
                    "text": " 22.jpg",
                    "imageUrl": "http://thewalkingdead-online.com/hq/albums/HQ/01%20-%20Dias%20Passados/03%20-%20Dias%20Passados/22.jpg"
                },
                {
                    "href": "23.jpg",
                    "text": " 23.jpg",
                    "imageUrl": "http://thewalkingdead-online.com/hq/albums/HQ/01%20-%20Dias%20Passados/03%20-%20Dias%20Passados/23.jpg"
                },
                {
                    "href": "01.jpg",
                    "text": " 01.jpg",
                    "imageUrl": "http://thewalkingdead-online.com/hq/albums/HQ/01%20-%20Dias%20Passados/03%20-%20Dias%20Passados/01.jpg"
                }
            ]
        },
        {
            "href": "04%20-%20Dias%20Passados/",
            "text": " 04 - Dias Passados/",
            "images": [
                {
                    "href": "01.jpg",
                    "text": " 01.jpg",
                    "imageUrl": "http://thewalkingdead-online.com/hq/albums/HQ/01%20-%20Dias%20Passados/04%20-%20Dias%20Passados/01.jpg"
                },
                {
                    "href": "03.jpg",
                    "text": " 03.jpg",
                    "imageUrl": "http://thewalkingdead-online.com/hq/albums/HQ/01%20-%20Dias%20Passados/04%20-%20Dias%20Passados/03.jpg"
                },
                {
                    "href": "04.jpg",
                    "text": " 04.jpg",
                    "imageUrl": "http://thewalkingdead-online.com/hq/albums/HQ/01%20-%20Dias%20Passados/04%20-%20Dias%20Passados/04.jpg"
                },
                {
                    "href": "05.jpg",
                    "text": " 05.jpg",
                    "imageUrl": "http://thewalkingdead-online.com/hq/albums/HQ/01%20-%20Dias%20Passados/04%20-%20Dias%20Passados/05.jpg"
                },
                {
                    "href": "06.jpg",
                    "text": " 06.jpg",
                    "imageUrl": "http://thewalkingdead-online.com/hq/albums/HQ/01%20-%20Dias%20Passados/04%20-%20Dias%20Passados/06.jpg"
                },
                {
                    "href": "07.jpg",
                    "text": " 07.jpg",
                    "imageUrl": "http://thewalkingdead-online.com/hq/albums/HQ/01%20-%20Dias%20Passados/04%20-%20Dias%20Passados/07.jpg"
                },
                {
                    "href": "08.jpg",
                    "text": " 08.jpg",
                    "imageUrl": "http://thewalkingdead-online.com/hq/albums/HQ/01%20-%20Dias%20Passados/04%20-%20Dias%20Passados/08.jpg"
                },
                {
                    "href": "09.jpg",
                    "text": " 09.jpg",
                    "imageUrl": "http://thewalkingdead-online.com/hq/albums/HQ/01%20-%20Dias%20Passados/04%20-%20Dias%20Passados/09.jpg"
                },
                {
                    "href": "10.jpg",
                    "text": " 10.jpg",
                    "imageUrl": "http://thewalkingdead-online.com/hq/albums/HQ/01%20-%20Dias%20Passados/04%20-%20Dias%20Passados/10.jpg"
                },
                {
                    "href": "11.jpg",
                    "text": " 11.jpg",
                    "imageUrl": "http://thewalkingdead-online.com/hq/albums/HQ/01%20-%20Dias%20Passados/04%20-%20Dias%20Passados/11.jpg"
                },
                {
                    "href": "12.jpg",
                    "text": " 12.jpg",
                    "imageUrl": "http://thewalkingdead-online.com/hq/albums/HQ/01%20-%20Dias%20Passados/04%20-%20Dias%20Passados/12.jpg"
                },
                {
                    "href": "13.jpg",
                    "text": " 13.jpg",
                    "imageUrl": "http://thewalkingdead-online.com/hq/albums/HQ/01%20-%20Dias%20Passados/04%20-%20Dias%20Passados/13.jpg"
                },
                {
                    "href": "14.jpg",
                    "text": " 14.jpg",
                    "imageUrl": "http://thewalkingdead-online.com/hq/albums/HQ/01%20-%20Dias%20Passados/04%20-%20Dias%20Passados/14.jpg"
                },
                {
                    "href": "15.jpg",
                    "text": " 15.jpg",
                    "imageUrl": "http://thewalkingdead-online.com/hq/albums/HQ/01%20-%20Dias%20Passados/04%20-%20Dias%20Passados/15.jpg"
                },
                {
                    "href": "16.jpg",
                    "text": " 16.jpg",
                    "imageUrl": "http://thewalkingdead-online.com/hq/albums/HQ/01%20-%20Dias%20Passados/04%20-%20Dias%20Passados/16.jpg"
                },
                {
                    "href": "17.jpg",
                    "text": " 17.jpg",
                    "imageUrl": "http://thewalkingdead-online.com/hq/albums/HQ/01%20-%20Dias%20Passados/04%20-%20Dias%20Passados/17.jpg"
                },
                {
                    "href": "18.jpg",
                    "text": " 18.jpg",
                    "imageUrl": "http://thewalkingdead-online.com/hq/albums/HQ/01%20-%20Dias%20Passados/04%20-%20Dias%20Passados/18.jpg"
                },
                {
                    "href": "19.jpg",
                    "text": " 19.jpg",
                    "imageUrl": "http://thewalkingdead-online.com/hq/albums/HQ/01%20-%20Dias%20Passados/04%20-%20Dias%20Passados/19.jpg"
                },
                {
                    "href": "20.jpg",
                    "text": " 20.jpg",
                    "imageUrl": "http://thewalkingdead-online.com/hq/albums/HQ/01%20-%20Dias%20Passados/04%20-%20Dias%20Passados/20.jpg"
                },
                {
                    "href": "21.jpg",
                    "text": " 21.jpg",
                    "imageUrl": "http://thewalkingdead-online.com/hq/albums/HQ/01%20-%20Dias%20Passados/04%20-%20Dias%20Passados/21.jpg"
                },
                {
                    "href": "22.jpg",
                    "text": " 22.jpg",
                    "imageUrl": "http://thewalkingdead-online.com/hq/albums/HQ/01%20-%20Dias%20Passados/04%20-%20Dias%20Passados/22.jpg"
                },
                {
                    "href": "23.jpg",
                    "text": " 23.jpg",
                    "imageUrl": "http://thewalkingdead-online.com/hq/albums/HQ/01%20-%20Dias%20Passados/04%20-%20Dias%20Passados/23.jpg"
                },
                {
                    "href": "24.jpg",
                    "text": " 24.jpg",
                    "imageUrl": "http://thewalkingdead-online.com/hq/albums/HQ/01%20-%20Dias%20Passados/04%20-%20Dias%20Passados/24.jpg"
                },
                {
                    "href": "02.jpg",
                    "text": " 02.jpg",
                    "imageUrl": "http://thewalkingdead-online.com/hq/albums/HQ/01%20-%20Dias%20Passados/04%20-%20Dias%20Passados/02.jpg"
                }
            ]
        },
        {
            "href": "05%20-%20Dias%20Passados/",
            "text": " 05 - Dias Passados/",
            "images": [
                {
                    "href": "00.jpg",
                    "text": " 00.jpg",
                    "imageUrl": "http://thewalkingdead-online.com/hq/albums/HQ/01%20-%20Dias%20Passados/05%20-%20Dias%20Passados/00.jpg"
                },
                {
                    "href": "02.jpg",
                    "text": " 02.jpg",
                    "imageUrl": "http://thewalkingdead-online.com/hq/albums/HQ/01%20-%20Dias%20Passados/05%20-%20Dias%20Passados/02.jpg"
                },
                {
                    "href": "03.jpg",
                    "text": " 03.jpg",
                    "imageUrl": "http://thewalkingdead-online.com/hq/albums/HQ/01%20-%20Dias%20Passados/05%20-%20Dias%20Passados/03.jpg"
                },
                {
                    "href": "04.jpg",
                    "text": " 04.jpg",
                    "imageUrl": "http://thewalkingdead-online.com/hq/albums/HQ/01%20-%20Dias%20Passados/05%20-%20Dias%20Passados/04.jpg"
                },
                {
                    "href": "05.jpg",
                    "text": " 05.jpg",
                    "imageUrl": "http://thewalkingdead-online.com/hq/albums/HQ/01%20-%20Dias%20Passados/05%20-%20Dias%20Passados/05.jpg"
                },
                {
                    "href": "06.jpg",
                    "text": " 06.jpg",
                    "imageUrl": "http://thewalkingdead-online.com/hq/albums/HQ/01%20-%20Dias%20Passados/05%20-%20Dias%20Passados/06.jpg"
                },
                {
                    "href": "07.jpg",
                    "text": " 07.jpg",
                    "imageUrl": "http://thewalkingdead-online.com/hq/albums/HQ/01%20-%20Dias%20Passados/05%20-%20Dias%20Passados/07.jpg"
                },
                {
                    "href": "08.jpg",
                    "text": " 08.jpg",
                    "imageUrl": "http://thewalkingdead-online.com/hq/albums/HQ/01%20-%20Dias%20Passados/05%20-%20Dias%20Passados/08.jpg"
                },
                {
                    "href": "09.jpg",
                    "text": " 09.jpg",
                    "imageUrl": "http://thewalkingdead-online.com/hq/albums/HQ/01%20-%20Dias%20Passados/05%20-%20Dias%20Passados/09.jpg"
                },
                {
                    "href": "10.jpg",
                    "text": " 10.jpg",
                    "imageUrl": "http://thewalkingdead-online.com/hq/albums/HQ/01%20-%20Dias%20Passados/05%20-%20Dias%20Passados/10.jpg"
                },
                {
                    "href": "11.jpg",
                    "text": " 11.jpg",
                    "imageUrl": "http://thewalkingdead-online.com/hq/albums/HQ/01%20-%20Dias%20Passados/05%20-%20Dias%20Passados/11.jpg"
                },
                {
                    "href": "12.jpg",
                    "text": " 12.jpg",
                    "imageUrl": "http://thewalkingdead-online.com/hq/albums/HQ/01%20-%20Dias%20Passados/05%20-%20Dias%20Passados/12.jpg"
                },
                {
                    "href": "13.jpg",
                    "text": " 13.jpg",
                    "imageUrl": "http://thewalkingdead-online.com/hq/albums/HQ/01%20-%20Dias%20Passados/05%20-%20Dias%20Passados/13.jpg"
                },
                {
                    "href": "14.jpg",
                    "text": " 14.jpg",
                    "imageUrl": "http://thewalkingdead-online.com/hq/albums/HQ/01%20-%20Dias%20Passados/05%20-%20Dias%20Passados/14.jpg"
                },
                {
                    "href": "15.jpg",
                    "text": " 15.jpg",
                    "imageUrl": "http://thewalkingdead-online.com/hq/albums/HQ/01%20-%20Dias%20Passados/05%20-%20Dias%20Passados/15.jpg"
                },
                {
                    "href": "16.jpg",
                    "text": " 16.jpg",
                    "imageUrl": "http://thewalkingdead-online.com/hq/albums/HQ/01%20-%20Dias%20Passados/05%20-%20Dias%20Passados/16.jpg"
                },
                {
                    "href": "17.jpg",
                    "text": " 17.jpg",
                    "imageUrl": "http://thewalkingdead-online.com/hq/albums/HQ/01%20-%20Dias%20Passados/05%20-%20Dias%20Passados/17.jpg"
                },
                {
                    "href": "18.jpg",
                    "text": " 18.jpg",
                    "imageUrl": "http://thewalkingdead-online.com/hq/albums/HQ/01%20-%20Dias%20Passados/05%20-%20Dias%20Passados/18.jpg"
                },
                {
                    "href": "19.jpg",
                    "text": " 19.jpg",
                    "imageUrl": "http://thewalkingdead-online.com/hq/albums/HQ/01%20-%20Dias%20Passados/05%20-%20Dias%20Passados/19.jpg"
                },
                {
                    "href": "20.jpg",
                    "text": " 20.jpg",
                    "imageUrl": "http://thewalkingdead-online.com/hq/albums/HQ/01%20-%20Dias%20Passados/05%20-%20Dias%20Passados/20.jpg"
                },
                {
                    "href": "21.jpg",
                    "text": " 21.jpg",
                    "imageUrl": "http://thewalkingdead-online.com/hq/albums/HQ/01%20-%20Dias%20Passados/05%20-%20Dias%20Passados/21.jpg"
                },
                {
                    "href": "22.jpg",
                    "text": " 22.jpg",
                    "imageUrl": "http://thewalkingdead-online.com/hq/albums/HQ/01%20-%20Dias%20Passados/05%20-%20Dias%20Passados/22.jpg"
                },
                {
                    "href": "23.jpg",
                    "text": " 23.jpg",
                    "imageUrl": "http://thewalkingdead-online.com/hq/albums/HQ/01%20-%20Dias%20Passados/05%20-%20Dias%20Passados/23.jpg"
                },
                {
                    "href": "24.jpg",
                    "text": " 24.jpg",
                    "imageUrl": "http://thewalkingdead-online.com/hq/albums/HQ/01%20-%20Dias%20Passados/05%20-%20Dias%20Passados/24.jpg"
                },
                {
                    "href": "01.jpg",
                    "text": " 01.jpg",
                    "imageUrl": "http://thewalkingdead-online.com/hq/albums/HQ/01%20-%20Dias%20Passados/05%20-%20Dias%20Passados/01.jpg"
                }
            ]
        },
        {
            "href": "06%20-%20Dias%20Passados/",
            "text": " 06 - Dias Passados/",
            "images": [
                {
                    "href": "00.jpg",
                    "text": " 00.jpg",
                    "imageUrl": "http://thewalkingdead-online.com/hq/albums/HQ/01%20-%20Dias%20Passados/06%20-%20Dias%20Passados/00.jpg"
                },
                {
                    "href": "02.jpg",
                    "text": " 02.jpg",
                    "imageUrl": "http://thewalkingdead-online.com/hq/albums/HQ/01%20-%20Dias%20Passados/06%20-%20Dias%20Passados/02.jpg"
                },
                {
                    "href": "03.jpg",
                    "text": " 03.jpg",
                    "imageUrl": "http://thewalkingdead-online.com/hq/albums/HQ/01%20-%20Dias%20Passados/06%20-%20Dias%20Passados/03.jpg"
                },
                {
                    "href": "04.jpg",
                    "text": " 04.jpg",
                    "imageUrl": "http://thewalkingdead-online.com/hq/albums/HQ/01%20-%20Dias%20Passados/06%20-%20Dias%20Passados/04.jpg"
                },
                {
                    "href": "05.jpg",
                    "text": " 05.jpg",
                    "imageUrl": "http://thewalkingdead-online.com/hq/albums/HQ/01%20-%20Dias%20Passados/06%20-%20Dias%20Passados/05.jpg"
                },
                {
                    "href": "06.jpg",
                    "text": " 06.jpg",
                    "imageUrl": "http://thewalkingdead-online.com/hq/albums/HQ/01%20-%20Dias%20Passados/06%20-%20Dias%20Passados/06.jpg"
                },
                {
                    "href": "07.jpg",
                    "text": " 07.jpg",
                    "imageUrl": "http://thewalkingdead-online.com/hq/albums/HQ/01%20-%20Dias%20Passados/06%20-%20Dias%20Passados/07.jpg"
                },
                {
                    "href": "08.jpg",
                    "text": " 08.jpg",
                    "imageUrl": "http://thewalkingdead-online.com/hq/albums/HQ/01%20-%20Dias%20Passados/06%20-%20Dias%20Passados/08.jpg"
                },
                {
                    "href": "09.jpg",
                    "text": " 09.jpg",
                    "imageUrl": "http://thewalkingdead-online.com/hq/albums/HQ/01%20-%20Dias%20Passados/06%20-%20Dias%20Passados/09.jpg"
                },
                {
                    "href": "10.jpg",
                    "text": " 10.jpg",
                    "imageUrl": "http://thewalkingdead-online.com/hq/albums/HQ/01%20-%20Dias%20Passados/06%20-%20Dias%20Passados/10.jpg"
                },
                {
                    "href": "11.jpg",
                    "text": " 11.jpg",
                    "imageUrl": "http://thewalkingdead-online.com/hq/albums/HQ/01%20-%20Dias%20Passados/06%20-%20Dias%20Passados/11.jpg"
                },
                {
                    "href": "12.jpg",
                    "text": " 12.jpg",
                    "imageUrl": "http://thewalkingdead-online.com/hq/albums/HQ/01%20-%20Dias%20Passados/06%20-%20Dias%20Passados/12.jpg"
                },
                {
                    "href": "13.jpg",
                    "text": " 13.jpg",
                    "imageUrl": "http://thewalkingdead-online.com/hq/albums/HQ/01%20-%20Dias%20Passados/06%20-%20Dias%20Passados/13.jpg"
                },
                {
                    "href": "14.jpg",
                    "text": " 14.jpg",
                    "imageUrl": "http://thewalkingdead-online.com/hq/albums/HQ/01%20-%20Dias%20Passados/06%20-%20Dias%20Passados/14.jpg"
                },
                {
                    "href": "15.jpg",
                    "text": " 15.jpg",
                    "imageUrl": "http://thewalkingdead-online.com/hq/albums/HQ/01%20-%20Dias%20Passados/06%20-%20Dias%20Passados/15.jpg"
                },
                {
                    "href": "16.jpg",
                    "text": " 16.jpg",
                    "imageUrl": "http://thewalkingdead-online.com/hq/albums/HQ/01%20-%20Dias%20Passados/06%20-%20Dias%20Passados/16.jpg"
                },
                {
                    "href": "17.jpg",
                    "text": " 17.jpg",
                    "imageUrl": "http://thewalkingdead-online.com/hq/albums/HQ/01%20-%20Dias%20Passados/06%20-%20Dias%20Passados/17.jpg"
                },
                {
                    "href": "18.jpg",
                    "text": " 18.jpg",
                    "imageUrl": "http://thewalkingdead-online.com/hq/albums/HQ/01%20-%20Dias%20Passados/06%20-%20Dias%20Passados/18.jpg"
                },
                {
                    "href": "19.jpg",
                    "text": " 19.jpg",
                    "imageUrl": "http://thewalkingdead-online.com/hq/albums/HQ/01%20-%20Dias%20Passados/06%20-%20Dias%20Passados/19.jpg"
                },
                {
                    "href": "20.jpg",
                    "text": " 20.jpg",
                    "imageUrl": "http://thewalkingdead-online.com/hq/albums/HQ/01%20-%20Dias%20Passados/06%20-%20Dias%20Passados/20.jpg"
                },
                {
                    "href": "21.jpg",
                    "text": " 21.jpg",
                    "imageUrl": "http://thewalkingdead-online.com/hq/albums/HQ/01%20-%20Dias%20Passados/06%20-%20Dias%20Passados/21.jpg"
                },
                {
                    "href": "22.jpg",
                    "text": " 22.jpg",
                    "imageUrl": "http://thewalkingdead-online.com/hq/albums/HQ/01%20-%20Dias%20Passados/06%20-%20Dias%20Passados/22.jpg"
                },
                {
                    "href": "23.jpg",
                    "text": " 23.jpg",
                    "imageUrl": "http://thewalkingdead-online.com/hq/albums/HQ/01%20-%20Dias%20Passados/06%20-%20Dias%20Passados/23.jpg"
                },
                {
                    "href": "01.jpg",
                    "text": " 01.jpg",
                    "imageUrl": "http://thewalkingdead-online.com/hq/albums/HQ/01%20-%20Dias%20Passados/06%20-%20Dias%20Passados/01.jpg"
                }
            ]
        }
    ]
}