{
    "href": "10%20-%20O%20Que%20Nos%20Tornamos/",
    "text": " 10 - O Que Nos Tornamos/",
    "chapters": [
        {
            "href": "55%20-%20O%20Que%20Nos%20Tornamos/",
            "text": " 55 - O Que Nos Tornamos/",
            "images": [
                {
                    "href": "01.jpg",
                    "text": " 01.jpg",
                    "imageUrl": "http://thewalkingdead-online.com/hq/albums/HQ/10%20-%20O%20Que%20Nos%20Tornamos/55%20-%20O%20Que%20Nos%20Tornamos/01.jpg"
                },
                {
                    "href": "02.jpg",
                    "text": " 02.jpg",
                    "imageUrl": "http://thewalkingdead-online.com/hq/albums/HQ/10%20-%20O%20Que%20Nos%20Tornamos/55%20-%20O%20Que%20Nos%20Tornamos/02.jpg"
                },
                {
                    "href": "03.jpg",
                    "text": " 03.jpg",
                    "imageUrl": "http://thewalkingdead-online.com/hq/albums/HQ/10%20-%20O%20Que%20Nos%20Tornamos/55%20-%20O%20Que%20Nos%20Tornamos/03.jpg"
                },
                {
                    "href": "04.jpg",
                    "text": " 04.jpg",
                    "imageUrl": "http://thewalkingdead-online.com/hq/albums/HQ/10%20-%20O%20Que%20Nos%20Tornamos/55%20-%20O%20Que%20Nos%20Tornamos/04.jpg"
                },
                {
                    "href": "05.jpg",
                    "text": " 05.jpg",
                    "imageUrl": "http://thewalkingdead-online.com/hq/albums/HQ/10%20-%20O%20Que%20Nos%20Tornamos/55%20-%20O%20Que%20Nos%20Tornamos/05.jpg"
                },
                {
                    "href": "06.jpg",
                    "text": " 06.jpg",
                    "imageUrl": "http://thewalkingdead-online.com/hq/albums/HQ/10%20-%20O%20Que%20Nos%20Tornamos/55%20-%20O%20Que%20Nos%20Tornamos/06.jpg"
                },
                {
                    "href": "07.jpg",
                    "text": " 07.jpg",
                    "imageUrl": "http://thewalkingdead-online.com/hq/albums/HQ/10%20-%20O%20Que%20Nos%20Tornamos/55%20-%20O%20Que%20Nos%20Tornamos/07.jpg"
                },
                {
                    "href": "08.jpg",
                    "text": " 08.jpg",
                    "imageUrl": "http://thewalkingdead-online.com/hq/albums/HQ/10%20-%20O%20Que%20Nos%20Tornamos/55%20-%20O%20Que%20Nos%20Tornamos/08.jpg"
                },
                {
                    "href": "09.jpg",
                    "text": " 09.jpg",
                    "imageUrl": "http://thewalkingdead-online.com/hq/albums/HQ/10%20-%20O%20Que%20Nos%20Tornamos/55%20-%20O%20Que%20Nos%20Tornamos/09.jpg"
                },
                {
                    "href": "10.jpg",
                    "text": " 10.jpg",
                    "imageUrl": "http://thewalkingdead-online.com/hq/albums/HQ/10%20-%20O%20Que%20Nos%20Tornamos/55%20-%20O%20Que%20Nos%20Tornamos/10.jpg"
                },
                {
                    "href": "11.jpg",
                    "text": " 11.jpg",
                    "imageUrl": "http://thewalkingdead-online.com/hq/albums/HQ/10%20-%20O%20Que%20Nos%20Tornamos/55%20-%20O%20Que%20Nos%20Tornamos/11.jpg"
                },
                {
                    "href": "12.jpg",
                    "text": " 12.jpg",
                    "imageUrl": "http://thewalkingdead-online.com/hq/albums/HQ/10%20-%20O%20Que%20Nos%20Tornamos/55%20-%20O%20Que%20Nos%20Tornamos/12.jpg"
                },
                {
                    "href": "13.jpg",
                    "text": " 13.jpg",
                    "imageUrl": "http://thewalkingdead-online.com/hq/albums/HQ/10%20-%20O%20Que%20Nos%20Tornamos/55%20-%20O%20Que%20Nos%20Tornamos/13.jpg"
                },
                {
                    "href": "14.jpg",
                    "text": " 14.jpg",
                    "imageUrl": "http://thewalkingdead-online.com/hq/albums/HQ/10%20-%20O%20Que%20Nos%20Tornamos/55%20-%20O%20Que%20Nos%20Tornamos/14.jpg"
                },
                {
                    "href": "15.jpg",
                    "text": " 15.jpg",
                    "imageUrl": "http://thewalkingdead-online.com/hq/albums/HQ/10%20-%20O%20Que%20Nos%20Tornamos/55%20-%20O%20Que%20Nos%20Tornamos/15.jpg"
                },
                {
                    "href": "16.jpg",
                    "text": " 16.jpg",
                    "imageUrl": "http://thewalkingdead-online.com/hq/albums/HQ/10%20-%20O%20Que%20Nos%20Tornamos/55%20-%20O%20Que%20Nos%20Tornamos/16.jpg"
                },
                {
                    "href": "17.jpg",
                    "text": " 17.jpg",
                    "imageUrl": "http://thewalkingdead-online.com/hq/albums/HQ/10%20-%20O%20Que%20Nos%20Tornamos/55%20-%20O%20Que%20Nos%20Tornamos/17.jpg"
                },
                {
                    "href": "18.jpg",
                    "text": " 18.jpg",
                    "imageUrl": "http://thewalkingdead-online.com/hq/albums/HQ/10%20-%20O%20Que%20Nos%20Tornamos/55%20-%20O%20Que%20Nos%20Tornamos/18.jpg"
                },
                {
                    "href": "19.jpg",
                    "text": " 19.jpg",
                    "imageUrl": "http://thewalkingdead-online.com/hq/albums/HQ/10%20-%20O%20Que%20Nos%20Tornamos/55%20-%20O%20Que%20Nos%20Tornamos/19.jpg"
                },
                {
                    "href": "20.jpg",
                    "text": " 20.jpg",
                    "imageUrl": "http://thewalkingdead-online.com/hq/albums/HQ/10%20-%20O%20Que%20Nos%20Tornamos/55%20-%20O%20Que%20Nos%20Tornamos/20.jpg"
                },
                {
                    "href": "21.jpg",
                    "text": " 21.jpg",
                    "imageUrl": "http://thewalkingdead-online.com/hq/albums/HQ/10%20-%20O%20Que%20Nos%20Tornamos/55%20-%20O%20Que%20Nos%20Tornamos/21.jpg"
                },
                {
                    "href": "22.jpg",
                    "text": " 22.jpg",
                    "imageUrl": "http://thewalkingdead-online.com/hq/albums/HQ/10%20-%20O%20Que%20Nos%20Tornamos/55%20-%20O%20Que%20Nos%20Tornamos/22.jpg"
                },
                {
                    "href": "23.jpg",
                    "text": " 23.jpg",
                    "imageUrl": "http://thewalkingdead-online.com/hq/albums/HQ/10%20-%20O%20Que%20Nos%20Tornamos/55%20-%20O%20Que%20Nos%20Tornamos/23.jpg"
                },
                {
                    "href": "24.jpg",
                    "text": " 24.jpg",
                    "imageUrl": "http://thewalkingdead-online.com/hq/albums/HQ/10%20-%20O%20Que%20Nos%20Tornamos/55%20-%20O%20Que%20Nos%20Tornamos/24.jpg"
                }
            ]
        },
        {
            "href": "56%20-%20O%20Que%20Nos%20Tornamos/",
            "text": " 56 - O Que Nos Tornamos/",
            "images": [
                {
                    "href": "01.jpg",
                    "text": " 01.jpg",
                    "imageUrl": "http://thewalkingdead-online.com/hq/albums/HQ/10%20-%20O%20Que%20Nos%20Tornamos/56%20-%20O%20Que%20Nos%20Tornamos/01.jpg"
                },
                {
                    "href": "02.jpg",
                    "text": " 02.jpg",
                    "imageUrl": "http://thewalkingdead-online.com/hq/albums/HQ/10%20-%20O%20Que%20Nos%20Tornamos/56%20-%20O%20Que%20Nos%20Tornamos/02.jpg"
                },
                {
                    "href": "03.jpg",
                    "text": " 03.jpg",
                    "imageUrl": "http://thewalkingdead-online.com/hq/albums/HQ/10%20-%20O%20Que%20Nos%20Tornamos/56%20-%20O%20Que%20Nos%20Tornamos/03.jpg"
                },
                {
                    "href": "04.jpg",
                    "text": " 04.jpg",
                    "imageUrl": "http://thewalkingdead-online.com/hq/albums/HQ/10%20-%20O%20Que%20Nos%20Tornamos/56%20-%20O%20Que%20Nos%20Tornamos/04.jpg"
                },
                {
                    "href": "05.jpg",
                    "text": " 05.jpg",
                    "imageUrl": "http://thewalkingdead-online.com/hq/albums/HQ/10%20-%20O%20Que%20Nos%20Tornamos/56%20-%20O%20Que%20Nos%20Tornamos/05.jpg"
                },
                {
                    "href": "06.jpg",
                    "text": " 06.jpg",
                    "imageUrl": "http://thewalkingdead-online.com/hq/albums/HQ/10%20-%20O%20Que%20Nos%20Tornamos/56%20-%20O%20Que%20Nos%20Tornamos/06.jpg"
                },
                {
                    "href": "07.jpg",
                    "text": " 07.jpg",
                    "imageUrl": "http://thewalkingdead-online.com/hq/albums/HQ/10%20-%20O%20Que%20Nos%20Tornamos/56%20-%20O%20Que%20Nos%20Tornamos/07.jpg"
                },
                {
                    "href": "08.jpg",
                    "text": " 08.jpg",
                    "imageUrl": "http://thewalkingdead-online.com/hq/albums/HQ/10%20-%20O%20Que%20Nos%20Tornamos/56%20-%20O%20Que%20Nos%20Tornamos/08.jpg"
                },
                {
                    "href": "09.jpg",
                    "text": " 09.jpg",
                    "imageUrl": "http://thewalkingdead-online.com/hq/albums/HQ/10%20-%20O%20Que%20Nos%20Tornamos/56%20-%20O%20Que%20Nos%20Tornamos/09.jpg"
                },
                {
                    "href": "10.jpg",
                    "text": " 10.jpg",
                    "imageUrl": "http://thewalkingdead-online.com/hq/albums/HQ/10%20-%20O%20Que%20Nos%20Tornamos/56%20-%20O%20Que%20Nos%20Tornamos/10.jpg"
                },
                {
                    "href": "11.jpg",
                    "text": " 11.jpg",
                    "imageUrl": "http://thewalkingdead-online.com/hq/albums/HQ/10%20-%20O%20Que%20Nos%20Tornamos/56%20-%20O%20Que%20Nos%20Tornamos/11.jpg"
                },
                {
                    "href": "12.jpg",
                    "text": " 12.jpg",
                    "imageUrl": "http://thewalkingdead-online.com/hq/albums/HQ/10%20-%20O%20Que%20Nos%20Tornamos/56%20-%20O%20Que%20Nos%20Tornamos/12.jpg"
                },
                {
                    "href": "13.jpg",
                    "text": " 13.jpg",
                    "imageUrl": "http://thewalkingdead-online.com/hq/albums/HQ/10%20-%20O%20Que%20Nos%20Tornamos/56%20-%20O%20Que%20Nos%20Tornamos/13.jpg"
                },
                {
                    "href": "14.jpg",
                    "text": " 14.jpg",
                    "imageUrl": "http://thewalkingdead-online.com/hq/albums/HQ/10%20-%20O%20Que%20Nos%20Tornamos/56%20-%20O%20Que%20Nos%20Tornamos/14.jpg"
                },
                {
                    "href": "15.jpg",
                    "text": " 15.jpg",
                    "imageUrl": "http://thewalkingdead-online.com/hq/albums/HQ/10%20-%20O%20Que%20Nos%20Tornamos/56%20-%20O%20Que%20Nos%20Tornamos/15.jpg"
                },
                {
                    "href": "16.jpg",
                    "text": " 16.jpg",
                    "imageUrl": "http://thewalkingdead-online.com/hq/albums/HQ/10%20-%20O%20Que%20Nos%20Tornamos/56%20-%20O%20Que%20Nos%20Tornamos/16.jpg"
                },
                {
                    "href": "17.jpg",
                    "text": " 17.jpg",
                    "imageUrl": "http://thewalkingdead-online.com/hq/albums/HQ/10%20-%20O%20Que%20Nos%20Tornamos/56%20-%20O%20Que%20Nos%20Tornamos/17.jpg"
                },
                {
                    "href": "18.jpg",
                    "text": " 18.jpg",
                    "imageUrl": "http://thewalkingdead-online.com/hq/albums/HQ/10%20-%20O%20Que%20Nos%20Tornamos/56%20-%20O%20Que%20Nos%20Tornamos/18.jpg"
                },
                {
                    "href": "19.jpg",
                    "text": " 19.jpg",
                    "imageUrl": "http://thewalkingdead-online.com/hq/albums/HQ/10%20-%20O%20Que%20Nos%20Tornamos/56%20-%20O%20Que%20Nos%20Tornamos/19.jpg"
                },
                {
                    "href": "20.jpg",
                    "text": " 20.jpg",
                    "imageUrl": "http://thewalkingdead-online.com/hq/albums/HQ/10%20-%20O%20Que%20Nos%20Tornamos/56%20-%20O%20Que%20Nos%20Tornamos/20.jpg"
                },
                {
                    "href": "21.jpg",
                    "text": " 21.jpg",
                    "imageUrl": "http://thewalkingdead-online.com/hq/albums/HQ/10%20-%20O%20Que%20Nos%20Tornamos/56%20-%20O%20Que%20Nos%20Tornamos/21.jpg"
                },
                {
                    "href": "22.jpg",
                    "text": " 22.jpg",
                    "imageUrl": "http://thewalkingdead-online.com/hq/albums/HQ/10%20-%20O%20Que%20Nos%20Tornamos/56%20-%20O%20Que%20Nos%20Tornamos/22.jpg"
                },
                {
                    "href": "23.jpg",
                    "text": " 23.jpg",
                    "imageUrl": "http://thewalkingdead-online.com/hq/albums/HQ/10%20-%20O%20Que%20Nos%20Tornamos/56%20-%20O%20Que%20Nos%20Tornamos/23.jpg"
                },
                {
                    "href": "24.jpg",
                    "text": " 24.jpg",
                    "imageUrl": "http://thewalkingdead-online.com/hq/albums/HQ/10%20-%20O%20Que%20Nos%20Tornamos/56%20-%20O%20Que%20Nos%20Tornamos/24.jpg"
                },
                {
                    "href": "26.jpg",
                    "text": " 26.jpg",
                    "imageUrl": "http://thewalkingdead-online.com/hq/albums/HQ/10%20-%20O%20Que%20Nos%20Tornamos/56%20-%20O%20Que%20Nos%20Tornamos/26.jpg"
                }
            ]
        },
        {
            "href": "57%20-%20O%20Que%20Nos%20Tornamos/",
            "text": " 57 - O Que Nos Tornamos/",
            "images": [
                {
                    "href": "01.jpg",
                    "text": " 01.jpg",
                    "imageUrl": "http://thewalkingdead-online.com/hq/albums/HQ/10%20-%20O%20Que%20Nos%20Tornamos/57%20-%20O%20Que%20Nos%20Tornamos/01.jpg"
                },
                {
                    "href": "02.jpg",
                    "text": " 02.jpg",
                    "imageUrl": "http://thewalkingdead-online.com/hq/albums/HQ/10%20-%20O%20Que%20Nos%20Tornamos/57%20-%20O%20Que%20Nos%20Tornamos/02.jpg"
                },
                {
                    "href": "03.jpg",
                    "text": " 03.jpg",
                    "imageUrl": "http://thewalkingdead-online.com/hq/albums/HQ/10%20-%20O%20Que%20Nos%20Tornamos/57%20-%20O%20Que%20Nos%20Tornamos/03.jpg"
                },
                {
                    "href": "04.jpg",
                    "text": " 04.jpg",
                    "imageUrl": "http://thewalkingdead-online.com/hq/albums/HQ/10%20-%20O%20Que%20Nos%20Tornamos/57%20-%20O%20Que%20Nos%20Tornamos/04.jpg"
                },
                {
                    "href": "06.jpg",
                    "text": " 06.jpg",
                    "imageUrl": "http://thewalkingdead-online.com/hq/albums/HQ/10%20-%20O%20Que%20Nos%20Tornamos/57%20-%20O%20Que%20Nos%20Tornamos/06.jpg"
                },
                {
                    "href": "07.jpg",
                    "text": " 07.jpg",
                    "imageUrl": "http://thewalkingdead-online.com/hq/albums/HQ/10%20-%20O%20Que%20Nos%20Tornamos/57%20-%20O%20Que%20Nos%20Tornamos/07.jpg"
                },
                {
                    "href": "08.jpg",
                    "text": " 08.jpg",
                    "imageUrl": "http://thewalkingdead-online.com/hq/albums/HQ/10%20-%20O%20Que%20Nos%20Tornamos/57%20-%20O%20Que%20Nos%20Tornamos/08.jpg"
                },
                {
                    "href": "09.jpg",
                    "text": " 09.jpg",
                    "imageUrl": "http://thewalkingdead-online.com/hq/albums/HQ/10%20-%20O%20Que%20Nos%20Tornamos/57%20-%20O%20Que%20Nos%20Tornamos/09.jpg"
                },
                {
                    "href": "10.jpg",
                    "text": " 10.jpg",
                    "imageUrl": "http://thewalkingdead-online.com/hq/albums/HQ/10%20-%20O%20Que%20Nos%20Tornamos/57%20-%20O%20Que%20Nos%20Tornamos/10.jpg"
                },
                {
                    "href": "11.jpg",
                    "text": " 11.jpg",
                    "imageUrl": "http://thewalkingdead-online.com/hq/albums/HQ/10%20-%20O%20Que%20Nos%20Tornamos/57%20-%20O%20Que%20Nos%20Tornamos/11.jpg"
                },
                {
                    "href": "12.jpg",
                    "text": " 12.jpg",
                    "imageUrl": "http://thewalkingdead-online.com/hq/albums/HQ/10%20-%20O%20Que%20Nos%20Tornamos/57%20-%20O%20Que%20Nos%20Tornamos/12.jpg"
                },
                {
                    "href": "13.jpg",
                    "text": " 13.jpg",
                    "imageUrl": "http://thewalkingdead-online.com/hq/albums/HQ/10%20-%20O%20Que%20Nos%20Tornamos/57%20-%20O%20Que%20Nos%20Tornamos/13.jpg"
                },
                {
                    "href": "14.jpg",
                    "text": " 14.jpg",
                    "imageUrl": "http://thewalkingdead-online.com/hq/albums/HQ/10%20-%20O%20Que%20Nos%20Tornamos/57%20-%20O%20Que%20Nos%20Tornamos/14.jpg"
                },
                {
                    "href": "15.jpg",
                    "text": " 15.jpg",
                    "imageUrl": "http://thewalkingdead-online.com/hq/albums/HQ/10%20-%20O%20Que%20Nos%20Tornamos/57%20-%20O%20Que%20Nos%20Tornamos/15.jpg"
                },
                {
                    "href": "16.jpg",
                    "text": " 16.jpg",
                    "imageUrl": "http://thewalkingdead-online.com/hq/albums/HQ/10%20-%20O%20Que%20Nos%20Tornamos/57%20-%20O%20Que%20Nos%20Tornamos/16.jpg"
                },
                {
                    "href": "17.jpg",
                    "text": " 17.jpg",
                    "imageUrl": "http://thewalkingdead-online.com/hq/albums/HQ/10%20-%20O%20Que%20Nos%20Tornamos/57%20-%20O%20Que%20Nos%20Tornamos/17.jpg"
                },
                {
                    "href": "18.jpg",
                    "text": " 18.jpg",
                    "imageUrl": "http://thewalkingdead-online.com/hq/albums/HQ/10%20-%20O%20Que%20Nos%20Tornamos/57%20-%20O%20Que%20Nos%20Tornamos/18.jpg"
                },
                {
                    "href": "19.jpg",
                    "text": " 19.jpg",
                    "imageUrl": "http://thewalkingdead-online.com/hq/albums/HQ/10%20-%20O%20Que%20Nos%20Tornamos/57%20-%20O%20Que%20Nos%20Tornamos/19.jpg"
                },
                {
                    "href": "20.jpg",
                    "text": " 20.jpg",
                    "imageUrl": "http://thewalkingdead-online.com/hq/albums/HQ/10%20-%20O%20Que%20Nos%20Tornamos/57%20-%20O%20Que%20Nos%20Tornamos/20.jpg"
                },
                {
                    "href": "21.jpg",
                    "text": " 21.jpg",
                    "imageUrl": "http://thewalkingdead-online.com/hq/albums/HQ/10%20-%20O%20Que%20Nos%20Tornamos/57%20-%20O%20Que%20Nos%20Tornamos/21.jpg"
                },
                {
                    "href": "22.jpg",
                    "text": " 22.jpg",
                    "imageUrl": "http://thewalkingdead-online.com/hq/albums/HQ/10%20-%20O%20Que%20Nos%20Tornamos/57%20-%20O%20Que%20Nos%20Tornamos/22.jpg"
                },
                {
                    "href": "23.jpg",
                    "text": " 23.jpg",
                    "imageUrl": "http://thewalkingdead-online.com/hq/albums/HQ/10%20-%20O%20Que%20Nos%20Tornamos/57%20-%20O%20Que%20Nos%20Tornamos/23.jpg"
                },
                {
                    "href": "24.jpg",
                    "text": " 24.jpg",
                    "imageUrl": "http://thewalkingdead-online.com/hq/albums/HQ/10%20-%20O%20Que%20Nos%20Tornamos/57%20-%20O%20Que%20Nos%20Tornamos/24.jpg"
                },
                {
                    "href": "26.jpg",
                    "text": " 26.jpg",
                    "imageUrl": "http://thewalkingdead-online.com/hq/albums/HQ/10%20-%20O%20Que%20Nos%20Tornamos/57%20-%20O%20Que%20Nos%20Tornamos/26.jpg"
                }
            ]
        },
        {
            "href": "58%20-%20O%20Que%20Nos%20Tornamos/",
            "text": " 58 - O Que Nos Tornamos/",
            "images": [
                {
                    "href": "01.jpg",
                    "text": " 01.jpg",
                    "imageUrl": "http://thewalkingdead-online.com/hq/albums/HQ/10%20-%20O%20Que%20Nos%20Tornamos/58%20-%20O%20Que%20Nos%20Tornamos/01.jpg"
                },
                {
                    "href": "02.jpg",
                    "text": " 02.jpg",
                    "imageUrl": "http://thewalkingdead-online.com/hq/albums/HQ/10%20-%20O%20Que%20Nos%20Tornamos/58%20-%20O%20Que%20Nos%20Tornamos/02.jpg"
                },
                {
                    "href": "03.jpg",
                    "text": " 03.jpg",
                    "imageUrl": "http://thewalkingdead-online.com/hq/albums/HQ/10%20-%20O%20Que%20Nos%20Tornamos/58%20-%20O%20Que%20Nos%20Tornamos/03.jpg"
                },
                {
                    "href": "04.jpg",
                    "text": " 04.jpg",
                    "imageUrl": "http://thewalkingdead-online.com/hq/albums/HQ/10%20-%20O%20Que%20Nos%20Tornamos/58%20-%20O%20Que%20Nos%20Tornamos/04.jpg"
                },
                {
                    "href": "05.jpg",
                    "text": " 05.jpg",
                    "imageUrl": "http://thewalkingdead-online.com/hq/albums/HQ/10%20-%20O%20Que%20Nos%20Tornamos/58%20-%20O%20Que%20Nos%20Tornamos/05.jpg"
                },
                {
                    "href": "06.jpg",
                    "text": " 06.jpg",
                    "imageUrl": "http://thewalkingdead-online.com/hq/albums/HQ/10%20-%20O%20Que%20Nos%20Tornamos/58%20-%20O%20Que%20Nos%20Tornamos/06.jpg"
                },
                {
                    "href": "07.jpg",
                    "text": " 07.jpg",
                    "imageUrl": "http://thewalkingdead-online.com/hq/albums/HQ/10%20-%20O%20Que%20Nos%20Tornamos/58%20-%20O%20Que%20Nos%20Tornamos/07.jpg"
                },
                {
                    "href": "08.jpg",
                    "text": " 08.jpg",
                    "imageUrl": "http://thewalkingdead-online.com/hq/albums/HQ/10%20-%20O%20Que%20Nos%20Tornamos/58%20-%20O%20Que%20Nos%20Tornamos/08.jpg"
                },
                {
                    "href": "09.jpg",
                    "text": " 09.jpg",
                    "imageUrl": "http://thewalkingdead-online.com/hq/albums/HQ/10%20-%20O%20Que%20Nos%20Tornamos/58%20-%20O%20Que%20Nos%20Tornamos/09.jpg"
                },
                {
                    "href": "10.jpg",
                    "text": " 10.jpg",
                    "imageUrl": "http://thewalkingdead-online.com/hq/albums/HQ/10%20-%20O%20Que%20Nos%20Tornamos/58%20-%20O%20Que%20Nos%20Tornamos/10.jpg"
                },
                {
                    "href": "11.jpg",
                    "text": " 11.jpg",
                    "imageUrl": "http://thewalkingdead-online.com/hq/albums/HQ/10%20-%20O%20Que%20Nos%20Tornamos/58%20-%20O%20Que%20Nos%20Tornamos/11.jpg"
                },
                {
                    "href": "12.jpg",
                    "text": " 12.jpg",
                    "imageUrl": "http://thewalkingdead-online.com/hq/albums/HQ/10%20-%20O%20Que%20Nos%20Tornamos/58%20-%20O%20Que%20Nos%20Tornamos/12.jpg"
                },
                {
                    "href": "13.jpg",
                    "text": " 13.jpg",
                    "imageUrl": "http://thewalkingdead-online.com/hq/albums/HQ/10%20-%20O%20Que%20Nos%20Tornamos/58%20-%20O%20Que%20Nos%20Tornamos/13.jpg"
                },
                {
                    "href": "14.jpg",
                    "text": " 14.jpg",
                    "imageUrl": "http://thewalkingdead-online.com/hq/albums/HQ/10%20-%20O%20Que%20Nos%20Tornamos/58%20-%20O%20Que%20Nos%20Tornamos/14.jpg"
                },
                {
                    "href": "15.jpg",
                    "text": " 15.jpg",
                    "imageUrl": "http://thewalkingdead-online.com/hq/albums/HQ/10%20-%20O%20Que%20Nos%20Tornamos/58%20-%20O%20Que%20Nos%20Tornamos/15.jpg"
                },
                {
                    "href": "16.jpg",
                    "text": " 16.jpg",
                    "imageUrl": "http://thewalkingdead-online.com/hq/albums/HQ/10%20-%20O%20Que%20Nos%20Tornamos/58%20-%20O%20Que%20Nos%20Tornamos/16.jpg"
                },
                {
                    "href": "17.jpg",
                    "text": " 17.jpg",
                    "imageUrl": "http://thewalkingdead-online.com/hq/albums/HQ/10%20-%20O%20Que%20Nos%20Tornamos/58%20-%20O%20Que%20Nos%20Tornamos/17.jpg"
                },
                {
                    "href": "18.jpg",
                    "text": " 18.jpg",
                    "imageUrl": "http://thewalkingdead-online.com/hq/albums/HQ/10%20-%20O%20Que%20Nos%20Tornamos/58%20-%20O%20Que%20Nos%20Tornamos/18.jpg"
                },
                {
                    "href": "19.jpg",
                    "text": " 19.jpg",
                    "imageUrl": "http://thewalkingdead-online.com/hq/albums/HQ/10%20-%20O%20Que%20Nos%20Tornamos/58%20-%20O%20Que%20Nos%20Tornamos/19.jpg"
                },
                {
                    "href": "20.jpg",
                    "text": " 20.jpg",
                    "imageUrl": "http://thewalkingdead-online.com/hq/albums/HQ/10%20-%20O%20Que%20Nos%20Tornamos/58%20-%20O%20Que%20Nos%20Tornamos/20.jpg"
                },
                {
                    "href": "21.jpg",
                    "text": " 21.jpg",
                    "imageUrl": "http://thewalkingdead-online.com/hq/albums/HQ/10%20-%20O%20Que%20Nos%20Tornamos/58%20-%20O%20Que%20Nos%20Tornamos/21.jpg"
                },
                {
                    "href": "22.jpg",
                    "text": " 22.jpg",
                    "imageUrl": "http://thewalkingdead-online.com/hq/albums/HQ/10%20-%20O%20Que%20Nos%20Tornamos/58%20-%20O%20Que%20Nos%20Tornamos/22.jpg"
                },
                {
                    "href": "23.jpg",
                    "text": " 23.jpg",
                    "imageUrl": "http://thewalkingdead-online.com/hq/albums/HQ/10%20-%20O%20Que%20Nos%20Tornamos/58%20-%20O%20Que%20Nos%20Tornamos/23.jpg"
                },
                {
                    "href": "24.jpg",
                    "text": " 24.jpg",
                    "imageUrl": "http://thewalkingdead-online.com/hq/albums/HQ/10%20-%20O%20Que%20Nos%20Tornamos/58%20-%20O%20Que%20Nos%20Tornamos/24.jpg"
                },
                {
                    "href": "25.jpg",
                    "text": " 25.jpg",
                    "imageUrl": "http://thewalkingdead-online.com/hq/albums/HQ/10%20-%20O%20Que%20Nos%20Tornamos/58%20-%20O%20Que%20Nos%20Tornamos/25.jpg"
                },
                {
                    "href": "26.jpg",
                    "text": " 26.jpg",
                    "imageUrl": "http://thewalkingdead-online.com/hq/albums/HQ/10%20-%20O%20Que%20Nos%20Tornamos/58%20-%20O%20Que%20Nos%20Tornamos/26.jpg"
                }
            ]
        },
        {
            "href": "59%20-%20O%20Que%20Nos%20Tornamos/",
            "text": " 59 - O Que Nos Tornamos/",
            "images": [
                {
                    "href": "01.jpg",
                    "text": " 01.jpg",
                    "imageUrl": "http://thewalkingdead-online.com/hq/albums/HQ/10%20-%20O%20Que%20Nos%20Tornamos/59%20-%20O%20Que%20Nos%20Tornamos/01.jpg"
                },
                {
                    "href": "02.jpg",
                    "text": " 02.jpg",
                    "imageUrl": "http://thewalkingdead-online.com/hq/albums/HQ/10%20-%20O%20Que%20Nos%20Tornamos/59%20-%20O%20Que%20Nos%20Tornamos/02.jpg"
                },
                {
                    "href": "03.jpg",
                    "text": " 03.jpg",
                    "imageUrl": "http://thewalkingdead-online.com/hq/albums/HQ/10%20-%20O%20Que%20Nos%20Tornamos/59%20-%20O%20Que%20Nos%20Tornamos/03.jpg"
                },
                {
                    "href": "04.jpg",
                    "text": " 04.jpg",
                    "imageUrl": "http://thewalkingdead-online.com/hq/albums/HQ/10%20-%20O%20Que%20Nos%20Tornamos/59%20-%20O%20Que%20Nos%20Tornamos/04.jpg"
                },
                {
                    "href": "05.jpg",
                    "text": " 05.jpg",
                    "imageUrl": "http://thewalkingdead-online.com/hq/albums/HQ/10%20-%20O%20Que%20Nos%20Tornamos/59%20-%20O%20Que%20Nos%20Tornamos/05.jpg"
                },
                {
                    "href": "06.jpg",
                    "text": " 06.jpg",
                    "imageUrl": "http://thewalkingdead-online.com/hq/albums/HQ/10%20-%20O%20Que%20Nos%20Tornamos/59%20-%20O%20Que%20Nos%20Tornamos/06.jpg"
                },
                {
                    "href": "07.jpg",
                    "text": " 07.jpg",
                    "imageUrl": "http://thewalkingdead-online.com/hq/albums/HQ/10%20-%20O%20Que%20Nos%20Tornamos/59%20-%20O%20Que%20Nos%20Tornamos/07.jpg"
                },
                {
                    "href": "08.jpg",
                    "text": " 08.jpg",
                    "imageUrl": "http://thewalkingdead-online.com/hq/albums/HQ/10%20-%20O%20Que%20Nos%20Tornamos/59%20-%20O%20Que%20Nos%20Tornamos/08.jpg"
                },
                {
                    "href": "09.jpg",
                    "text": " 09.jpg",
                    "imageUrl": "http://thewalkingdead-online.com/hq/albums/HQ/10%20-%20O%20Que%20Nos%20Tornamos/59%20-%20O%20Que%20Nos%20Tornamos/09.jpg"
                },
                {
                    "href": "10.jpg",
                    "text": " 10.jpg",
                    "imageUrl": "http://thewalkingdead-online.com/hq/albums/HQ/10%20-%20O%20Que%20Nos%20Tornamos/59%20-%20O%20Que%20Nos%20Tornamos/10.jpg"
                },
                {
                    "href": "11.jpg",
                    "text": " 11.jpg",
                    "imageUrl": "http://thewalkingdead-online.com/hq/albums/HQ/10%20-%20O%20Que%20Nos%20Tornamos/59%20-%20O%20Que%20Nos%20Tornamos/11.jpg"
                },
                {
                    "href": "12.jpg",
                    "text": " 12.jpg",
                    "imageUrl": "http://thewalkingdead-online.com/hq/albums/HQ/10%20-%20O%20Que%20Nos%20Tornamos/59%20-%20O%20Que%20Nos%20Tornamos/12.jpg"
                },
                {
                    "href": "13.jpg",
                    "text": " 13.jpg",
                    "imageUrl": "http://thewalkingdead-online.com/hq/albums/HQ/10%20-%20O%20Que%20Nos%20Tornamos/59%20-%20O%20Que%20Nos%20Tornamos/13.jpg"
                },
                {
                    "href": "14.jpg",
                    "text": " 14.jpg",
                    "imageUrl": "http://thewalkingdead-online.com/hq/albums/HQ/10%20-%20O%20Que%20Nos%20Tornamos/59%20-%20O%20Que%20Nos%20Tornamos/14.jpg"
                },
                {
                    "href": "15.jpg",
                    "text": " 15.jpg",
                    "imageUrl": "http://thewalkingdead-online.com/hq/albums/HQ/10%20-%20O%20Que%20Nos%20Tornamos/59%20-%20O%20Que%20Nos%20Tornamos/15.jpg"
                },
                {
                    "href": "16.jpg",
                    "text": " 16.jpg",
                    "imageUrl": "http://thewalkingdead-online.com/hq/albums/HQ/10%20-%20O%20Que%20Nos%20Tornamos/59%20-%20O%20Que%20Nos%20Tornamos/16.jpg"
                },
                {
                    "href": "18.jpg",
                    "text": " 18.jpg",
                    "imageUrl": "http://thewalkingdead-online.com/hq/albums/HQ/10%20-%20O%20Que%20Nos%20Tornamos/59%20-%20O%20Que%20Nos%20Tornamos/18.jpg"
                },
                {
                    "href": "19.jpg",
                    "text": " 19.jpg",
                    "imageUrl": "http://thewalkingdead-online.com/hq/albums/HQ/10%20-%20O%20Que%20Nos%20Tornamos/59%20-%20O%20Que%20Nos%20Tornamos/19.jpg"
                },
                {
                    "href": "20.jpg",
                    "text": " 20.jpg",
                    "imageUrl": "http://thewalkingdead-online.com/hq/albums/HQ/10%20-%20O%20Que%20Nos%20Tornamos/59%20-%20O%20Que%20Nos%20Tornamos/20.jpg"
                },
                {
                    "href": "21.jpg",
                    "text": " 21.jpg",
                    "imageUrl": "http://thewalkingdead-online.com/hq/albums/HQ/10%20-%20O%20Que%20Nos%20Tornamos/59%20-%20O%20Que%20Nos%20Tornamos/21.jpg"
                },
                {
                    "href": "22.jpg",
                    "text": " 22.jpg",
                    "imageUrl": "http://thewalkingdead-online.com/hq/albums/HQ/10%20-%20O%20Que%20Nos%20Tornamos/59%20-%20O%20Que%20Nos%20Tornamos/22.jpg"
                },
                {
                    "href": "23.jpg",
                    "text": " 23.jpg",
                    "imageUrl": "http://thewalkingdead-online.com/hq/albums/HQ/10%20-%20O%20Que%20Nos%20Tornamos/59%20-%20O%20Que%20Nos%20Tornamos/23.jpg"
                },
                {
                    "href": "24.jpg",
                    "text": " 24.jpg",
                    "imageUrl": "http://thewalkingdead-online.com/hq/albums/HQ/10%20-%20O%20Que%20Nos%20Tornamos/59%20-%20O%20Que%20Nos%20Tornamos/24.jpg"
                },
                {
                    "href": "25.jpg",
                    "text": " 25.jpg",
                    "imageUrl": "http://thewalkingdead-online.com/hq/albums/HQ/10%20-%20O%20Que%20Nos%20Tornamos/59%20-%20O%20Que%20Nos%20Tornamos/25.jpg"
                },
                {
                    "href": "26.jpg",
                    "text": " 26.jpg",
                    "imageUrl": "http://thewalkingdead-online.com/hq/albums/HQ/10%20-%20O%20Que%20Nos%20Tornamos/59%20-%20O%20Que%20Nos%20Tornamos/26.jpg"
                },
                {
                    "href": "27.jpg",
                    "text": " 27.jpg",
                    "imageUrl": "http://thewalkingdead-online.com/hq/albums/HQ/10%20-%20O%20Que%20Nos%20Tornamos/59%20-%20O%20Que%20Nos%20Tornamos/27.jpg"
                }
            ]
        },
        {
            "href": "60%20-%20O%20Que%20Nos%20Tornamos/",
            "text": " 60 - O Que Nos Tornamos/",
            "images": [
                {
                    "href": "00.jpg",
                    "text": " 00.jpg",
                    "imageUrl": "http://thewalkingdead-online.com/hq/albums/HQ/10%20-%20O%20Que%20Nos%20Tornamos/60%20-%20O%20Que%20Nos%20Tornamos/00.jpg"
                },
                {
                    "href": "01.jpg",
                    "text": " 01.jpg",
                    "imageUrl": "http://thewalkingdead-online.com/hq/albums/HQ/10%20-%20O%20Que%20Nos%20Tornamos/60%20-%20O%20Que%20Nos%20Tornamos/01.jpg"
                },
                {
                    "href": "02.jpg",
                    "text": " 02.jpg",
                    "imageUrl": "http://thewalkingdead-online.com/hq/albums/HQ/10%20-%20O%20Que%20Nos%20Tornamos/60%20-%20O%20Que%20Nos%20Tornamos/02.jpg"
                },
                {
                    "href": "03.jpg",
                    "text": " 03.jpg",
                    "imageUrl": "http://thewalkingdead-online.com/hq/albums/HQ/10%20-%20O%20Que%20Nos%20Tornamos/60%20-%20O%20Que%20Nos%20Tornamos/03.jpg"
                },
                {
                    "href": "04.jpg",
                    "text": " 04.jpg",
                    "imageUrl": "http://thewalkingdead-online.com/hq/albums/HQ/10%20-%20O%20Que%20Nos%20Tornamos/60%20-%20O%20Que%20Nos%20Tornamos/04.jpg"
                },
                {
                    "href": "05.jpg",
                    "text": " 05.jpg",
                    "imageUrl": "http://thewalkingdead-online.com/hq/albums/HQ/10%20-%20O%20Que%20Nos%20Tornamos/60%20-%20O%20Que%20Nos%20Tornamos/05.jpg"
                },
                {
                    "href": "06.jpg",
                    "text": " 06.jpg",
                    "imageUrl": "http://thewalkingdead-online.com/hq/albums/HQ/10%20-%20O%20Que%20Nos%20Tornamos/60%20-%20O%20Que%20Nos%20Tornamos/06.jpg"
                },
                {
                    "href": "07.jpg",
                    "text": " 07.jpg",
                    "imageUrl": "http://thewalkingdead-online.com/hq/albums/HQ/10%20-%20O%20Que%20Nos%20Tornamos/60%20-%20O%20Que%20Nos%20Tornamos/07.jpg"
                },
                {
                    "href": "08.jpg",
                    "text": " 08.jpg",
                    "imageUrl": "http://thewalkingdead-online.com/hq/albums/HQ/10%20-%20O%20Que%20Nos%20Tornamos/60%20-%20O%20Que%20Nos%20Tornamos/08.jpg"
                },
                {
                    "href": "09.jpg",
                    "text": " 09.jpg",
                    "imageUrl": "http://thewalkingdead-online.com/hq/albums/HQ/10%20-%20O%20Que%20Nos%20Tornamos/60%20-%20O%20Que%20Nos%20Tornamos/09.jpg"
                },
                {
                    "href": "10.jpg",
                    "text": " 10.jpg",
                    "imageUrl": "http://thewalkingdead-online.com/hq/albums/HQ/10%20-%20O%20Que%20Nos%20Tornamos/60%20-%20O%20Que%20Nos%20Tornamos/10.jpg"
                },
                {
                    "href": "11.jpg",
                    "text": " 11.jpg",
                    "imageUrl": "http://thewalkingdead-online.com/hq/albums/HQ/10%20-%20O%20Que%20Nos%20Tornamos/60%20-%20O%20Que%20Nos%20Tornamos/11.jpg"
                },
                {
                    "href": "12.jpg",
                    "text": " 12.jpg",
                    "imageUrl": "http://thewalkingdead-online.com/hq/albums/HQ/10%20-%20O%20Que%20Nos%20Tornamos/60%20-%20O%20Que%20Nos%20Tornamos/12.jpg"
                },
                {
                    "href": "13.jpg",
                    "text": " 13.jpg",
                    "imageUrl": "http://thewalkingdead-online.com/hq/albums/HQ/10%20-%20O%20Que%20Nos%20Tornamos/60%20-%20O%20Que%20Nos%20Tornamos/13.jpg"
                },
                {
                    "href": "14.jpg",
                    "text": " 14.jpg",
                    "imageUrl": "http://thewalkingdead-online.com/hq/albums/HQ/10%20-%20O%20Que%20Nos%20Tornamos/60%20-%20O%20Que%20Nos%20Tornamos/14.jpg"
                },
                {
                    "href": "15.jpg",
                    "text": " 15.jpg",
                    "imageUrl": "http://thewalkingdead-online.com/hq/albums/HQ/10%20-%20O%20Que%20Nos%20Tornamos/60%20-%20O%20Que%20Nos%20Tornamos/15.jpg"
                },
                {
                    "href": "16.jpg",
                    "text": " 16.jpg",
                    "imageUrl": "http://thewalkingdead-online.com/hq/albums/HQ/10%20-%20O%20Que%20Nos%20Tornamos/60%20-%20O%20Que%20Nos%20Tornamos/16.jpg"
                },
                {
                    "href": "17.jpg",
                    "text": " 17.jpg",
                    "imageUrl": "http://thewalkingdead-online.com/hq/albums/HQ/10%20-%20O%20Que%20Nos%20Tornamos/60%20-%20O%20Que%20Nos%20Tornamos/17.jpg"
                },
                {
                    "href": "18.jpg",
                    "text": " 18.jpg",
                    "imageUrl": "http://thewalkingdead-online.com/hq/albums/HQ/10%20-%20O%20Que%20Nos%20Tornamos/60%20-%20O%20Que%20Nos%20Tornamos/18.jpg"
                },
                {
                    "href": "19.jpg",
                    "text": " 19.jpg",
                    "imageUrl": "http://thewalkingdead-online.com/hq/albums/HQ/10%20-%20O%20Que%20Nos%20Tornamos/60%20-%20O%20Que%20Nos%20Tornamos/19.jpg"
                },
                {
                    "href": "20.jpg",
                    "text": " 20.jpg",
                    "imageUrl": "http://thewalkingdead-online.com/hq/albums/HQ/10%20-%20O%20Que%20Nos%20Tornamos/60%20-%20O%20Que%20Nos%20Tornamos/20.jpg"
                },
                {
                    "href": "21.jpg",
                    "text": " 21.jpg",
                    "imageUrl": "http://thewalkingdead-online.com/hq/albums/HQ/10%20-%20O%20Que%20Nos%20Tornamos/60%20-%20O%20Que%20Nos%20Tornamos/21.jpg"
                },
                {
                    "href": "22.jpg",
                    "text": " 22.jpg",
                    "imageUrl": "http://thewalkingdead-online.com/hq/albums/HQ/10%20-%20O%20Que%20Nos%20Tornamos/60%20-%20O%20Que%20Nos%20Tornamos/22.jpg"
                },
                {
                    "href": "23.JPG",
                    "text": " 23.JPG",
                    "imageUrl": "http://thewalkingdead-online.com/hq/albums/HQ/10%20-%20O%20Que%20Nos%20Tornamos/60%20-%20O%20Que%20Nos%20Tornamos/23.JPG"
                },
                {
                    "href": "24.JPG",
                    "text": " 24.JPG",
                    "imageUrl": "http://thewalkingdead-online.com/hq/albums/HQ/10%20-%20O%20Que%20Nos%20Tornamos/60%20-%20O%20Que%20Nos%20Tornamos/24.JPG"
                },
                {
                    "href": "25.JPG",
                    "text": " 25.JPG",
                    "imageUrl": "http://thewalkingdead-online.com/hq/albums/HQ/10%20-%20O%20Que%20Nos%20Tornamos/60%20-%20O%20Que%20Nos%20Tornamos/25.JPG"
                },
                {
                    "href": "26.JPG",
                    "text": " 26.JPG",
                    "imageUrl": "http://thewalkingdead-online.com/hq/albums/HQ/10%20-%20O%20Que%20Nos%20Tornamos/60%20-%20O%20Que%20Nos%20Tornamos/26.JPG"
                },
                {
                    "href": "27.jpg",
                    "text": " 27.jpg",
                    "imageUrl": "http://thewalkingdead-online.com/hq/albums/HQ/10%20-%20O%20Que%20Nos%20Tornamos/60%20-%20O%20Que%20Nos%20Tornamos/27.jpg"
                }
            ]
        }
    ]
}