{
    "href": "11%20-%20Tema%20Os%20Cacadores/",
    "text": " 11 - Tema Os Cacadores/",
    "chapters": [
        {
            "href": "61%20-%20Tema%20Os%20Cacadores/",
            "text": " 61 - Tema Os Cacadores/",
            "images": [
                {
                    "href": "001.jpg",
                    "text": " 001.jpg",
                    "imageUrl": "http://thewalkingdead-online.com/hq/albums/HQ/11%20-%20Tema%20Os%20Cacadores/61%20-%20Tema%20Os%20Cacadores/001.jpg"
                },
                {
                    "href": "002.jpg",
                    "text": " 002.jpg",
                    "imageUrl": "http://thewalkingdead-online.com/hq/albums/HQ/11%20-%20Tema%20Os%20Cacadores/61%20-%20Tema%20Os%20Cacadores/002.jpg"
                },
                {
                    "href": "003.jpg",
                    "text": " 003.jpg",
                    "imageUrl": "http://thewalkingdead-online.com/hq/albums/HQ/11%20-%20Tema%20Os%20Cacadores/61%20-%20Tema%20Os%20Cacadores/003.jpg"
                },
                {
                    "href": "004.jpg",
                    "text": " 004.jpg",
                    "imageUrl": "http://thewalkingdead-online.com/hq/albums/HQ/11%20-%20Tema%20Os%20Cacadores/61%20-%20Tema%20Os%20Cacadores/004.jpg"
                },
                {
                    "href": "005.jpg",
                    "text": " 005.jpg",
                    "imageUrl": "http://thewalkingdead-online.com/hq/albums/HQ/11%20-%20Tema%20Os%20Cacadores/61%20-%20Tema%20Os%20Cacadores/005.jpg"
                },
                {
                    "href": "006.jpg",
                    "text": " 006.jpg",
                    "imageUrl": "http://thewalkingdead-online.com/hq/albums/HQ/11%20-%20Tema%20Os%20Cacadores/61%20-%20Tema%20Os%20Cacadores/006.jpg"
                },
                {
                    "href": "007.jpg",
                    "text": " 007.jpg",
                    "imageUrl": "http://thewalkingdead-online.com/hq/albums/HQ/11%20-%20Tema%20Os%20Cacadores/61%20-%20Tema%20Os%20Cacadores/007.jpg"
                },
                {
                    "href": "008.jpg",
                    "text": " 008.jpg",
                    "imageUrl": "http://thewalkingdead-online.com/hq/albums/HQ/11%20-%20Tema%20Os%20Cacadores/61%20-%20Tema%20Os%20Cacadores/008.jpg"
                },
                {
                    "href": "009.jpg",
                    "text": " 009.jpg",
                    "imageUrl": "http://thewalkingdead-online.com/hq/albums/HQ/11%20-%20Tema%20Os%20Cacadores/61%20-%20Tema%20Os%20Cacadores/009.jpg"
                },
                {
                    "href": "010.jpg",
                    "text": " 010.jpg",
                    "imageUrl": "http://thewalkingdead-online.com/hq/albums/HQ/11%20-%20Tema%20Os%20Cacadores/61%20-%20Tema%20Os%20Cacadores/010.jpg"
                },
                {
                    "href": "011.jpg",
                    "text": " 011.jpg",
                    "imageUrl": "http://thewalkingdead-online.com/hq/albums/HQ/11%20-%20Tema%20Os%20Cacadores/61%20-%20Tema%20Os%20Cacadores/011.jpg"
                },
                {
                    "href": "012.jpg",
                    "text": " 012.jpg",
                    "imageUrl": "http://thewalkingdead-online.com/hq/albums/HQ/11%20-%20Tema%20Os%20Cacadores/61%20-%20Tema%20Os%20Cacadores/012.jpg"
                },
                {
                    "href": "013.jpg",
                    "text": " 013.jpg",
                    "imageUrl": "http://thewalkingdead-online.com/hq/albums/HQ/11%20-%20Tema%20Os%20Cacadores/61%20-%20Tema%20Os%20Cacadores/013.jpg"
                },
                {
                    "href": "014.jpg",
                    "text": " 014.jpg",
                    "imageUrl": "http://thewalkingdead-online.com/hq/albums/HQ/11%20-%20Tema%20Os%20Cacadores/61%20-%20Tema%20Os%20Cacadores/014.jpg"
                },
                {
                    "href": "015.jpg",
                    "text": " 015.jpg",
                    "imageUrl": "http://thewalkingdead-online.com/hq/albums/HQ/11%20-%20Tema%20Os%20Cacadores/61%20-%20Tema%20Os%20Cacadores/015.jpg"
                },
                {
                    "href": "016.jpg",
                    "text": " 016.jpg",
                    "imageUrl": "http://thewalkingdead-online.com/hq/albums/HQ/11%20-%20Tema%20Os%20Cacadores/61%20-%20Tema%20Os%20Cacadores/016.jpg"
                },
                {
                    "href": "017.jpg",
                    "text": " 017.jpg",
                    "imageUrl": "http://thewalkingdead-online.com/hq/albums/HQ/11%20-%20Tema%20Os%20Cacadores/61%20-%20Tema%20Os%20Cacadores/017.jpg"
                },
                {
                    "href": "018.jpg",
                    "text": " 018.jpg",
                    "imageUrl": "http://thewalkingdead-online.com/hq/albums/HQ/11%20-%20Tema%20Os%20Cacadores/61%20-%20Tema%20Os%20Cacadores/018.jpg"
                },
                {
                    "href": "019.jpg",
                    "text": " 019.jpg",
                    "imageUrl": "http://thewalkingdead-online.com/hq/albums/HQ/11%20-%20Tema%20Os%20Cacadores/61%20-%20Tema%20Os%20Cacadores/019.jpg"
                },
                {
                    "href": "020.jpg",
                    "text": " 020.jpg",
                    "imageUrl": "http://thewalkingdead-online.com/hq/albums/HQ/11%20-%20Tema%20Os%20Cacadores/61%20-%20Tema%20Os%20Cacadores/020.jpg"
                },
                {
                    "href": "021.jpg",
                    "text": " 021.jpg",
                    "imageUrl": "http://thewalkingdead-online.com/hq/albums/HQ/11%20-%20Tema%20Os%20Cacadores/61%20-%20Tema%20Os%20Cacadores/021.jpg"
                },
                {
                    "href": "022.jpg",
                    "text": " 022.jpg",
                    "imageUrl": "http://thewalkingdead-online.com/hq/albums/HQ/11%20-%20Tema%20Os%20Cacadores/61%20-%20Tema%20Os%20Cacadores/022.jpg"
                },
                {
                    "href": "023.jpg",
                    "text": " 023.jpg",
                    "imageUrl": "http://thewalkingdead-online.com/hq/albums/HQ/11%20-%20Tema%20Os%20Cacadores/61%20-%20Tema%20Os%20Cacadores/023.jpg"
                },
                {
                    "href": "024.jpg",
                    "text": " 024.jpg",
                    "imageUrl": "http://thewalkingdead-online.com/hq/albums/HQ/11%20-%20Tema%20Os%20Cacadores/61%20-%20Tema%20Os%20Cacadores/024.jpg"
                },
                {
                    "href": "026.jpg",
                    "text": " 026.jpg",
                    "imageUrl": "http://thewalkingdead-online.com/hq/albums/HQ/11%20-%20Tema%20Os%20Cacadores/61%20-%20Tema%20Os%20Cacadores/026.jpg"
                }
            ]
        },
        {
            "href": "62%20-%20Tema%20Os%20Cacadores/",
            "text": " 62 - Tema Os Cacadores/",
            "images": [
                {
                    "href": "WD62-000.JPG",
                    "text": " WD62-000.JPG",
                    "imageUrl": "http://thewalkingdead-online.com/hq/albums/HQ/11%20-%20Tema%20Os%20Cacadores/62%20-%20Tema%20Os%20Cacadores/WD62-000.JPG"
                },
                {
                    "href": "WD62-001.JPG",
                    "text": " WD62-001.JPG",
                    "imageUrl": "http://thewalkingdead-online.com/hq/albums/HQ/11%20-%20Tema%20Os%20Cacadores/62%20-%20Tema%20Os%20Cacadores/WD62-001.JPG"
                },
                {
                    "href": "WD62-002.JPG",
                    "text": " WD62-002.JPG",
                    "imageUrl": "http://thewalkingdead-online.com/hq/albums/HQ/11%20-%20Tema%20Os%20Cacadores/62%20-%20Tema%20Os%20Cacadores/WD62-002.JPG"
                },
                {
                    "href": "WD62-003.JPG",
                    "text": " WD62-003.JPG",
                    "imageUrl": "http://thewalkingdead-online.com/hq/albums/HQ/11%20-%20Tema%20Os%20Cacadores/62%20-%20Tema%20Os%20Cacadores/WD62-003.JPG"
                },
                {
                    "href": "WD62-004.JPG",
                    "text": " WD62-004.JPG",
                    "imageUrl": "http://thewalkingdead-online.com/hq/albums/HQ/11%20-%20Tema%20Os%20Cacadores/62%20-%20Tema%20Os%20Cacadores/WD62-004.JPG"
                },
                {
                    "href": "WD62-005.JPG",
                    "text": " WD62-005.JPG",
                    "imageUrl": "http://thewalkingdead-online.com/hq/albums/HQ/11%20-%20Tema%20Os%20Cacadores/62%20-%20Tema%20Os%20Cacadores/WD62-005.JPG"
                },
                {
                    "href": "WD62-006.JPG",
                    "text": " WD62-006.JPG",
                    "imageUrl": "http://thewalkingdead-online.com/hq/albums/HQ/11%20-%20Tema%20Os%20Cacadores/62%20-%20Tema%20Os%20Cacadores/WD62-006.JPG"
                },
                {
                    "href": "WD62-007.JPG",
                    "text": " WD62-007.JPG",
                    "imageUrl": "http://thewalkingdead-online.com/hq/albums/HQ/11%20-%20Tema%20Os%20Cacadores/62%20-%20Tema%20Os%20Cacadores/WD62-007.JPG"
                },
                {
                    "href": "WD62-008.JPG",
                    "text": " WD62-008.JPG",
                    "imageUrl": "http://thewalkingdead-online.com/hq/albums/HQ/11%20-%20Tema%20Os%20Cacadores/62%20-%20Tema%20Os%20Cacadores/WD62-008.JPG"
                },
                {
                    "href": "WD62-009.JPG",
                    "text": " WD62-009.JPG",
                    "imageUrl": "http://thewalkingdead-online.com/hq/albums/HQ/11%20-%20Tema%20Os%20Cacadores/62%20-%20Tema%20Os%20Cacadores/WD62-009.JPG"
                },
                {
                    "href": "WD62-010.JPG",
                    "text": " WD62-010.JPG",
                    "imageUrl": "http://thewalkingdead-online.com/hq/albums/HQ/11%20-%20Tema%20Os%20Cacadores/62%20-%20Tema%20Os%20Cacadores/WD62-010.JPG"
                },
                {
                    "href": "WD62-011.JPG",
                    "text": " WD62-011.JPG",
                    "imageUrl": "http://thewalkingdead-online.com/hq/albums/HQ/11%20-%20Tema%20Os%20Cacadores/62%20-%20Tema%20Os%20Cacadores/WD62-011.JPG"
                },
                {
                    "href": "WD62-012.JPG",
                    "text": " WD62-012.JPG",
                    "imageUrl": "http://thewalkingdead-online.com/hq/albums/HQ/11%20-%20Tema%20Os%20Cacadores/62%20-%20Tema%20Os%20Cacadores/WD62-012.JPG"
                },
                {
                    "href": "WD62-013.JPG",
                    "text": " WD62-013.JPG",
                    "imageUrl": "http://thewalkingdead-online.com/hq/albums/HQ/11%20-%20Tema%20Os%20Cacadores/62%20-%20Tema%20Os%20Cacadores/WD62-013.JPG"
                },
                {
                    "href": "WD62-014.JPG",
                    "text": " WD62-014.JPG",
                    "imageUrl": "http://thewalkingdead-online.com/hq/albums/HQ/11%20-%20Tema%20Os%20Cacadores/62%20-%20Tema%20Os%20Cacadores/WD62-014.JPG"
                },
                {
                    "href": "WD62-015.JPG",
                    "text": " WD62-015.JPG",
                    "imageUrl": "http://thewalkingdead-online.com/hq/albums/HQ/11%20-%20Tema%20Os%20Cacadores/62%20-%20Tema%20Os%20Cacadores/WD62-015.JPG"
                },
                {
                    "href": "WD62-016.JPG",
                    "text": " WD62-016.JPG",
                    "imageUrl": "http://thewalkingdead-online.com/hq/albums/HQ/11%20-%20Tema%20Os%20Cacadores/62%20-%20Tema%20Os%20Cacadores/WD62-016.JPG"
                },
                {
                    "href": "WD62-017.JPG",
                    "text": " WD62-017.JPG",
                    "imageUrl": "http://thewalkingdead-online.com/hq/albums/HQ/11%20-%20Tema%20Os%20Cacadores/62%20-%20Tema%20Os%20Cacadores/WD62-017.JPG"
                },
                {
                    "href": "WD62-018.JPG",
                    "text": " WD62-018.JPG",
                    "imageUrl": "http://thewalkingdead-online.com/hq/albums/HQ/11%20-%20Tema%20Os%20Cacadores/62%20-%20Tema%20Os%20Cacadores/WD62-018.JPG"
                },
                {
                    "href": "WD62-019.JPG",
                    "text": " WD62-019.JPG",
                    "imageUrl": "http://thewalkingdead-online.com/hq/albums/HQ/11%20-%20Tema%20Os%20Cacadores/62%20-%20Tema%20Os%20Cacadores/WD62-019.JPG"
                },
                {
                    "href": "WD62-020.JPG",
                    "text": " WD62-020.JPG",
                    "imageUrl": "http://thewalkingdead-online.com/hq/albums/HQ/11%20-%20Tema%20Os%20Cacadores/62%20-%20Tema%20Os%20Cacadores/WD62-020.JPG"
                },
                {
                    "href": "WD62-021.JPG",
                    "text": " WD62-021.JPG",
                    "imageUrl": "http://thewalkingdead-online.com/hq/albums/HQ/11%20-%20Tema%20Os%20Cacadores/62%20-%20Tema%20Os%20Cacadores/WD62-021.JPG"
                },
                {
                    "href": "WD62-022.JPG",
                    "text": " WD62-022.JPG",
                    "imageUrl": "http://thewalkingdead-online.com/hq/albums/HQ/11%20-%20Tema%20Os%20Cacadores/62%20-%20Tema%20Os%20Cacadores/WD62-022.JPG"
                },
                {
                    "href": "WD62-023.JPG",
                    "text": " WD62-023.JPG",
                    "imageUrl": "http://thewalkingdead-online.com/hq/albums/HQ/11%20-%20Tema%20Os%20Cacadores/62%20-%20Tema%20Os%20Cacadores/WD62-023.JPG"
                },
                {
                    "href": "WD62-026.JPG",
                    "text": " WD62-026.JPG",
                    "imageUrl": "http://thewalkingdead-online.com/hq/albums/HQ/11%20-%20Tema%20Os%20Cacadores/62%20-%20Tema%20Os%20Cacadores/WD62-026.JPG"
                }
            ]
        },
        {
            "href": "63%20-%20Tema%20Os%20Cacadores/",
            "text": " 63 - Tema Os Cacadores/",
            "images": [
                {
                    "href": "The_Walking_Dead_063_f-cover.jpg",
                    "text": " The_Walking_Dead_063_f-cover.jpg",
                    "imageUrl": "http://thewalkingdead-online.com/hq/albums/HQ/11%20-%20Tema%20Os%20Cacadores/63%20-%20Tema%20Os%20Cacadores/The_Walking_Dead_063_f-cover.jpg"
                },
                {
                    "href": "The_Walking_Dead_063_ifc.jpg",
                    "text": " The_Walking_Dead_063_ifc.jpg",
                    "imageUrl": "http://thewalkingdead-online.com/hq/albums/HQ/11%20-%20Tema%20Os%20Cacadores/63%20-%20Tema%20Os%20Cacadores/The_Walking_Dead_063_ifc.jpg"
                },
                {
                    "href": "The_Walking_Dead_063_p01.jpg",
                    "text": " The_Walking_Dead_063_p01.jpg",
                    "imageUrl": "http://thewalkingdead-online.com/hq/albums/HQ/11%20-%20Tema%20Os%20Cacadores/63%20-%20Tema%20Os%20Cacadores/The_Walking_Dead_063_p01.jpg"
                },
                {
                    "href": "The_Walking_Dead_063_p02.jpg",
                    "text": " The_Walking_Dead_063_p02.jpg",
                    "imageUrl": "http://thewalkingdead-online.com/hq/albums/HQ/11%20-%20Tema%20Os%20Cacadores/63%20-%20Tema%20Os%20Cacadores/The_Walking_Dead_063_p02.jpg"
                },
                {
                    "href": "The_Walking_Dead_063_p03.jpg",
                    "text": " The_Walking_Dead_063_p03.jpg",
                    "imageUrl": "http://thewalkingdead-online.com/hq/albums/HQ/11%20-%20Tema%20Os%20Cacadores/63%20-%20Tema%20Os%20Cacadores/The_Walking_Dead_063_p03.jpg"
                },
                {
                    "href": "The_Walking_Dead_063_p04.jpg",
                    "text": " The_Walking_Dead_063_p04.jpg",
                    "imageUrl": "http://thewalkingdead-online.com/hq/albums/HQ/11%20-%20Tema%20Os%20Cacadores/63%20-%20Tema%20Os%20Cacadores/The_Walking_Dead_063_p04.jpg"
                },
                {
                    "href": "The_Walking_Dead_063_p05.jpg",
                    "text": " The_Walking_Dead_063_p05.jpg",
                    "imageUrl": "http://thewalkingdead-online.com/hq/albums/HQ/11%20-%20Tema%20Os%20Cacadores/63%20-%20Tema%20Os%20Cacadores/The_Walking_Dead_063_p05.jpg"
                },
                {
                    "href": "The_Walking_Dead_063_p06.jpg",
                    "text": " The_Walking_Dead_063_p06.jpg",
                    "imageUrl": "http://thewalkingdead-online.com/hq/albums/HQ/11%20-%20Tema%20Os%20Cacadores/63%20-%20Tema%20Os%20Cacadores/The_Walking_Dead_063_p06.jpg"
                },
                {
                    "href": "The_Walking_Dead_063_p07.jpg",
                    "text": " The_Walking_Dead_063_p07.jpg",
                    "imageUrl": "http://thewalkingdead-online.com/hq/albums/HQ/11%20-%20Tema%20Os%20Cacadores/63%20-%20Tema%20Os%20Cacadores/The_Walking_Dead_063_p07.jpg"
                },
                {
                    "href": "The_Walking_Dead_063_p08.jpg",
                    "text": " The_Walking_Dead_063_p08.jpg",
                    "imageUrl": "http://thewalkingdead-online.com/hq/albums/HQ/11%20-%20Tema%20Os%20Cacadores/63%20-%20Tema%20Os%20Cacadores/The_Walking_Dead_063_p08.jpg"
                },
                {
                    "href": "The_Walking_Dead_063_p09.jpg",
                    "text": " The_Walking_Dead_063_p09.jpg",
                    "imageUrl": "http://thewalkingdead-online.com/hq/albums/HQ/11%20-%20Tema%20Os%20Cacadores/63%20-%20Tema%20Os%20Cacadores/The_Walking_Dead_063_p09.jpg"
                },
                {
                    "href": "The_Walking_Dead_063_p10.jpg",
                    "text": " The_Walking_Dead_063_p10.jpg",
                    "imageUrl": "http://thewalkingdead-online.com/hq/albums/HQ/11%20-%20Tema%20Os%20Cacadores/63%20-%20Tema%20Os%20Cacadores/The_Walking_Dead_063_p10.jpg"
                },
                {
                    "href": "The_Walking_Dead_063_p11.jpg",
                    "text": " The_Walking_Dead_063_p11.jpg",
                    "imageUrl": "http://thewalkingdead-online.com/hq/albums/HQ/11%20-%20Tema%20Os%20Cacadores/63%20-%20Tema%20Os%20Cacadores/The_Walking_Dead_063_p11.jpg"
                },
                {
                    "href": "The_Walking_Dead_063_p12.jpg",
                    "text": " The_Walking_Dead_063_p12.jpg",
                    "imageUrl": "http://thewalkingdead-online.com/hq/albums/HQ/11%20-%20Tema%20Os%20Cacadores/63%20-%20Tema%20Os%20Cacadores/The_Walking_Dead_063_p12.jpg"
                },
                {
                    "href": "The_Walking_Dead_063_p13.jpg",
                    "text": " The_Walking_Dead_063_p13.jpg",
                    "imageUrl": "http://thewalkingdead-online.com/hq/albums/HQ/11%20-%20Tema%20Os%20Cacadores/63%20-%20Tema%20Os%20Cacadores/The_Walking_Dead_063_p13.jpg"
                },
                {
                    "href": "The_Walking_Dead_063_p14.jpg",
                    "text": " The_Walking_Dead_063_p14.jpg",
                    "imageUrl": "http://thewalkingdead-online.com/hq/albums/HQ/11%20-%20Tema%20Os%20Cacadores/63%20-%20Tema%20Os%20Cacadores/The_Walking_Dead_063_p14.jpg"
                },
                {
                    "href": "The_Walking_Dead_063_p15.jpg",
                    "text": " The_Walking_Dead_063_p15.jpg",
                    "imageUrl": "http://thewalkingdead-online.com/hq/albums/HQ/11%20-%20Tema%20Os%20Cacadores/63%20-%20Tema%20Os%20Cacadores/The_Walking_Dead_063_p15.jpg"
                },
                {
                    "href": "The_Walking_Dead_063_p16.jpg",
                    "text": " The_Walking_Dead_063_p16.jpg",
                    "imageUrl": "http://thewalkingdead-online.com/hq/albums/HQ/11%20-%20Tema%20Os%20Cacadores/63%20-%20Tema%20Os%20Cacadores/The_Walking_Dead_063_p16.jpg"
                },
                {
                    "href": "The_Walking_Dead_063_p17.jpg",
                    "text": " The_Walking_Dead_063_p17.jpg",
                    "imageUrl": "http://thewalkingdead-online.com/hq/albums/HQ/11%20-%20Tema%20Os%20Cacadores/63%20-%20Tema%20Os%20Cacadores/The_Walking_Dead_063_p17.jpg"
                },
                {
                    "href": "The_Walking_Dead_063_p18.jpg",
                    "text": " The_Walking_Dead_063_p18.jpg",
                    "imageUrl": "http://thewalkingdead-online.com/hq/albums/HQ/11%20-%20Tema%20Os%20Cacadores/63%20-%20Tema%20Os%20Cacadores/The_Walking_Dead_063_p18.jpg"
                },
                {
                    "href": "The_Walking_Dead_063_p19.jpg",
                    "text": " The_Walking_Dead_063_p19.jpg",
                    "imageUrl": "http://thewalkingdead-online.com/hq/albums/HQ/11%20-%20Tema%20Os%20Cacadores/63%20-%20Tema%20Os%20Cacadores/The_Walking_Dead_063_p19.jpg"
                },
                {
                    "href": "The_Walking_Dead_063_p20.jpg",
                    "text": " The_Walking_Dead_063_p20.jpg",
                    "imageUrl": "http://thewalkingdead-online.com/hq/albums/HQ/11%20-%20Tema%20Os%20Cacadores/63%20-%20Tema%20Os%20Cacadores/The_Walking_Dead_063_p20.jpg"
                },
                {
                    "href": "The_Walking_Dead_063_p21.jpg",
                    "text": " The_Walking_Dead_063_p21.jpg",
                    "imageUrl": "http://thewalkingdead-online.com/hq/albums/HQ/11%20-%20Tema%20Os%20Cacadores/63%20-%20Tema%20Os%20Cacadores/The_Walking_Dead_063_p21.jpg"
                },
                {
                    "href": "The_Walking_Dead_063_p22.jpg",
                    "text": " The_Walking_Dead_063_p22.jpg",
                    "imageUrl": "http://thewalkingdead-online.com/hq/albums/HQ/11%20-%20Tema%20Os%20Cacadores/63%20-%20Tema%20Os%20Cacadores/The_Walking_Dead_063_p22.jpg"
                },
                {
                    "href": "The_Walking_Dead_063_p26.jpg",
                    "text": " The_Walking_Dead_063_p26.jpg",
                    "imageUrl": "http://thewalkingdead-online.com/hq/albums/HQ/11%20-%20Tema%20Os%20Cacadores/63%20-%20Tema%20Os%20Cacadores/The_Walking_Dead_063_p26.jpg"
                }
            ]
        },
        {
            "href": "64%20-%20Tema%20Os%20Cacadores/",
            "text": " 64 - Tema Os Cacadores/",
            "images": [
                {
                    "href": "Walking_Dead_64_28200929_28MinuteMen_-NorthBridge-29_28No_Viking_Flip_Book29_00000.jpg",
                    "text": " Walking_Dead_64_28200929_28MinuteMen_-NorthBridge-29_28No_Viking_Flip_Book29_00000.jpg",
                    "imageUrl": "http://thewalkingdead-online.com/hq/albums/HQ/11%20-%20Tema%20Os%20Cacadore…_64_28200929_28MinuteMen_-NorthBridge-29_28No_Viking_Flip_Book29_00000.jpg"
                },
                {
                    "href": "Walking_Dead_64_28200929_28MinuteMen_-NorthBridge-29_28No_Viking_Flip_Book29_00001.jpg",
                    "text": " Walking_Dead_64_28200929_28MinuteMen_-NorthBridge-29_28No_Viking_Flip_Book29_00001.jpg",
                    "imageUrl": "http://thewalkingdead-online.com/hq/albums/HQ/11%20-%20Tema%20Os%20Cacadore…_64_28200929_28MinuteMen_-NorthBridge-29_28No_Viking_Flip_Book29_00001.jpg"
                },
                {
                    "href": "Walking_Dead_64_28200929_28MinuteMen_-NorthBridge-29_28No_Viking_Flip_Book29_00002.jpg",
                    "text": " Walking_Dead_64_28200929_28MinuteMen_-NorthBridge-29_28No_Viking_Flip_Book29_00002.jpg",
                    "imageUrl": "http://thewalkingdead-online.com/hq/albums/HQ/11%20-%20Tema%20Os%20Cacadore…_64_28200929_28MinuteMen_-NorthBridge-29_28No_Viking_Flip_Book29_00002.jpg"
                },
                {
                    "href": "Walking_Dead_64_28200929_28MinuteMen_-NorthBridge-29_28No_Viking_Flip_Book29_00003.jpg",
                    "text": " Walking_Dead_64_28200929_28MinuteMen_-NorthBridge-29_28No_Viking_Flip_Book29_00003.jpg",
                    "imageUrl": "http://thewalkingdead-online.com/hq/albums/HQ/11%20-%20Tema%20Os%20Cacadore…_64_28200929_28MinuteMen_-NorthBridge-29_28No_Viking_Flip_Book29_00003.jpg"
                },
                {
                    "href": "Walking_Dead_64_28200929_28MinuteMen_-NorthBridge-29_28No_Viking_Flip_Book29_00004.jpg",
                    "text": " Walking_Dead_64_28200929_28MinuteMen_-NorthBridge-29_28No_Viking_Flip_Book29_00004.jpg",
                    "imageUrl": "http://thewalkingdead-online.com/hq/albums/HQ/11%20-%20Tema%20Os%20Cacadore…_64_28200929_28MinuteMen_-NorthBridge-29_28No_Viking_Flip_Book29_00004.jpg"
                },
                {
                    "href": "Walking_Dead_64_28200929_28MinuteMen_-NorthBridge-29_28No_Viking_Flip_Book29_00005.jpg",
                    "text": " Walking_Dead_64_28200929_28MinuteMen_-NorthBridge-29_28No_Viking_Flip_Book29_00005.jpg",
                    "imageUrl": "http://thewalkingdead-online.com/hq/albums/HQ/11%20-%20Tema%20Os%20Cacadore…_64_28200929_28MinuteMen_-NorthBridge-29_28No_Viking_Flip_Book29_00005.jpg"
                },
                {
                    "href": "Walking_Dead_64_28200929_28MinuteMen_-NorthBridge-29_28No_Viking_Flip_Book29_00006.jpg",
                    "text": " Walking_Dead_64_28200929_28MinuteMen_-NorthBridge-29_28No_Viking_Flip_Book29_00006.jpg",
                    "imageUrl": "http://thewalkingdead-online.com/hq/albums/HQ/11%20-%20Tema%20Os%20Cacadore…_64_28200929_28MinuteMen_-NorthBridge-29_28No_Viking_Flip_Book29_00006.jpg"
                },
                {
                    "href": "Walking_Dead_64_28200929_28MinuteMen_-NorthBridge-29_28No_Viking_Flip_Book29_00007.jpg",
                    "text": " Walking_Dead_64_28200929_28MinuteMen_-NorthBridge-29_28No_Viking_Flip_Book29_00007.jpg",
                    "imageUrl": "http://thewalkingdead-online.com/hq/albums/HQ/11%20-%20Tema%20Os%20Cacadore…_64_28200929_28MinuteMen_-NorthBridge-29_28No_Viking_Flip_Book29_00007.jpg"
                },
                {
                    "href": "Walking_Dead_64_28200929_28MinuteMen_-NorthBridge-29_28No_Viking_Flip_Book29_00008.jpg",
                    "text": " Walking_Dead_64_28200929_28MinuteMen_-NorthBridge-29_28No_Viking_Flip_Book29_00008.jpg",
                    "imageUrl": "http://thewalkingdead-online.com/hq/albums/HQ/11%20-%20Tema%20Os%20Cacadore…_64_28200929_28MinuteMen_-NorthBridge-29_28No_Viking_Flip_Book29_00008.jpg"
                },
                {
                    "href": "Walking_Dead_64_28200929_28MinuteMen_-NorthBridge-29_28No_Viking_Flip_Book29_00009.jpg",
                    "text": " Walking_Dead_64_28200929_28MinuteMen_-NorthBridge-29_28No_Viking_Flip_Book29_00009.jpg",
                    "imageUrl": "http://thewalkingdead-online.com/hq/albums/HQ/11%20-%20Tema%20Os%20Cacadore…_64_28200929_28MinuteMen_-NorthBridge-29_28No_Viking_Flip_Book29_00009.jpg"
                },
                {
                    "href": "Walking_Dead_64_28200929_28MinuteMen_-NorthBridge-29_28No_Viking_Flip_Book29_00010.jpg",
                    "text": " Walking_Dead_64_28200929_28MinuteMen_-NorthBridge-29_28No_Viking_Flip_Book29_00010.jpg",
                    "imageUrl": "http://thewalkingdead-online.com/hq/albums/HQ/11%20-%20Tema%20Os%20Cacadore…_64_28200929_28MinuteMen_-NorthBridge-29_28No_Viking_Flip_Book29_00010.jpg"
                },
                {
                    "href": "Walking_Dead_64_28200929_28MinuteMen_-NorthBridge-29_28No_Viking_Flip_Book29_00011.jpg",
                    "text": " Walking_Dead_64_28200929_28MinuteMen_-NorthBridge-29_28No_Viking_Flip_Book29_00011.jpg",
                    "imageUrl": "http://thewalkingdead-online.com/hq/albums/HQ/11%20-%20Tema%20Os%20Cacadore…_64_28200929_28MinuteMen_-NorthBridge-29_28No_Viking_Flip_Book29_00011.jpg"
                },
                {
                    "href": "Walking_Dead_64_28200929_28MinuteMen_-NorthBridge-29_28No_Viking_Flip_Book29_00012.jpg",
                    "text": " Walking_Dead_64_28200929_28MinuteMen_-NorthBridge-29_28No_Viking_Flip_Book29_00012.jpg",
                    "imageUrl": "http://thewalkingdead-online.com/hq/albums/HQ/11%20-%20Tema%20Os%20Cacadore…_64_28200929_28MinuteMen_-NorthBridge-29_28No_Viking_Flip_Book29_00012.jpg"
                },
                {
                    "href": "Walking_Dead_64_28200929_28MinuteMen_-NorthBridge-29_28No_Viking_Flip_Book29_00013.jpg",
                    "text": " Walking_Dead_64_28200929_28MinuteMen_-NorthBridge-29_28No_Viking_Flip_Book29_00013.jpg",
                    "imageUrl": "http://thewalkingdead-online.com/hq/albums/HQ/11%20-%20Tema%20Os%20Cacadore…_64_28200929_28MinuteMen_-NorthBridge-29_28No_Viking_Flip_Book29_00013.jpg"
                },
                {
                    "href": "Walking_Dead_64_28200929_28MinuteMen_-NorthBridge-29_28No_Viking_Flip_Book29_00014.jpg",
                    "text": " Walking_Dead_64_28200929_28MinuteMen_-NorthBridge-29_28No_Viking_Flip_Book29_00014.jpg",
                    "imageUrl": "http://thewalkingdead-online.com/hq/albums/HQ/11%20-%20Tema%20Os%20Cacadore…_64_28200929_28MinuteMen_-NorthBridge-29_28No_Viking_Flip_Book29_00014.jpg"
                },
                {
                    "href": "Walking_Dead_64_28200929_28MinuteMen_-NorthBridge-29_28No_Viking_Flip_Book29_00015.jpg",
                    "text": " Walking_Dead_64_28200929_28MinuteMen_-NorthBridge-29_28No_Viking_Flip_Book29_00015.jpg",
                    "imageUrl": "http://thewalkingdead-online.com/hq/albums/HQ/11%20-%20Tema%20Os%20Cacadore…_64_28200929_28MinuteMen_-NorthBridge-29_28No_Viking_Flip_Book29_00015.jpg"
                },
                {
                    "href": "Walking_Dead_64_28200929_28MinuteMen_-NorthBridge-29_28No_Viking_Flip_Book29_00016.jpg",
                    "text": " Walking_Dead_64_28200929_28MinuteMen_-NorthBridge-29_28No_Viking_Flip_Book29_00016.jpg",
                    "imageUrl": "http://thewalkingdead-online.com/hq/albums/HQ/11%20-%20Tema%20Os%20Cacadore…_64_28200929_28MinuteMen_-NorthBridge-29_28No_Viking_Flip_Book29_00016.jpg"
                },
                {
                    "href": "Walking_Dead_64_28200929_28MinuteMen_-NorthBridge-29_28No_Viking_Flip_Book29_00017.jpg",
                    "text": " Walking_Dead_64_28200929_28MinuteMen_-NorthBridge-29_28No_Viking_Flip_Book29_00017.jpg",
                    "imageUrl": "http://thewalkingdead-online.com/hq/albums/HQ/11%20-%20Tema%20Os%20Cacadore…_64_28200929_28MinuteMen_-NorthBridge-29_28No_Viking_Flip_Book29_00017.jpg"
                },
                {
                    "href": "Walking_Dead_64_28200929_28MinuteMen_-NorthBridge-29_28No_Viking_Flip_Book29_00018.jpg",
                    "text": " Walking_Dead_64_28200929_28MinuteMen_-NorthBridge-29_28No_Viking_Flip_Book29_00018.jpg",
                    "imageUrl": "http://thewalkingdead-online.com/hq/albums/HQ/11%20-%20Tema%20Os%20Cacadore…_64_28200929_28MinuteMen_-NorthBridge-29_28No_Viking_Flip_Book29_00018.jpg"
                },
                {
                    "href": "Walking_Dead_64_28200929_28MinuteMen_-NorthBridge-29_28No_Viking_Flip_Book29_00019.jpg",
                    "text": " Walking_Dead_64_28200929_28MinuteMen_-NorthBridge-29_28No_Viking_Flip_Book29_00019.jpg",
                    "imageUrl": "http://thewalkingdead-online.com/hq/albums/HQ/11%20-%20Tema%20Os%20Cacadore…_64_28200929_28MinuteMen_-NorthBridge-29_28No_Viking_Flip_Book29_00019.jpg"
                },
                {
                    "href": "Walking_Dead_64_28200929_28MinuteMen_-NorthBridge-29_28No_Viking_Flip_Book29_00020.jpg",
                    "text": " Walking_Dead_64_28200929_28MinuteMen_-NorthBridge-29_28No_Viking_Flip_Book29_00020.jpg",
                    "imageUrl": "http://thewalkingdead-online.com/hq/albums/HQ/11%20-%20Tema%20Os%20Cacadore…_64_28200929_28MinuteMen_-NorthBridge-29_28No_Viking_Flip_Book29_00020.jpg"
                },
                {
                    "href": "Walking_Dead_64_28200929_28MinuteMen_-NorthBridge-29_28No_Viking_Flip_Book29_00021.jpg",
                    "text": " Walking_Dead_64_28200929_28MinuteMen_-NorthBridge-29_28No_Viking_Flip_Book29_00021.jpg",
                    "imageUrl": "http://thewalkingdead-online.com/hq/albums/HQ/11%20-%20Tema%20Os%20Cacadore…_64_28200929_28MinuteMen_-NorthBridge-29_28No_Viking_Flip_Book29_00021.jpg"
                },
                {
                    "href": "Walking_Dead_64_28200929_28MinuteMen_-NorthBridge-29_28No_Viking_Flip_Book29_00022.jpg",
                    "text": " Walking_Dead_64_28200929_28MinuteMen_-NorthBridge-29_28No_Viking_Flip_Book29_00022.jpg",
                    "imageUrl": "http://thewalkingdead-online.com/hq/albums/HQ/11%20-%20Tema%20Os%20Cacadore…_64_28200929_28MinuteMen_-NorthBridge-29_28No_Viking_Flip_Book29_00022.jpg"
                },
                {
                    "href": "Walking_Dead_64_28200929_28MinuteMen_-NorthBridge-29_28No_Viking_Flip_Book29_00023.jpg",
                    "text": " Walking_Dead_64_28200929_28MinuteMen_-NorthBridge-29_28No_Viking_Flip_Book29_00023.jpg",
                    "imageUrl": "http://thewalkingdead-online.com/hq/albums/HQ/11%20-%20Tema%20Os%20Cacadore…_64_28200929_28MinuteMen_-NorthBridge-29_28No_Viking_Flip_Book29_00023.jpg"
                },
                {
                    "href": "Walking_Dead_64_28200929_28MinuteMen_-NorthBridge-29_28No_Viking_Flip_Book29_00024.jpg",
                    "text": " Walking_Dead_64_28200929_28MinuteMen_-NorthBridge-29_28No_Viking_Flip_Book29_00024.jpg",
                    "imageUrl": "http://thewalkingdead-online.com/hq/albums/HQ/11%20-%20Tema%20Os%20Cacadore…_64_28200929_28MinuteMen_-NorthBridge-29_28No_Viking_Flip_Book29_00024.jpg"
                }
            ]
        },
        {
            "href": "65%20-%20Tema%20Os%20Cacadores/",
            "text": " 65 - Tema Os Cacadores/",
            "images": [
                {
                    "href": "01.jpg",
                    "text": " 01.jpg",
                    "imageUrl": "http://thewalkingdead-online.com/hq/albums/HQ/11%20-%20Tema%20Os%20Cacadores/65%20-%20Tema%20Os%20Cacadores/01.jpg"
                },
                {
                    "href": "02.jpg",
                    "text": " 02.jpg",
                    "imageUrl": "http://thewalkingdead-online.com/hq/albums/HQ/11%20-%20Tema%20Os%20Cacadores/65%20-%20Tema%20Os%20Cacadores/02.jpg"
                },
                {
                    "href": "03.jpg",
                    "text": " 03.jpg",
                    "imageUrl": "http://thewalkingdead-online.com/hq/albums/HQ/11%20-%20Tema%20Os%20Cacadores/65%20-%20Tema%20Os%20Cacadores/03.jpg"
                },
                {
                    "href": "04.jpg",
                    "text": " 04.jpg",
                    "imageUrl": "http://thewalkingdead-online.com/hq/albums/HQ/11%20-%20Tema%20Os%20Cacadores/65%20-%20Tema%20Os%20Cacadores/04.jpg"
                },
                {
                    "href": "05.jpg",
                    "text": " 05.jpg",
                    "imageUrl": "http://thewalkingdead-online.com/hq/albums/HQ/11%20-%20Tema%20Os%20Cacadores/65%20-%20Tema%20Os%20Cacadores/05.jpg"
                },
                {
                    "href": "06.jpg",
                    "text": " 06.jpg",
                    "imageUrl": "http://thewalkingdead-online.com/hq/albums/HQ/11%20-%20Tema%20Os%20Cacadores/65%20-%20Tema%20Os%20Cacadores/06.jpg"
                },
                {
                    "href": "07.jpg",
                    "text": " 07.jpg",
                    "imageUrl": "http://thewalkingdead-online.com/hq/albums/HQ/11%20-%20Tema%20Os%20Cacadores/65%20-%20Tema%20Os%20Cacadores/07.jpg"
                },
                {
                    "href": "08.jpg",
                    "text": " 08.jpg",
                    "imageUrl": "http://thewalkingdead-online.com/hq/albums/HQ/11%20-%20Tema%20Os%20Cacadores/65%20-%20Tema%20Os%20Cacadores/08.jpg"
                },
                {
                    "href": "09.jpg",
                    "text": " 09.jpg",
                    "imageUrl": "http://thewalkingdead-online.com/hq/albums/HQ/11%20-%20Tema%20Os%20Cacadores/65%20-%20Tema%20Os%20Cacadores/09.jpg"
                },
                {
                    "href": "10.jpg",
                    "text": " 10.jpg",
                    "imageUrl": "http://thewalkingdead-online.com/hq/albums/HQ/11%20-%20Tema%20Os%20Cacadores/65%20-%20Tema%20Os%20Cacadores/10.jpg"
                },
                {
                    "href": "11.jpg",
                    "text": " 11.jpg",
                    "imageUrl": "http://thewalkingdead-online.com/hq/albums/HQ/11%20-%20Tema%20Os%20Cacadores/65%20-%20Tema%20Os%20Cacadores/11.jpg"
                },
                {
                    "href": "12.jpg",
                    "text": " 12.jpg",
                    "imageUrl": "http://thewalkingdead-online.com/hq/albums/HQ/11%20-%20Tema%20Os%20Cacadores/65%20-%20Tema%20Os%20Cacadores/12.jpg"
                },
                {
                    "href": "14.jpg",
                    "text": " 14.jpg",
                    "imageUrl": "http://thewalkingdead-online.com/hq/albums/HQ/11%20-%20Tema%20Os%20Cacadores/65%20-%20Tema%20Os%20Cacadores/14.jpg"
                },
                {
                    "href": "15.jpg",
                    "text": " 15.jpg",
                    "imageUrl": "http://thewalkingdead-online.com/hq/albums/HQ/11%20-%20Tema%20Os%20Cacadores/65%20-%20Tema%20Os%20Cacadores/15.jpg"
                },
                {
                    "href": "16.jpg",
                    "text": " 16.jpg",
                    "imageUrl": "http://thewalkingdead-online.com/hq/albums/HQ/11%20-%20Tema%20Os%20Cacadores/65%20-%20Tema%20Os%20Cacadores/16.jpg"
                },
                {
                    "href": "17.jpg",
                    "text": " 17.jpg",
                    "imageUrl": "http://thewalkingdead-online.com/hq/albums/HQ/11%20-%20Tema%20Os%20Cacadores/65%20-%20Tema%20Os%20Cacadores/17.jpg"
                },
                {
                    "href": "18.jpg",
                    "text": " 18.jpg",
                    "imageUrl": "http://thewalkingdead-online.com/hq/albums/HQ/11%20-%20Tema%20Os%20Cacadores/65%20-%20Tema%20Os%20Cacadores/18.jpg"
                },
                {
                    "href": "19.jpg",
                    "text": " 19.jpg",
                    "imageUrl": "http://thewalkingdead-online.com/hq/albums/HQ/11%20-%20Tema%20Os%20Cacadores/65%20-%20Tema%20Os%20Cacadores/19.jpg"
                },
                {
                    "href": "20.jpg",
                    "text": " 20.jpg",
                    "imageUrl": "http://thewalkingdead-online.com/hq/albums/HQ/11%20-%20Tema%20Os%20Cacadores/65%20-%20Tema%20Os%20Cacadores/20.jpg"
                },
                {
                    "href": "21.jpg",
                    "text": " 21.jpg",
                    "imageUrl": "http://thewalkingdead-online.com/hq/albums/HQ/11%20-%20Tema%20Os%20Cacadores/65%20-%20Tema%20Os%20Cacadores/21.jpg"
                },
                {
                    "href": "22.jpg",
                    "text": " 22.jpg",
                    "imageUrl": "http://thewalkingdead-online.com/hq/albums/HQ/11%20-%20Tema%20Os%20Cacadores/65%20-%20Tema%20Os%20Cacadores/22.jpg"
                },
                {
                    "href": "23.jpg",
                    "text": " 23.jpg",
                    "imageUrl": "http://thewalkingdead-online.com/hq/albums/HQ/11%20-%20Tema%20Os%20Cacadores/65%20-%20Tema%20Os%20Cacadores/23.jpg"
                },
                {
                    "href": "24.jpg",
                    "text": " 24.jpg",
                    "imageUrl": "http://thewalkingdead-online.com/hq/albums/HQ/11%20-%20Tema%20Os%20Cacadores/65%20-%20Tema%20Os%20Cacadores/24.jpg"
                },
                {
                    "href": "26.jpg",
                    "text": " 26.jpg",
                    "imageUrl": "http://thewalkingdead-online.com/hq/albums/HQ/11%20-%20Tema%20Os%20Cacadores/65%20-%20Tema%20Os%20Cacadores/26.jpg"
                }
            ]
        },
        {
            "href": "66%20-%20Tema%20Os%20Cacadores/",
            "text": " 66 - Tema Os Cacadores/",
            "images": [
                {
                    "href": "00.jpg",
                    "text": " 00.jpg",
                    "imageUrl": "http://thewalkingdead-online.com/hq/albums/HQ/11%20-%20Tema%20Os%20Cacadores/66%20-%20Tema%20Os%20Cacadores/00.jpg"
                },
                {
                    "href": "01.jpg",
                    "text": " 01.jpg",
                    "imageUrl": "http://thewalkingdead-online.com/hq/albums/HQ/11%20-%20Tema%20Os%20Cacadores/66%20-%20Tema%20Os%20Cacadores/01.jpg"
                },
                {
                    "href": "02.jpg",
                    "text": " 02.jpg",
                    "imageUrl": "http://thewalkingdead-online.com/hq/albums/HQ/11%20-%20Tema%20Os%20Cacadores/66%20-%20Tema%20Os%20Cacadores/02.jpg"
                },
                {
                    "href": "03.jpg",
                    "text": " 03.jpg",
                    "imageUrl": "http://thewalkingdead-online.com/hq/albums/HQ/11%20-%20Tema%20Os%20Cacadores/66%20-%20Tema%20Os%20Cacadores/03.jpg"
                },
                {
                    "href": "04.jpg",
                    "text": " 04.jpg",
                    "imageUrl": "http://thewalkingdead-online.com/hq/albums/HQ/11%20-%20Tema%20Os%20Cacadores/66%20-%20Tema%20Os%20Cacadores/04.jpg"
                },
                {
                    "href": "05.jpg",
                    "text": " 05.jpg",
                    "imageUrl": "http://thewalkingdead-online.com/hq/albums/HQ/11%20-%20Tema%20Os%20Cacadores/66%20-%20Tema%20Os%20Cacadores/05.jpg"
                },
                {
                    "href": "06.jpg",
                    "text": " 06.jpg",
                    "imageUrl": "http://thewalkingdead-online.com/hq/albums/HQ/11%20-%20Tema%20Os%20Cacadores/66%20-%20Tema%20Os%20Cacadores/06.jpg"
                },
                {
                    "href": "07.jpg",
                    "text": " 07.jpg",
                    "imageUrl": "http://thewalkingdead-online.com/hq/albums/HQ/11%20-%20Tema%20Os%20Cacadores/66%20-%20Tema%20Os%20Cacadores/07.jpg"
                },
                {
                    "href": "08.jpg",
                    "text": " 08.jpg",
                    "imageUrl": "http://thewalkingdead-online.com/hq/albums/HQ/11%20-%20Tema%20Os%20Cacadores/66%20-%20Tema%20Os%20Cacadores/08.jpg"
                },
                {
                    "href": "09.jpg",
                    "text": " 09.jpg",
                    "imageUrl": "http://thewalkingdead-online.com/hq/albums/HQ/11%20-%20Tema%20Os%20Cacadores/66%20-%20Tema%20Os%20Cacadores/09.jpg"
                },
                {
                    "href": "10.jpg",
                    "text": " 10.jpg",
                    "imageUrl": "http://thewalkingdead-online.com/hq/albums/HQ/11%20-%20Tema%20Os%20Cacadores/66%20-%20Tema%20Os%20Cacadores/10.jpg"
                },
                {
                    "href": "11.jpg",
                    "text": " 11.jpg",
                    "imageUrl": "http://thewalkingdead-online.com/hq/albums/HQ/11%20-%20Tema%20Os%20Cacadores/66%20-%20Tema%20Os%20Cacadores/11.jpg"
                },
                {
                    "href": "12.jpg",
                    "text": " 12.jpg",
                    "imageUrl": "http://thewalkingdead-online.com/hq/albums/HQ/11%20-%20Tema%20Os%20Cacadores/66%20-%20Tema%20Os%20Cacadores/12.jpg"
                },
                {
                    "href": "13.jpg",
                    "text": " 13.jpg",
                    "imageUrl": "http://thewalkingdead-online.com/hq/albums/HQ/11%20-%20Tema%20Os%20Cacadores/66%20-%20Tema%20Os%20Cacadores/13.jpg"
                },
                {
                    "href": "14.jpg",
                    "text": " 14.jpg",
                    "imageUrl": "http://thewalkingdead-online.com/hq/albums/HQ/11%20-%20Tema%20Os%20Cacadores/66%20-%20Tema%20Os%20Cacadores/14.jpg"
                },
                {
                    "href": "15.jpg",
                    "text": " 15.jpg",
                    "imageUrl": "http://thewalkingdead-online.com/hq/albums/HQ/11%20-%20Tema%20Os%20Cacadores/66%20-%20Tema%20Os%20Cacadores/15.jpg"
                },
                {
                    "href": "16.jpg",
                    "text": " 16.jpg",
                    "imageUrl": "http://thewalkingdead-online.com/hq/albums/HQ/11%20-%20Tema%20Os%20Cacadores/66%20-%20Tema%20Os%20Cacadores/16.jpg"
                },
                {
                    "href": "17.jpg",
                    "text": " 17.jpg",
                    "imageUrl": "http://thewalkingdead-online.com/hq/albums/HQ/11%20-%20Tema%20Os%20Cacadores/66%20-%20Tema%20Os%20Cacadores/17.jpg"
                },
                {
                    "href": "18.jpg",
                    "text": " 18.jpg",
                    "imageUrl": "http://thewalkingdead-online.com/hq/albums/HQ/11%20-%20Tema%20Os%20Cacadores/66%20-%20Tema%20Os%20Cacadores/18.jpg"
                },
                {
                    "href": "19_wallpaper.jpg",
                    "text": " 19_wallpaper.jpg",
                    "imageUrl": "http://thewalkingdead-online.com/hq/albums/HQ/11%20-%20Tema%20Os%20Cacadores/66%20-%20Tema%20Os%20Cacadores/19_wallpaper.jpg"
                },
                {
                    "href": "26.jpg",
                    "text": " 26.jpg",
                    "imageUrl": "http://thewalkingdead-online.com/hq/albums/HQ/11%20-%20Tema%20Os%20Cacadores/66%20-%20Tema%20Os%20Cacadores/26.jpg"
                }
            ]
        }
    ]
}