{
    "href": "12%20-%20A%20Vida%20Entre%20Eles/",
    "text": " 12 - A Vida Entre Eles/",
    "chapters": [
        {
            "href": "67%20-%20A%20Vida%20Entre%20Eles/",
            "text": " 67 - A Vida Entre Eles/",
            "images": [
                {
                    "href": "wd_67_001.jpg",
                    "text": " wd_67_001.jpg",
                    "imageUrl": "http://thewalkingdead-online.com/hq/albums/HQ/12%20-%20A%20Vida%20Entre%20Eles/67%20-%20A%20Vida%20Entre%20Eles/wd_67_001.jpg"
                },
                {
                    "href": "wd_67_002.jpg",
                    "text": " wd_67_002.jpg",
                    "imageUrl": "http://thewalkingdead-online.com/hq/albums/HQ/12%20-%20A%20Vida%20Entre%20Eles/67%20-%20A%20Vida%20Entre%20Eles/wd_67_002.jpg"
                },
                {
                    "href": "wd_67_003.jpg",
                    "text": " wd_67_003.jpg",
                    "imageUrl": "http://thewalkingdead-online.com/hq/albums/HQ/12%20-%20A%20Vida%20Entre%20Eles/67%20-%20A%20Vida%20Entre%20Eles/wd_67_003.jpg"
                },
                {
                    "href": "wd_67_004-005.jpg",
                    "text": " wd_67_004-005.jpg",
                    "imageUrl": "http://thewalkingdead-online.com/hq/albums/HQ/12%20-%20A%20Vida%20Entre%20Eles/67%20-%20A%20Vida%20Entre%20Eles/wd_67_004-005.jpg"
                },
                {
                    "href": "wd_67_006.jpg",
                    "text": " wd_67_006.jpg",
                    "imageUrl": "http://thewalkingdead-online.com/hq/albums/HQ/12%20-%20A%20Vida%20Entre%20Eles/67%20-%20A%20Vida%20Entre%20Eles/wd_67_006.jpg"
                },
                {
                    "href": "wd_67_007.jpg",
                    "text": " wd_67_007.jpg",
                    "imageUrl": "http://thewalkingdead-online.com/hq/albums/HQ/12%20-%20A%20Vida%20Entre%20Eles/67%20-%20A%20Vida%20Entre%20Eles/wd_67_007.jpg"
                },
                {
                    "href": "wd_67_008.jpg",
                    "text": " wd_67_008.jpg",
                    "imageUrl": "http://thewalkingdead-online.com/hq/albums/HQ/12%20-%20A%20Vida%20Entre%20Eles/67%20-%20A%20Vida%20Entre%20Eles/wd_67_008.jpg"
                },
                {
                    "href": "wd_67_009.jpg",
                    "text": " wd_67_009.jpg",
                    "imageUrl": "http://thewalkingdead-online.com/hq/albums/HQ/12%20-%20A%20Vida%20Entre%20Eles/67%20-%20A%20Vida%20Entre%20Eles/wd_67_009.jpg"
                },
                {
                    "href": "wd_67_010.jpg",
                    "text": " wd_67_010.jpg",
                    "imageUrl": "http://thewalkingdead-online.com/hq/albums/HQ/12%20-%20A%20Vida%20Entre%20Eles/67%20-%20A%20Vida%20Entre%20Eles/wd_67_010.jpg"
                },
                {
                    "href": "wd_67_011.jpg",
                    "text": " wd_67_011.jpg",
                    "imageUrl": "http://thewalkingdead-online.com/hq/albums/HQ/12%20-%20A%20Vida%20Entre%20Eles/67%20-%20A%20Vida%20Entre%20Eles/wd_67_011.jpg"
                },
                {
                    "href": "wd_67_012.jpg",
                    "text": " wd_67_012.jpg",
                    "imageUrl": "http://thewalkingdead-online.com/hq/albums/HQ/12%20-%20A%20Vida%20Entre%20Eles/67%20-%20A%20Vida%20Entre%20Eles/wd_67_012.jpg"
                },
                {
                    "href": "wd_67_013.jpg",
                    "text": " wd_67_013.jpg",
                    "imageUrl": "http://thewalkingdead-online.com/hq/albums/HQ/12%20-%20A%20Vida%20Entre%20Eles/67%20-%20A%20Vida%20Entre%20Eles/wd_67_013.jpg"
                },
                {
                    "href": "wd_67_014.jpg",
                    "text": " wd_67_014.jpg",
                    "imageUrl": "http://thewalkingdead-online.com/hq/albums/HQ/12%20-%20A%20Vida%20Entre%20Eles/67%20-%20A%20Vida%20Entre%20Eles/wd_67_014.jpg"
                },
                {
                    "href": "wd_67_015.jpg",
                    "text": " wd_67_015.jpg",
                    "imageUrl": "http://thewalkingdead-online.com/hq/albums/HQ/12%20-%20A%20Vida%20Entre%20Eles/67%20-%20A%20Vida%20Entre%20Eles/wd_67_015.jpg"
                },
                {
                    "href": "wd_67_016.jpg",
                    "text": " wd_67_016.jpg",
                    "imageUrl": "http://thewalkingdead-online.com/hq/albums/HQ/12%20-%20A%20Vida%20Entre%20Eles/67%20-%20A%20Vida%20Entre%20Eles/wd_67_016.jpg"
                },
                {
                    "href": "wd_67_017.jpg",
                    "text": " wd_67_017.jpg",
                    "imageUrl": "http://thewalkingdead-online.com/hq/albums/HQ/12%20-%20A%20Vida%20Entre%20Eles/67%20-%20A%20Vida%20Entre%20Eles/wd_67_017.jpg"
                },
                {
                    "href": "wd_67_018.jpg",
                    "text": " wd_67_018.jpg",
                    "imageUrl": "http://thewalkingdead-online.com/hq/albums/HQ/12%20-%20A%20Vida%20Entre%20Eles/67%20-%20A%20Vida%20Entre%20Eles/wd_67_018.jpg"
                },
                {
                    "href": "wd_67_019.jpg",
                    "text": " wd_67_019.jpg",
                    "imageUrl": "http://thewalkingdead-online.com/hq/albums/HQ/12%20-%20A%20Vida%20Entre%20Eles/67%20-%20A%20Vida%20Entre%20Eles/wd_67_019.jpg"
                },
                {
                    "href": "wd_67_020.jpg",
                    "text": " wd_67_020.jpg",
                    "imageUrl": "http://thewalkingdead-online.com/hq/albums/HQ/12%20-%20A%20Vida%20Entre%20Eles/67%20-%20A%20Vida%20Entre%20Eles/wd_67_020.jpg"
                },
                {
                    "href": "wd_67_021.jpg",
                    "text": " wd_67_021.jpg",
                    "imageUrl": "http://thewalkingdead-online.com/hq/albums/HQ/12%20-%20A%20Vida%20Entre%20Eles/67%20-%20A%20Vida%20Entre%20Eles/wd_67_021.jpg"
                },
                {
                    "href": "wd_67_022.jpg",
                    "text": " wd_67_022.jpg",
                    "imageUrl": "http://thewalkingdead-online.com/hq/albums/HQ/12%20-%20A%20Vida%20Entre%20Eles/67%20-%20A%20Vida%20Entre%20Eles/wd_67_022.jpg"
                },
                {
                    "href": "wd_67_023.jpg",
                    "text": " wd_67_023.jpg",
                    "imageUrl": "http://thewalkingdead-online.com/hq/albums/HQ/12%20-%20A%20Vida%20Entre%20Eles/67%20-%20A%20Vida%20Entre%20Eles/wd_67_023.jpg"
                },
                {
                    "href": "wd_67_024.jpg",
                    "text": " wd_67_024.jpg",
                    "imageUrl": "http://thewalkingdead-online.com/hq/albums/HQ/12%20-%20A%20Vida%20Entre%20Eles/67%20-%20A%20Vida%20Entre%20Eles/wd_67_024.jpg"
                },
                {
                    "href": "wd_67_025.jpg",
                    "text": " wd_67_025.jpg",
                    "imageUrl": "http://thewalkingdead-online.com/hq/albums/HQ/12%20-%20A%20Vida%20Entre%20Eles/67%20-%20A%20Vida%20Entre%20Eles/wd_67_025.jpg"
                }
            ]
        },
        {
            "href": "68%20-%20A%20Vida%20Entre%20Eles/",
            "text": " 68 - A Vida Entre Eles/",
            "images": [
                {
                    "href": "01.jpg",
                    "text": " 01.jpg",
                    "imageUrl": "http://thewalkingdead-online.com/hq/albums/HQ/12%20-%20A%20Vida%20Entre%20Eles/68%20-%20A%20Vida%20Entre%20Eles/01.jpg"
                },
                {
                    "href": "02.jpg",
                    "text": " 02.jpg",
                    "imageUrl": "http://thewalkingdead-online.com/hq/albums/HQ/12%20-%20A%20Vida%20Entre%20Eles/68%20-%20A%20Vida%20Entre%20Eles/02.jpg"
                },
                {
                    "href": "03.jpg",
                    "text": " 03.jpg",
                    "imageUrl": "http://thewalkingdead-online.com/hq/albums/HQ/12%20-%20A%20Vida%20Entre%20Eles/68%20-%20A%20Vida%20Entre%20Eles/03.jpg"
                },
                {
                    "href": "04.jpg",
                    "text": " 04.jpg",
                    "imageUrl": "http://thewalkingdead-online.com/hq/albums/HQ/12%20-%20A%20Vida%20Entre%20Eles/68%20-%20A%20Vida%20Entre%20Eles/04.jpg"
                },
                {
                    "href": "06.jpg",
                    "text": " 06.jpg",
                    "imageUrl": "http://thewalkingdead-online.com/hq/albums/HQ/12%20-%20A%20Vida%20Entre%20Eles/68%20-%20A%20Vida%20Entre%20Eles/06.jpg"
                },
                {
                    "href": "07.jpg",
                    "text": " 07.jpg",
                    "imageUrl": "http://thewalkingdead-online.com/hq/albums/HQ/12%20-%20A%20Vida%20Entre%20Eles/68%20-%20A%20Vida%20Entre%20Eles/07.jpg"
                },
                {
                    "href": "08.jpg",
                    "text": " 08.jpg",
                    "imageUrl": "http://thewalkingdead-online.com/hq/albums/HQ/12%20-%20A%20Vida%20Entre%20Eles/68%20-%20A%20Vida%20Entre%20Eles/08.jpg"
                },
                {
                    "href": "09.jpg",
                    "text": " 09.jpg",
                    "imageUrl": "http://thewalkingdead-online.com/hq/albums/HQ/12%20-%20A%20Vida%20Entre%20Eles/68%20-%20A%20Vida%20Entre%20Eles/09.jpg"
                },
                {
                    "href": "10.jpg",
                    "text": " 10.jpg",
                    "imageUrl": "http://thewalkingdead-online.com/hq/albums/HQ/12%20-%20A%20Vida%20Entre%20Eles/68%20-%20A%20Vida%20Entre%20Eles/10.jpg"
                },
                {
                    "href": "11.jpg",
                    "text": " 11.jpg",
                    "imageUrl": "http://thewalkingdead-online.com/hq/albums/HQ/12%20-%20A%20Vida%20Entre%20Eles/68%20-%20A%20Vida%20Entre%20Eles/11.jpg"
                },
                {
                    "href": "12.jpg",
                    "text": " 12.jpg",
                    "imageUrl": "http://thewalkingdead-online.com/hq/albums/HQ/12%20-%20A%20Vida%20Entre%20Eles/68%20-%20A%20Vida%20Entre%20Eles/12.jpg"
                },
                {
                    "href": "14.jpg",
                    "text": " 14.jpg",
                    "imageUrl": "http://thewalkingdead-online.com/hq/albums/HQ/12%20-%20A%20Vida%20Entre%20Eles/68%20-%20A%20Vida%20Entre%20Eles/14.jpg"
                },
                {
                    "href": "15.jpg",
                    "text": " 15.jpg",
                    "imageUrl": "http://thewalkingdead-online.com/hq/albums/HQ/12%20-%20A%20Vida%20Entre%20Eles/68%20-%20A%20Vida%20Entre%20Eles/15.jpg"
                },
                {
                    "href": "16.jpg",
                    "text": " 16.jpg",
                    "imageUrl": "http://thewalkingdead-online.com/hq/albums/HQ/12%20-%20A%20Vida%20Entre%20Eles/68%20-%20A%20Vida%20Entre%20Eles/16.jpg"
                },
                {
                    "href": "17.jpg",
                    "text": " 17.jpg",
                    "imageUrl": "http://thewalkingdead-online.com/hq/albums/HQ/12%20-%20A%20Vida%20Entre%20Eles/68%20-%20A%20Vida%20Entre%20Eles/17.jpg"
                },
                {
                    "href": "18.jpg",
                    "text": " 18.jpg",
                    "imageUrl": "http://thewalkingdead-online.com/hq/albums/HQ/12%20-%20A%20Vida%20Entre%20Eles/68%20-%20A%20Vida%20Entre%20Eles/18.jpg"
                },
                {
                    "href": "19.jpg",
                    "text": " 19.jpg",
                    "imageUrl": "http://thewalkingdead-online.com/hq/albums/HQ/12%20-%20A%20Vida%20Entre%20Eles/68%20-%20A%20Vida%20Entre%20Eles/19.jpg"
                },
                {
                    "href": "20.jpg",
                    "text": " 20.jpg",
                    "imageUrl": "http://thewalkingdead-online.com/hq/albums/HQ/12%20-%20A%20Vida%20Entre%20Eles/68%20-%20A%20Vida%20Entre%20Eles/20.jpg"
                },
                {
                    "href": "21.jpg",
                    "text": " 21.jpg",
                    "imageUrl": "http://thewalkingdead-online.com/hq/albums/HQ/12%20-%20A%20Vida%20Entre%20Eles/68%20-%20A%20Vida%20Entre%20Eles/21.jpg"
                },
                {
                    "href": "22.jpg",
                    "text": " 22.jpg",
                    "imageUrl": "http://thewalkingdead-online.com/hq/albums/HQ/12%20-%20A%20Vida%20Entre%20Eles/68%20-%20A%20Vida%20Entre%20Eles/22.jpg"
                },
                {
                    "href": "23.jpg",
                    "text": " 23.jpg",
                    "imageUrl": "http://thewalkingdead-online.com/hq/albums/HQ/12%20-%20A%20Vida%20Entre%20Eles/68%20-%20A%20Vida%20Entre%20Eles/23.jpg"
                },
                {
                    "href": "24.jpg",
                    "text": " 24.jpg",
                    "imageUrl": "http://thewalkingdead-online.com/hq/albums/HQ/12%20-%20A%20Vida%20Entre%20Eles/68%20-%20A%20Vida%20Entre%20Eles/24.jpg"
                },
                {
                    "href": "25.jpg",
                    "text": " 25.jpg",
                    "imageUrl": "http://thewalkingdead-online.com/hq/albums/HQ/12%20-%20A%20Vida%20Entre%20Eles/68%20-%20A%20Vida%20Entre%20Eles/25.jpg"
                },
                {
                    "href": "26_wallpaper.jpg",
                    "text": " 26_wallpaper.jpg",
                    "imageUrl": "http://thewalkingdead-online.com/hq/albums/HQ/12%20-%20A%20Vida%20Entre%20Eles/68%20-%20A%20Vida%20Entre%20Eles/26_wallpaper.jpg"
                }
            ]
        },
        {
            "href": "69%20-%20A%20Vida%20Entre%20Eles/",
            "text": " 69 - A Vida Entre Eles/",
            "images": [
                {
                    "href": "01.jpg",
                    "text": " 01.jpg",
                    "imageUrl": "http://thewalkingdead-online.com/hq/albums/HQ/12%20-%20A%20Vida%20Entre%20Eles/69%20-%20A%20Vida%20Entre%20Eles/01.jpg"
                },
                {
                    "href": "02.jpg",
                    "text": " 02.jpg",
                    "imageUrl": "http://thewalkingdead-online.com/hq/albums/HQ/12%20-%20A%20Vida%20Entre%20Eles/69%20-%20A%20Vida%20Entre%20Eles/02.jpg"
                },
                {
                    "href": "03.jpg",
                    "text": " 03.jpg",
                    "imageUrl": "http://thewalkingdead-online.com/hq/albums/HQ/12%20-%20A%20Vida%20Entre%20Eles/69%20-%20A%20Vida%20Entre%20Eles/03.jpg"
                },
                {
                    "href": "04.jpg",
                    "text": " 04.jpg",
                    "imageUrl": "http://thewalkingdead-online.com/hq/albums/HQ/12%20-%20A%20Vida%20Entre%20Eles/69%20-%20A%20Vida%20Entre%20Eles/04.jpg"
                },
                {
                    "href": "05.jpg",
                    "text": " 05.jpg",
                    "imageUrl": "http://thewalkingdead-online.com/hq/albums/HQ/12%20-%20A%20Vida%20Entre%20Eles/69%20-%20A%20Vida%20Entre%20Eles/05.jpg"
                },
                {
                    "href": "06.jpg",
                    "text": " 06.jpg",
                    "imageUrl": "http://thewalkingdead-online.com/hq/albums/HQ/12%20-%20A%20Vida%20Entre%20Eles/69%20-%20A%20Vida%20Entre%20Eles/06.jpg"
                },
                {
                    "href": "07.jpg",
                    "text": " 07.jpg",
                    "imageUrl": "http://thewalkingdead-online.com/hq/albums/HQ/12%20-%20A%20Vida%20Entre%20Eles/69%20-%20A%20Vida%20Entre%20Eles/07.jpg"
                },
                {
                    "href": "08.jpg",
                    "text": " 08.jpg",
                    "imageUrl": "http://thewalkingdead-online.com/hq/albums/HQ/12%20-%20A%20Vida%20Entre%20Eles/69%20-%20A%20Vida%20Entre%20Eles/08.jpg"
                },
                {
                    "href": "09.jpg",
                    "text": " 09.jpg",
                    "imageUrl": "http://thewalkingdead-online.com/hq/albums/HQ/12%20-%20A%20Vida%20Entre%20Eles/69%20-%20A%20Vida%20Entre%20Eles/09.jpg"
                },
                {
                    "href": "10.jpg",
                    "text": " 10.jpg",
                    "imageUrl": "http://thewalkingdead-online.com/hq/albums/HQ/12%20-%20A%20Vida%20Entre%20Eles/69%20-%20A%20Vida%20Entre%20Eles/10.jpg"
                },
                {
                    "href": "11.jpg",
                    "text": " 11.jpg",
                    "imageUrl": "http://thewalkingdead-online.com/hq/albums/HQ/12%20-%20A%20Vida%20Entre%20Eles/69%20-%20A%20Vida%20Entre%20Eles/11.jpg"
                },
                {
                    "href": "12.jpg",
                    "text": " 12.jpg",
                    "imageUrl": "http://thewalkingdead-online.com/hq/albums/HQ/12%20-%20A%20Vida%20Entre%20Eles/69%20-%20A%20Vida%20Entre%20Eles/12.jpg"
                },
                {
                    "href": "13.jpg",
                    "text": " 13.jpg",
                    "imageUrl": "http://thewalkingdead-online.com/hq/albums/HQ/12%20-%20A%20Vida%20Entre%20Eles/69%20-%20A%20Vida%20Entre%20Eles/13.jpg"
                },
                {
                    "href": "14.jpg",
                    "text": " 14.jpg",
                    "imageUrl": "http://thewalkingdead-online.com/hq/albums/HQ/12%20-%20A%20Vida%20Entre%20Eles/69%20-%20A%20Vida%20Entre%20Eles/14.jpg"
                },
                {
                    "href": "15.jpg",
                    "text": " 15.jpg",
                    "imageUrl": "http://thewalkingdead-online.com/hq/albums/HQ/12%20-%20A%20Vida%20Entre%20Eles/69%20-%20A%20Vida%20Entre%20Eles/15.jpg"
                },
                {
                    "href": "16.jpg",
                    "text": " 16.jpg",
                    "imageUrl": "http://thewalkingdead-online.com/hq/albums/HQ/12%20-%20A%20Vida%20Entre%20Eles/69%20-%20A%20Vida%20Entre%20Eles/16.jpg"
                },
                {
                    "href": "17.jpg",
                    "text": " 17.jpg",
                    "imageUrl": "http://thewalkingdead-online.com/hq/albums/HQ/12%20-%20A%20Vida%20Entre%20Eles/69%20-%20A%20Vida%20Entre%20Eles/17.jpg"
                },
                {
                    "href": "18.jpg",
                    "text": " 18.jpg",
                    "imageUrl": "http://thewalkingdead-online.com/hq/albums/HQ/12%20-%20A%20Vida%20Entre%20Eles/69%20-%20A%20Vida%20Entre%20Eles/18.jpg"
                },
                {
                    "href": "19.jpg",
                    "text": " 19.jpg",
                    "imageUrl": "http://thewalkingdead-online.com/hq/albums/HQ/12%20-%20A%20Vida%20Entre%20Eles/69%20-%20A%20Vida%20Entre%20Eles/19.jpg"
                },
                {
                    "href": "20.jpg",
                    "text": " 20.jpg",
                    "imageUrl": "http://thewalkingdead-online.com/hq/albums/HQ/12%20-%20A%20Vida%20Entre%20Eles/69%20-%20A%20Vida%20Entre%20Eles/20.jpg"
                },
                {
                    "href": "26.jpg",
                    "text": " 26.jpg",
                    "imageUrl": "http://thewalkingdead-online.com/hq/albums/HQ/12%20-%20A%20Vida%20Entre%20Eles/69%20-%20A%20Vida%20Entre%20Eles/26.jpg"
                },
                {
                    "href": "27_wallpaper.jpg",
                    "text": " 27_wallpaper.jpg",
                    "imageUrl": "http://thewalkingdead-online.com/hq/albums/HQ/12%20-%20A%20Vida%20Entre%20Eles/69%20-%20A%20Vida%20Entre%20Eles/27_wallpaper.jpg"
                }
            ]
        },
        {
            "href": "70%20-%20A%20Vida%20Entre%20Eles/",
            "text": " 70 - A Vida Entre Eles/",
            "images": [
                {
                    "href": "00.jpg",
                    "text": " 00.jpg",
                    "imageUrl": "http://thewalkingdead-online.com/hq/albums/HQ/12%20-%20A%20Vida%20Entre%20Eles/70%20-%20A%20Vida%20Entre%20Eles/00.jpg"
                },
                {
                    "href": "01.jpg",
                    "text": " 01.jpg",
                    "imageUrl": "http://thewalkingdead-online.com/hq/albums/HQ/12%20-%20A%20Vida%20Entre%20Eles/70%20-%20A%20Vida%20Entre%20Eles/01.jpg"
                },
                {
                    "href": "02.jpg",
                    "text": " 02.jpg",
                    "imageUrl": "http://thewalkingdead-online.com/hq/albums/HQ/12%20-%20A%20Vida%20Entre%20Eles/70%20-%20A%20Vida%20Entre%20Eles/02.jpg"
                },
                {
                    "href": "03.jpg",
                    "text": " 03.jpg",
                    "imageUrl": "http://thewalkingdead-online.com/hq/albums/HQ/12%20-%20A%20Vida%20Entre%20Eles/70%20-%20A%20Vida%20Entre%20Eles/03.jpg"
                },
                {
                    "href": "04.jpg",
                    "text": " 04.jpg",
                    "imageUrl": "http://thewalkingdead-online.com/hq/albums/HQ/12%20-%20A%20Vida%20Entre%20Eles/70%20-%20A%20Vida%20Entre%20Eles/04.jpg"
                },
                {
                    "href": "05.jpg",
                    "text": " 05.jpg",
                    "imageUrl": "http://thewalkingdead-online.com/hq/albums/HQ/12%20-%20A%20Vida%20Entre%20Eles/70%20-%20A%20Vida%20Entre%20Eles/05.jpg"
                },
                {
                    "href": "06.jpg",
                    "text": " 06.jpg",
                    "imageUrl": "http://thewalkingdead-online.com/hq/albums/HQ/12%20-%20A%20Vida%20Entre%20Eles/70%20-%20A%20Vida%20Entre%20Eles/06.jpg"
                },
                {
                    "href": "07.jpg",
                    "text": " 07.jpg",
                    "imageUrl": "http://thewalkingdead-online.com/hq/albums/HQ/12%20-%20A%20Vida%20Entre%20Eles/70%20-%20A%20Vida%20Entre%20Eles/07.jpg"
                },
                {
                    "href": "08.jpg",
                    "text": " 08.jpg",
                    "imageUrl": "http://thewalkingdead-online.com/hq/albums/HQ/12%20-%20A%20Vida%20Entre%20Eles/70%20-%20A%20Vida%20Entre%20Eles/08.jpg"
                },
                {
                    "href": "09.jpg",
                    "text": " 09.jpg",
                    "imageUrl": "http://thewalkingdead-online.com/hq/albums/HQ/12%20-%20A%20Vida%20Entre%20Eles/70%20-%20A%20Vida%20Entre%20Eles/09.jpg"
                },
                {
                    "href": "10.jpg",
                    "text": " 10.jpg",
                    "imageUrl": "http://thewalkingdead-online.com/hq/albums/HQ/12%20-%20A%20Vida%20Entre%20Eles/70%20-%20A%20Vida%20Entre%20Eles/10.jpg"
                },
                {
                    "href": "11.jpg",
                    "text": " 11.jpg",
                    "imageUrl": "http://thewalkingdead-online.com/hq/albums/HQ/12%20-%20A%20Vida%20Entre%20Eles/70%20-%20A%20Vida%20Entre%20Eles/11.jpg"
                },
                {
                    "href": "12.jpg",
                    "text": " 12.jpg",
                    "imageUrl": "http://thewalkingdead-online.com/hq/albums/HQ/12%20-%20A%20Vida%20Entre%20Eles/70%20-%20A%20Vida%20Entre%20Eles/12.jpg"
                },
                {
                    "href": "13.jpg",
                    "text": " 13.jpg",
                    "imageUrl": "http://thewalkingdead-online.com/hq/albums/HQ/12%20-%20A%20Vida%20Entre%20Eles/70%20-%20A%20Vida%20Entre%20Eles/13.jpg"
                },
                {
                    "href": "14.jpg",
                    "text": " 14.jpg",
                    "imageUrl": "http://thewalkingdead-online.com/hq/albums/HQ/12%20-%20A%20Vida%20Entre%20Eles/70%20-%20A%20Vida%20Entre%20Eles/14.jpg"
                },
                {
                    "href": "15.jpg",
                    "text": " 15.jpg",
                    "imageUrl": "http://thewalkingdead-online.com/hq/albums/HQ/12%20-%20A%20Vida%20Entre%20Eles/70%20-%20A%20Vida%20Entre%20Eles/15.jpg"
                },
                {
                    "href": "16.jpg",
                    "text": " 16.jpg",
                    "imageUrl": "http://thewalkingdead-online.com/hq/albums/HQ/12%20-%20A%20Vida%20Entre%20Eles/70%20-%20A%20Vida%20Entre%20Eles/16.jpg"
                },
                {
                    "href": "17.jpg",
                    "text": " 17.jpg",
                    "imageUrl": "http://thewalkingdead-online.com/hq/albums/HQ/12%20-%20A%20Vida%20Entre%20Eles/70%20-%20A%20Vida%20Entre%20Eles/17.jpg"
                },
                {
                    "href": "18.jpg",
                    "text": " 18.jpg",
                    "imageUrl": "http://thewalkingdead-online.com/hq/albums/HQ/12%20-%20A%20Vida%20Entre%20Eles/70%20-%20A%20Vida%20Entre%20Eles/18.jpg"
                },
                {
                    "href": "19.jpg",
                    "text": " 19.jpg",
                    "imageUrl": "http://thewalkingdead-online.com/hq/albums/HQ/12%20-%20A%20Vida%20Entre%20Eles/70%20-%20A%20Vida%20Entre%20Eles/19.jpg"
                },
                {
                    "href": "20.jpg",
                    "text": " 20.jpg",
                    "imageUrl": "http://thewalkingdead-online.com/hq/albums/HQ/12%20-%20A%20Vida%20Entre%20Eles/70%20-%20A%20Vida%20Entre%20Eles/20.jpg"
                },
                {
                    "href": "21.jpg",
                    "text": " 21.jpg",
                    "imageUrl": "http://thewalkingdead-online.com/hq/albums/HQ/12%20-%20A%20Vida%20Entre%20Eles/70%20-%20A%20Vida%20Entre%20Eles/21.jpg"
                },
                {
                    "href": "22.jpg",
                    "text": " 22.jpg",
                    "imageUrl": "http://thewalkingdead-online.com/hq/albums/HQ/12%20-%20A%20Vida%20Entre%20Eles/70%20-%20A%20Vida%20Entre%20Eles/22.jpg"
                },
                {
                    "href": "23.jpg",
                    "text": " 23.jpg",
                    "imageUrl": "http://thewalkingdead-online.com/hq/albums/HQ/12%20-%20A%20Vida%20Entre%20Eles/70%20-%20A%20Vida%20Entre%20Eles/23.jpg"
                },
                {
                    "href": "24.jpg",
                    "text": " 24.jpg",
                    "imageUrl": "http://thewalkingdead-online.com/hq/albums/HQ/12%20-%20A%20Vida%20Entre%20Eles/70%20-%20A%20Vida%20Entre%20Eles/24.jpg"
                }
            ]
        },
        {
            "href": "71%20-%20A%20Vida%20Entre%20Eles/",
            "text": " 71 - A Vida Entre Eles/",
            "images": [
                {
                    "href": "01.jpg",
                    "text": " 01.jpg",
                    "imageUrl": "http://thewalkingdead-online.com/hq/albums/HQ/12%20-%20A%20Vida%20Entre%20Eles/71%20-%20A%20Vida%20Entre%20Eles/01.jpg"
                },
                {
                    "href": "02.jpg",
                    "text": " 02.jpg",
                    "imageUrl": "http://thewalkingdead-online.com/hq/albums/HQ/12%20-%20A%20Vida%20Entre%20Eles/71%20-%20A%20Vida%20Entre%20Eles/02.jpg"
                },
                {
                    "href": "03.jpg",
                    "text": " 03.jpg",
                    "imageUrl": "http://thewalkingdead-online.com/hq/albums/HQ/12%20-%20A%20Vida%20Entre%20Eles/71%20-%20A%20Vida%20Entre%20Eles/03.jpg"
                },
                {
                    "href": "04.jpg",
                    "text": " 04.jpg",
                    "imageUrl": "http://thewalkingdead-online.com/hq/albums/HQ/12%20-%20A%20Vida%20Entre%20Eles/71%20-%20A%20Vida%20Entre%20Eles/04.jpg"
                },
                {
                    "href": "05.jpg",
                    "text": " 05.jpg",
                    "imageUrl": "http://thewalkingdead-online.com/hq/albums/HQ/12%20-%20A%20Vida%20Entre%20Eles/71%20-%20A%20Vida%20Entre%20Eles/05.jpg"
                },
                {
                    "href": "06.jpg",
                    "text": " 06.jpg",
                    "imageUrl": "http://thewalkingdead-online.com/hq/albums/HQ/12%20-%20A%20Vida%20Entre%20Eles/71%20-%20A%20Vida%20Entre%20Eles/06.jpg"
                },
                {
                    "href": "07.jpg",
                    "text": " 07.jpg",
                    "imageUrl": "http://thewalkingdead-online.com/hq/albums/HQ/12%20-%20A%20Vida%20Entre%20Eles/71%20-%20A%20Vida%20Entre%20Eles/07.jpg"
                },
                {
                    "href": "08.jpg",
                    "text": " 08.jpg",
                    "imageUrl": "http://thewalkingdead-online.com/hq/albums/HQ/12%20-%20A%20Vida%20Entre%20Eles/71%20-%20A%20Vida%20Entre%20Eles/08.jpg"
                },
                {
                    "href": "09.jpg",
                    "text": " 09.jpg",
                    "imageUrl": "http://thewalkingdead-online.com/hq/albums/HQ/12%20-%20A%20Vida%20Entre%20Eles/71%20-%20A%20Vida%20Entre%20Eles/09.jpg"
                },
                {
                    "href": "11.jpg",
                    "text": " 11.jpg",
                    "imageUrl": "http://thewalkingdead-online.com/hq/albums/HQ/12%20-%20A%20Vida%20Entre%20Eles/71%20-%20A%20Vida%20Entre%20Eles/11.jpg"
                },
                {
                    "href": "12.jpg",
                    "text": " 12.jpg",
                    "imageUrl": "http://thewalkingdead-online.com/hq/albums/HQ/12%20-%20A%20Vida%20Entre%20Eles/71%20-%20A%20Vida%20Entre%20Eles/12.jpg"
                },
                {
                    "href": "13.jpg",
                    "text": " 13.jpg",
                    "imageUrl": "http://thewalkingdead-online.com/hq/albums/HQ/12%20-%20A%20Vida%20Entre%20Eles/71%20-%20A%20Vida%20Entre%20Eles/13.jpg"
                },
                {
                    "href": "14.jpg",
                    "text": " 14.jpg",
                    "imageUrl": "http://thewalkingdead-online.com/hq/albums/HQ/12%20-%20A%20Vida%20Entre%20Eles/71%20-%20A%20Vida%20Entre%20Eles/14.jpg"
                },
                {
                    "href": "15.jpg",
                    "text": " 15.jpg",
                    "imageUrl": "http://thewalkingdead-online.com/hq/albums/HQ/12%20-%20A%20Vida%20Entre%20Eles/71%20-%20A%20Vida%20Entre%20Eles/15.jpg"
                },
                {
                    "href": "16.jpg",
                    "text": " 16.jpg",
                    "imageUrl": "http://thewalkingdead-online.com/hq/albums/HQ/12%20-%20A%20Vida%20Entre%20Eles/71%20-%20A%20Vida%20Entre%20Eles/16.jpg"
                },
                {
                    "href": "18.jpg",
                    "text": " 18.jpg",
                    "imageUrl": "http://thewalkingdead-online.com/hq/albums/HQ/12%20-%20A%20Vida%20Entre%20Eles/71%20-%20A%20Vida%20Entre%20Eles/18.jpg"
                },
                {
                    "href": "19.jpg",
                    "text": " 19.jpg",
                    "imageUrl": "http://thewalkingdead-online.com/hq/albums/HQ/12%20-%20A%20Vida%20Entre%20Eles/71%20-%20A%20Vida%20Entre%20Eles/19.jpg"
                },
                {
                    "href": "20.jpg",
                    "text": " 20.jpg",
                    "imageUrl": "http://thewalkingdead-online.com/hq/albums/HQ/12%20-%20A%20Vida%20Entre%20Eles/71%20-%20A%20Vida%20Entre%20Eles/20.jpg"
                },
                {
                    "href": "21.jpg",
                    "text": " 21.jpg",
                    "imageUrl": "http://thewalkingdead-online.com/hq/albums/HQ/12%20-%20A%20Vida%20Entre%20Eles/71%20-%20A%20Vida%20Entre%20Eles/21.jpg"
                },
                {
                    "href": "22.jpg",
                    "text": " 22.jpg",
                    "imageUrl": "http://thewalkingdead-online.com/hq/albums/HQ/12%20-%20A%20Vida%20Entre%20Eles/71%20-%20A%20Vida%20Entre%20Eles/22.jpg"
                },
                {
                    "href": "23.jpg",
                    "text": " 23.jpg",
                    "imageUrl": "http://thewalkingdead-online.com/hq/albums/HQ/12%20-%20A%20Vida%20Entre%20Eles/71%20-%20A%20Vida%20Entre%20Eles/23.jpg"
                },
                {
                    "href": "24.jpg",
                    "text": " 24.jpg",
                    "imageUrl": "http://thewalkingdead-online.com/hq/albums/HQ/12%20-%20A%20Vida%20Entre%20Eles/71%20-%20A%20Vida%20Entre%20Eles/24.jpg"
                },
                {
                    "href": "99.jpg",
                    "text": " 99.jpg",
                    "imageUrl": "http://thewalkingdead-online.com/hq/albums/HQ/12%20-%20A%20Vida%20Entre%20Eles/71%20-%20A%20Vida%20Entre%20Eles/99.jpg"
                }
            ]
        },
        {
            "href": "72%20-%20A%20Vida%20Entre%20Eles/",
            "text": " 72 - A Vida Entre Eles/",
            "images": [
                {
                    "href": "01.jpg",
                    "text": " 01.jpg",
                    "imageUrl": "http://thewalkingdead-online.com/hq/albums/HQ/12%20-%20A%20Vida%20Entre%20Eles/72%20-%20A%20Vida%20Entre%20Eles/01.jpg"
                },
                {
                    "href": "02.jpg",
                    "text": " 02.jpg",
                    "imageUrl": "http://thewalkingdead-online.com/hq/albums/HQ/12%20-%20A%20Vida%20Entre%20Eles/72%20-%20A%20Vida%20Entre%20Eles/02.jpg"
                },
                {
                    "href": "03.jpg",
                    "text": " 03.jpg",
                    "imageUrl": "http://thewalkingdead-online.com/hq/albums/HQ/12%20-%20A%20Vida%20Entre%20Eles/72%20-%20A%20Vida%20Entre%20Eles/03.jpg"
                },
                {
                    "href": "04.jpg",
                    "text": " 04.jpg",
                    "imageUrl": "http://thewalkingdead-online.com/hq/albums/HQ/12%20-%20A%20Vida%20Entre%20Eles/72%20-%20A%20Vida%20Entre%20Eles/04.jpg"
                },
                {
                    "href": "05.jpg",
                    "text": " 05.jpg",
                    "imageUrl": "http://thewalkingdead-online.com/hq/albums/HQ/12%20-%20A%20Vida%20Entre%20Eles/72%20-%20A%20Vida%20Entre%20Eles/05.jpg"
                },
                {
                    "href": "06.jpg",
                    "text": " 06.jpg",
                    "imageUrl": "http://thewalkingdead-online.com/hq/albums/HQ/12%20-%20A%20Vida%20Entre%20Eles/72%20-%20A%20Vida%20Entre%20Eles/06.jpg"
                },
                {
                    "href": "07.jpg",
                    "text": " 07.jpg",
                    "imageUrl": "http://thewalkingdead-online.com/hq/albums/HQ/12%20-%20A%20Vida%20Entre%20Eles/72%20-%20A%20Vida%20Entre%20Eles/07.jpg"
                },
                {
                    "href": "08.jpg",
                    "text": " 08.jpg",
                    "imageUrl": "http://thewalkingdead-online.com/hq/albums/HQ/12%20-%20A%20Vida%20Entre%20Eles/72%20-%20A%20Vida%20Entre%20Eles/08.jpg"
                },
                {
                    "href": "09.jpg",
                    "text": " 09.jpg",
                    "imageUrl": "http://thewalkingdead-online.com/hq/albums/HQ/12%20-%20A%20Vida%20Entre%20Eles/72%20-%20A%20Vida%20Entre%20Eles/09.jpg"
                },
                {
                    "href": "10.jpg",
                    "text": " 10.jpg",
                    "imageUrl": "http://thewalkingdead-online.com/hq/albums/HQ/12%20-%20A%20Vida%20Entre%20Eles/72%20-%20A%20Vida%20Entre%20Eles/10.jpg"
                },
                {
                    "href": "11.jpg",
                    "text": " 11.jpg",
                    "imageUrl": "http://thewalkingdead-online.com/hq/albums/HQ/12%20-%20A%20Vida%20Entre%20Eles/72%20-%20A%20Vida%20Entre%20Eles/11.jpg"
                },
                {
                    "href": "12.jpg",
                    "text": " 12.jpg",
                    "imageUrl": "http://thewalkingdead-online.com/hq/albums/HQ/12%20-%20A%20Vida%20Entre%20Eles/72%20-%20A%20Vida%20Entre%20Eles/12.jpg"
                },
                {
                    "href": "13.jpg",
                    "text": " 13.jpg",
                    "imageUrl": "http://thewalkingdead-online.com/hq/albums/HQ/12%20-%20A%20Vida%20Entre%20Eles/72%20-%20A%20Vida%20Entre%20Eles/13.jpg"
                },
                {
                    "href": "14.jpg",
                    "text": " 14.jpg",
                    "imageUrl": "http://thewalkingdead-online.com/hq/albums/HQ/12%20-%20A%20Vida%20Entre%20Eles/72%20-%20A%20Vida%20Entre%20Eles/14.jpg"
                },
                {
                    "href": "15.jpg",
                    "text": " 15.jpg",
                    "imageUrl": "http://thewalkingdead-online.com/hq/albums/HQ/12%20-%20A%20Vida%20Entre%20Eles/72%20-%20A%20Vida%20Entre%20Eles/15.jpg"
                },
                {
                    "href": "16.jpg",
                    "text": " 16.jpg",
                    "imageUrl": "http://thewalkingdead-online.com/hq/albums/HQ/12%20-%20A%20Vida%20Entre%20Eles/72%20-%20A%20Vida%20Entre%20Eles/16.jpg"
                },
                {
                    "href": "17.jpg",
                    "text": " 17.jpg",
                    "imageUrl": "http://thewalkingdead-online.com/hq/albums/HQ/12%20-%20A%20Vida%20Entre%20Eles/72%20-%20A%20Vida%20Entre%20Eles/17.jpg"
                },
                {
                    "href": "18.jpg",
                    "text": " 18.jpg",
                    "imageUrl": "http://thewalkingdead-online.com/hq/albums/HQ/12%20-%20A%20Vida%20Entre%20Eles/72%20-%20A%20Vida%20Entre%20Eles/18.jpg"
                },
                {
                    "href": "19.jpg",
                    "text": " 19.jpg",
                    "imageUrl": "http://thewalkingdead-online.com/hq/albums/HQ/12%20-%20A%20Vida%20Entre%20Eles/72%20-%20A%20Vida%20Entre%20Eles/19.jpg"
                },
                {
                    "href": "20.jpg",
                    "text": " 20.jpg",
                    "imageUrl": "http://thewalkingdead-online.com/hq/albums/HQ/12%20-%20A%20Vida%20Entre%20Eles/72%20-%20A%20Vida%20Entre%20Eles/20.jpg"
                },
                {
                    "href": "21.jpg",
                    "text": " 21.jpg",
                    "imageUrl": "http://thewalkingdead-online.com/hq/albums/HQ/12%20-%20A%20Vida%20Entre%20Eles/72%20-%20A%20Vida%20Entre%20Eles/21.jpg"
                },
                {
                    "href": "22.jpg",
                    "text": " 22.jpg",
                    "imageUrl": "http://thewalkingdead-online.com/hq/albums/HQ/12%20-%20A%20Vida%20Entre%20Eles/72%20-%20A%20Vida%20Entre%20Eles/22.jpg"
                },
                {
                    "href": "23.jpg",
                    "text": " 23.jpg",
                    "imageUrl": "http://thewalkingdead-online.com/hq/albums/HQ/12%20-%20A%20Vida%20Entre%20Eles/72%20-%20A%20Vida%20Entre%20Eles/23.jpg"
                },
                {
                    "href": "24.jpg",
                    "text": " 24.jpg",
                    "imageUrl": "http://thewalkingdead-online.com/hq/albums/HQ/12%20-%20A%20Vida%20Entre%20Eles/72%20-%20A%20Vida%20Entre%20Eles/24.jpg"
                },
                {
                    "href": "25.jpg",
                    "text": " 25.jpg",
                    "imageUrl": "http://thewalkingdead-online.com/hq/albums/HQ/12%20-%20A%20Vida%20Entre%20Eles/72%20-%20A%20Vida%20Entre%20Eles/25.jpg"
                }
            ]
        }
    ]
}