{
    "href": "13%20-%20Indo%20Longe%20Demais/",
    "text": " 13 - Indo Longe Demais/",
    "chapters": [
        {
            "href": "73%20-%20Indo%20Longe%20Demais/",
            "text": " 73 - Indo Longe Demais/",
            "images": [
                {
                    "href": "00a.jpg",
                    "text": " 00a.jpg",
                    "imageUrl": "http://thewalkingdead-online.com/hq/albums/HQ/13%20-%20Indo%20Longe%20Demais/73%20-%20Indo%20Longe%20Demais/00a.jpg"
                },
                {
                    "href": "00b.jpg",
                    "text": " 00b.jpg",
                    "imageUrl": "http://thewalkingdead-online.com/hq/albums/HQ/13%20-%20Indo%20Longe%20Demais/73%20-%20Indo%20Longe%20Demais/00b.jpg"
                },
                {
                    "href": "01.jpg",
                    "text": " 01.jpg",
                    "imageUrl": "http://thewalkingdead-online.com/hq/albums/HQ/13%20-%20Indo%20Longe%20Demais/73%20-%20Indo%20Longe%20Demais/01.jpg"
                },
                {
                    "href": "02.jpg",
                    "text": " 02.jpg",
                    "imageUrl": "http://thewalkingdead-online.com/hq/albums/HQ/13%20-%20Indo%20Longe%20Demais/73%20-%20Indo%20Longe%20Demais/02.jpg"
                },
                {
                    "href": "03.jpg",
                    "text": " 03.jpg",
                    "imageUrl": "http://thewalkingdead-online.com/hq/albums/HQ/13%20-%20Indo%20Longe%20Demais/73%20-%20Indo%20Longe%20Demais/03.jpg"
                },
                {
                    "href": "04.jpg",
                    "text": " 04.jpg",
                    "imageUrl": "http://thewalkingdead-online.com/hq/albums/HQ/13%20-%20Indo%20Longe%20Demais/73%20-%20Indo%20Longe%20Demais/04.jpg"
                },
                {
                    "href": "05.jpg",
                    "text": " 05.jpg",
                    "imageUrl": "http://thewalkingdead-online.com/hq/albums/HQ/13%20-%20Indo%20Longe%20Demais/73%20-%20Indo%20Longe%20Demais/05.jpg"
                },
                {
                    "href": "06.jpg",
                    "text": " 06.jpg",
                    "imageUrl": "http://thewalkingdead-online.com/hq/albums/HQ/13%20-%20Indo%20Longe%20Demais/73%20-%20Indo%20Longe%20Demais/06.jpg"
                },
                {
                    "href": "07.jpg",
                    "text": " 07.jpg",
                    "imageUrl": "http://thewalkingdead-online.com/hq/albums/HQ/13%20-%20Indo%20Longe%20Demais/73%20-%20Indo%20Longe%20Demais/07.jpg"
                },
                {
                    "href": "08.jpg",
                    "text": " 08.jpg",
                    "imageUrl": "http://thewalkingdead-online.com/hq/albums/HQ/13%20-%20Indo%20Longe%20Demais/73%20-%20Indo%20Longe%20Demais/08.jpg"
                },
                {
                    "href": "09.jpg",
                    "text": " 09.jpg",
                    "imageUrl": "http://thewalkingdead-online.com/hq/albums/HQ/13%20-%20Indo%20Longe%20Demais/73%20-%20Indo%20Longe%20Demais/09.jpg"
                },
                {
                    "href": "10.jpg",
                    "text": " 10.jpg",
                    "imageUrl": "http://thewalkingdead-online.com/hq/albums/HQ/13%20-%20Indo%20Longe%20Demais/73%20-%20Indo%20Longe%20Demais/10.jpg"
                },
                {
                    "href": "11.jpg",
                    "text": " 11.jpg",
                    "imageUrl": "http://thewalkingdead-online.com/hq/albums/HQ/13%20-%20Indo%20Longe%20Demais/73%20-%20Indo%20Longe%20Demais/11.jpg"
                },
                {
                    "href": "12.jpg",
                    "text": " 12.jpg",
                    "imageUrl": "http://thewalkingdead-online.com/hq/albums/HQ/13%20-%20Indo%20Longe%20Demais/73%20-%20Indo%20Longe%20Demais/12.jpg"
                },
                {
                    "href": "13.jpg",
                    "text": " 13.jpg",
                    "imageUrl": "http://thewalkingdead-online.com/hq/albums/HQ/13%20-%20Indo%20Longe%20Demais/73%20-%20Indo%20Longe%20Demais/13.jpg"
                },
                {
                    "href": "14.jpg",
                    "text": " 14.jpg",
                    "imageUrl": "http://thewalkingdead-online.com/hq/albums/HQ/13%20-%20Indo%20Longe%20Demais/73%20-%20Indo%20Longe%20Demais/14.jpg"
                },
                {
                    "href": "15.jpg",
                    "text": " 15.jpg",
                    "imageUrl": "http://thewalkingdead-online.com/hq/albums/HQ/13%20-%20Indo%20Longe%20Demais/73%20-%20Indo%20Longe%20Demais/15.jpg"
                },
                {
                    "href": "16.jpg",
                    "text": " 16.jpg",
                    "imageUrl": "http://thewalkingdead-online.com/hq/albums/HQ/13%20-%20Indo%20Longe%20Demais/73%20-%20Indo%20Longe%20Demais/16.jpg"
                },
                {
                    "href": "17.jpg",
                    "text": " 17.jpg",
                    "imageUrl": "http://thewalkingdead-online.com/hq/albums/HQ/13%20-%20Indo%20Longe%20Demais/73%20-%20Indo%20Longe%20Demais/17.jpg"
                },
                {
                    "href": "18.jpg",
                    "text": " 18.jpg",
                    "imageUrl": "http://thewalkingdead-online.com/hq/albums/HQ/13%20-%20Indo%20Longe%20Demais/73%20-%20Indo%20Longe%20Demais/18.jpg"
                },
                {
                    "href": "19.jpg",
                    "text": " 19.jpg",
                    "imageUrl": "http://thewalkingdead-online.com/hq/albums/HQ/13%20-%20Indo%20Longe%20Demais/73%20-%20Indo%20Longe%20Demais/19.jpg"
                },
                {
                    "href": "20.jpg",
                    "text": " 20.jpg",
                    "imageUrl": "http://thewalkingdead-online.com/hq/albums/HQ/13%20-%20Indo%20Longe%20Demais/73%20-%20Indo%20Longe%20Demais/20.jpg"
                },
                {
                    "href": "21.jpg",
                    "text": " 21.jpg",
                    "imageUrl": "http://thewalkingdead-online.com/hq/albums/HQ/13%20-%20Indo%20Longe%20Demais/73%20-%20Indo%20Longe%20Demais/21.jpg"
                },
                {
                    "href": "22.jpg",
                    "text": " 22.jpg",
                    "imageUrl": "http://thewalkingdead-online.com/hq/albums/HQ/13%20-%20Indo%20Longe%20Demais/73%20-%20Indo%20Longe%20Demais/22.jpg"
                },
                {
                    "href": "Thumbs.db",
                    "text": " Thumbs.db",
                    "imageUrl": "http://thewalkingdead-online.com/hq/albums/HQ/13%20-%20Indo%20Longe%20Demais/73%20-%20Indo%20Longe%20Demais/Thumbs.db"
                },
                {
                    "href": "thumb_00a.jpg",
                    "text": " thumb_00a.jpg",
                    "imageUrl": "http://thewalkingdead-online.com/hq/albums/HQ/13%20-%20Indo%20Longe%20Demais/73%20-%20Indo%20Longe%20Demais/thumb_00a.jpg"
                },
                {
                    "href": "thumb_00b.jpg",
                    "text": " thumb_00b.jpg",
                    "imageUrl": "http://thewalkingdead-online.com/hq/albums/HQ/13%20-%20Indo%20Longe%20Demais/73%20-%20Indo%20Longe%20Demais/thumb_00b.jpg"
                },
                {
                    "href": "thumb_01.jpg",
                    "text": " thumb_01.jpg",
                    "imageUrl": "http://thewalkingdead-online.com/hq/albums/HQ/13%20-%20Indo%20Longe%20Demais/73%20-%20Indo%20Longe%20Demais/thumb_01.jpg"
                },
                {
                    "href": "thumb_02.jpg",
                    "text": " thumb_02.jpg",
                    "imageUrl": "http://thewalkingdead-online.com/hq/albums/HQ/13%20-%20Indo%20Longe%20Demais/73%20-%20Indo%20Longe%20Demais/thumb_02.jpg"
                },
                {
                    "href": "thumb_03.jpg",
                    "text": " thumb_03.jpg",
                    "imageUrl": "http://thewalkingdead-online.com/hq/albums/HQ/13%20-%20Indo%20Longe%20Demais/73%20-%20Indo%20Longe%20Demais/thumb_03.jpg"
                },
                {
                    "href": "thumb_04.jpg",
                    "text": " thumb_04.jpg",
                    "imageUrl": "http://thewalkingdead-online.com/hq/albums/HQ/13%20-%20Indo%20Longe%20Demais/73%20-%20Indo%20Longe%20Demais/thumb_04.jpg"
                },
                {
                    "href": "thumb_05.jpg",
                    "text": " thumb_05.jpg",
                    "imageUrl": "http://thewalkingdead-online.com/hq/albums/HQ/13%20-%20Indo%20Longe%20Demais/73%20-%20Indo%20Longe%20Demais/thumb_05.jpg"
                },
                {
                    "href": "thumb_06.jpg",
                    "text": " thumb_06.jpg",
                    "imageUrl": "http://thewalkingdead-online.com/hq/albums/HQ/13%20-%20Indo%20Longe%20Demais/73%20-%20Indo%20Longe%20Demais/thumb_06.jpg"
                },
                {
                    "href": "thumb_07.jpg",
                    "text": " thumb_07.jpg",
                    "imageUrl": "http://thewalkingdead-online.com/hq/albums/HQ/13%20-%20Indo%20Longe%20Demais/73%20-%20Indo%20Longe%20Demais/thumb_07.jpg"
                },
                {
                    "href": "thumb_08.jpg",
                    "text": " thumb_08.jpg",
                    "imageUrl": "http://thewalkingdead-online.com/hq/albums/HQ/13%20-%20Indo%20Longe%20Demais/73%20-%20Indo%20Longe%20Demais/thumb_08.jpg"
                },
                {
                    "href": "thumb_09.jpg",
                    "text": " thumb_09.jpg",
                    "imageUrl": "http://thewalkingdead-online.com/hq/albums/HQ/13%20-%20Indo%20Longe%20Demais/73%20-%20Indo%20Longe%20Demais/thumb_09.jpg"
                },
                {
                    "href": "thumb_10.jpg",
                    "text": " thumb_10.jpg",
                    "imageUrl": "http://thewalkingdead-online.com/hq/albums/HQ/13%20-%20Indo%20Longe%20Demais/73%20-%20Indo%20Longe%20Demais/thumb_10.jpg"
                },
                {
                    "href": "thumb_11.jpg",
                    "text": " thumb_11.jpg",
                    "imageUrl": "http://thewalkingdead-online.com/hq/albums/HQ/13%20-%20Indo%20Longe%20Demais/73%20-%20Indo%20Longe%20Demais/thumb_11.jpg"
                },
                {
                    "href": "thumb_12.jpg",
                    "text": " thumb_12.jpg",
                    "imageUrl": "http://thewalkingdead-online.com/hq/albums/HQ/13%20-%20Indo%20Longe%20Demais/73%20-%20Indo%20Longe%20Demais/thumb_12.jpg"
                },
                {
                    "href": "thumb_13.jpg",
                    "text": " thumb_13.jpg",
                    "imageUrl": "http://thewalkingdead-online.com/hq/albums/HQ/13%20-%20Indo%20Longe%20Demais/73%20-%20Indo%20Longe%20Demais/thumb_13.jpg"
                },
                {
                    "href": "thumb_14.jpg",
                    "text": " thumb_14.jpg",
                    "imageUrl": "http://thewalkingdead-online.com/hq/albums/HQ/13%20-%20Indo%20Longe%20Demais/73%20-%20Indo%20Longe%20Demais/thumb_14.jpg"
                },
                {
                    "href": "thumb_15.jpg",
                    "text": " thumb_15.jpg",
                    "imageUrl": "http://thewalkingdead-online.com/hq/albums/HQ/13%20-%20Indo%20Longe%20Demais/73%20-%20Indo%20Longe%20Demais/thumb_15.jpg"
                },
                {
                    "href": "thumb_16.jpg",
                    "text": " thumb_16.jpg",
                    "imageUrl": "http://thewalkingdead-online.com/hq/albums/HQ/13%20-%20Indo%20Longe%20Demais/73%20-%20Indo%20Longe%20Demais/thumb_16.jpg"
                },
                {
                    "href": "thumb_17.jpg",
                    "text": " thumb_17.jpg",
                    "imageUrl": "http://thewalkingdead-online.com/hq/albums/HQ/13%20-%20Indo%20Longe%20Demais/73%20-%20Indo%20Longe%20Demais/thumb_17.jpg"
                },
                {
                    "href": "thumb_18.jpg",
                    "text": " thumb_18.jpg",
                    "imageUrl": "http://thewalkingdead-online.com/hq/albums/HQ/13%20-%20Indo%20Longe%20Demais/73%20-%20Indo%20Longe%20Demais/thumb_18.jpg"
                },
                {
                    "href": "thumb_19.jpg",
                    "text": " thumb_19.jpg",
                    "imageUrl": "http://thewalkingdead-online.com/hq/albums/HQ/13%20-%20Indo%20Longe%20Demais/73%20-%20Indo%20Longe%20Demais/thumb_19.jpg"
                },
                {
                    "href": "thumb_20.jpg",
                    "text": " thumb_20.jpg",
                    "imageUrl": "http://thewalkingdead-online.com/hq/albums/HQ/13%20-%20Indo%20Longe%20Demais/73%20-%20Indo%20Longe%20Demais/thumb_20.jpg"
                },
                {
                    "href": "thumb_21.jpg",
                    "text": " thumb_21.jpg",
                    "imageUrl": "http://thewalkingdead-online.com/hq/albums/HQ/13%20-%20Indo%20Longe%20Demais/73%20-%20Indo%20Longe%20Demais/thumb_21.jpg"
                },
                {
                    "href": "thumb_22.jpg",
                    "text": " thumb_22.jpg",
                    "imageUrl": "http://thewalkingdead-online.com/hq/albums/HQ/13%20-%20Indo%20Longe%20Demais/73%20-%20Indo%20Longe%20Demais/thumb_22.jpg"
                }
            ]
        },
        {
            "href": "74%20-%20Indo%20Longe%20Demais/",
            "text": " 74 - Indo Longe Demais/",
            "images": [
                {
                    "href": "01.jpg",
                    "text": " 01.jpg",
                    "imageUrl": "http://thewalkingdead-online.com/hq/albums/HQ/13%20-%20Indo%20Longe%20Demais/74%20-%20Indo%20Longe%20Demais/01.jpg"
                },
                {
                    "href": "02.jpg",
                    "text": " 02.jpg",
                    "imageUrl": "http://thewalkingdead-online.com/hq/albums/HQ/13%20-%20Indo%20Longe%20Demais/74%20-%20Indo%20Longe%20Demais/02.jpg"
                },
                {
                    "href": "03.jpg",
                    "text": " 03.jpg",
                    "imageUrl": "http://thewalkingdead-online.com/hq/albums/HQ/13%20-%20Indo%20Longe%20Demais/74%20-%20Indo%20Longe%20Demais/03.jpg"
                },
                {
                    "href": "04.jpg",
                    "text": " 04.jpg",
                    "imageUrl": "http://thewalkingdead-online.com/hq/albums/HQ/13%20-%20Indo%20Longe%20Demais/74%20-%20Indo%20Longe%20Demais/04.jpg"
                },
                {
                    "href": "05.jpg",
                    "text": " 05.jpg",
                    "imageUrl": "http://thewalkingdead-online.com/hq/albums/HQ/13%20-%20Indo%20Longe%20Demais/74%20-%20Indo%20Longe%20Demais/05.jpg"
                },
                {
                    "href": "06.jpg",
                    "text": " 06.jpg",
                    "imageUrl": "http://thewalkingdead-online.com/hq/albums/HQ/13%20-%20Indo%20Longe%20Demais/74%20-%20Indo%20Longe%20Demais/06.jpg"
                },
                {
                    "href": "07.jpg",
                    "text": " 07.jpg",
                    "imageUrl": "http://thewalkingdead-online.com/hq/albums/HQ/13%20-%20Indo%20Longe%20Demais/74%20-%20Indo%20Longe%20Demais/07.jpg"
                },
                {
                    "href": "08-09.jpg",
                    "text": " 08-09.jpg",
                    "imageUrl": "http://thewalkingdead-online.com/hq/albums/HQ/13%20-%20Indo%20Longe%20Demais/74%20-%20Indo%20Longe%20Demais/08-09.jpg"
                },
                {
                    "href": "10-11.jpg",
                    "text": " 10-11.jpg",
                    "imageUrl": "http://thewalkingdead-online.com/hq/albums/HQ/13%20-%20Indo%20Longe%20Demais/74%20-%20Indo%20Longe%20Demais/10-11.jpg"
                },
                {
                    "href": "12.jpg",
                    "text": " 12.jpg",
                    "imageUrl": "http://thewalkingdead-online.com/hq/albums/HQ/13%20-%20Indo%20Longe%20Demais/74%20-%20Indo%20Longe%20Demais/12.jpg"
                },
                {
                    "href": "13.jpg",
                    "text": " 13.jpg",
                    "imageUrl": "http://thewalkingdead-online.com/hq/albums/HQ/13%20-%20Indo%20Longe%20Demais/74%20-%20Indo%20Longe%20Demais/13.jpg"
                },
                {
                    "href": "14.jpg",
                    "text": " 14.jpg",
                    "imageUrl": "http://thewalkingdead-online.com/hq/albums/HQ/13%20-%20Indo%20Longe%20Demais/74%20-%20Indo%20Longe%20Demais/14.jpg"
                },
                {
                    "href": "15.jpg",
                    "text": " 15.jpg",
                    "imageUrl": "http://thewalkingdead-online.com/hq/albums/HQ/13%20-%20Indo%20Longe%20Demais/74%20-%20Indo%20Longe%20Demais/15.jpg"
                },
                {
                    "href": "16.jpg",
                    "text": " 16.jpg",
                    "imageUrl": "http://thewalkingdead-online.com/hq/albums/HQ/13%20-%20Indo%20Longe%20Demais/74%20-%20Indo%20Longe%20Demais/16.jpg"
                },
                {
                    "href": "17.jpg",
                    "text": " 17.jpg",
                    "imageUrl": "http://thewalkingdead-online.com/hq/albums/HQ/13%20-%20Indo%20Longe%20Demais/74%20-%20Indo%20Longe%20Demais/17.jpg"
                },
                {
                    "href": "18.jpg",
                    "text": " 18.jpg",
                    "imageUrl": "http://thewalkingdead-online.com/hq/albums/HQ/13%20-%20Indo%20Longe%20Demais/74%20-%20Indo%20Longe%20Demais/18.jpg"
                },
                {
                    "href": "19.jpg",
                    "text": " 19.jpg",
                    "imageUrl": "http://thewalkingdead-online.com/hq/albums/HQ/13%20-%20Indo%20Longe%20Demais/74%20-%20Indo%20Longe%20Demais/19.jpg"
                },
                {
                    "href": "20.jpg",
                    "text": " 20.jpg",
                    "imageUrl": "http://thewalkingdead-online.com/hq/albums/HQ/13%20-%20Indo%20Longe%20Demais/74%20-%20Indo%20Longe%20Demais/20.jpg"
                },
                {
                    "href": "21.jpg",
                    "text": " 21.jpg",
                    "imageUrl": "http://thewalkingdead-online.com/hq/albums/HQ/13%20-%20Indo%20Longe%20Demais/74%20-%20Indo%20Longe%20Demais/21.jpg"
                },
                {
                    "href": "22-23.jpg",
                    "text": " 22-23.jpg",
                    "imageUrl": "http://thewalkingdead-online.com/hq/albums/HQ/13%20-%20Indo%20Longe%20Demais/74%20-%20Indo%20Longe%20Demais/22-23.jpg"
                },
                {
                    "href": "24.jpg",
                    "text": " 24.jpg",
                    "imageUrl": "http://thewalkingdead-online.com/hq/albums/HQ/13%20-%20Indo%20Longe%20Demais/74%20-%20Indo%20Longe%20Demais/24.jpg"
                },
                {
                    "href": "25.jpg",
                    "text": " 25.jpg",
                    "imageUrl": "http://thewalkingdead-online.com/hq/albums/HQ/13%20-%20Indo%20Longe%20Demais/74%20-%20Indo%20Longe%20Demais/25.jpg"
                },
                {
                    "href": "666.jpg",
                    "text": " 666.jpg",
                    "imageUrl": "http://thewalkingdead-online.com/hq/albums/HQ/13%20-%20Indo%20Longe%20Demais/74%20-%20Indo%20Longe%20Demais/666.jpg"
                },
                {
                    "href": "Thumbs.db",
                    "text": " Thumbs.db",
                    "imageUrl": "http://thewalkingdead-online.com/hq/albums/HQ/13%20-%20Indo%20Longe%20Demais/74%20-%20Indo%20Longe%20Demais/Thumbs.db"
                },
                {
                    "href": "thumb_01.jpg",
                    "text": " thumb_01.jpg",
                    "imageUrl": "http://thewalkingdead-online.com/hq/albums/HQ/13%20-%20Indo%20Longe%20Demais/74%20-%20Indo%20Longe%20Demais/thumb_01.jpg"
                },
                {
                    "href": "thumb_02.jpg",
                    "text": " thumb_02.jpg",
                    "imageUrl": "http://thewalkingdead-online.com/hq/albums/HQ/13%20-%20Indo%20Longe%20Demais/74%20-%20Indo%20Longe%20Demais/thumb_02.jpg"
                },
                {
                    "href": "thumb_03.jpg",
                    "text": " thumb_03.jpg",
                    "imageUrl": "http://thewalkingdead-online.com/hq/albums/HQ/13%20-%20Indo%20Longe%20Demais/74%20-%20Indo%20Longe%20Demais/thumb_03.jpg"
                },
                {
                    "href": "thumb_04.jpg",
                    "text": " thumb_04.jpg",
                    "imageUrl": "http://thewalkingdead-online.com/hq/albums/HQ/13%20-%20Indo%20Longe%20Demais/74%20-%20Indo%20Longe%20Demais/thumb_04.jpg"
                },
                {
                    "href": "thumb_05.jpg",
                    "text": " thumb_05.jpg",
                    "imageUrl": "http://thewalkingdead-online.com/hq/albums/HQ/13%20-%20Indo%20Longe%20Demais/74%20-%20Indo%20Longe%20Demais/thumb_05.jpg"
                },
                {
                    "href": "thumb_06.jpg",
                    "text": " thumb_06.jpg",
                    "imageUrl": "http://thewalkingdead-online.com/hq/albums/HQ/13%20-%20Indo%20Longe%20Demais/74%20-%20Indo%20Longe%20Demais/thumb_06.jpg"
                },
                {
                    "href": "thumb_07.jpg",
                    "text": " thumb_07.jpg",
                    "imageUrl": "http://thewalkingdead-online.com/hq/albums/HQ/13%20-%20Indo%20Longe%20Demais/74%20-%20Indo%20Longe%20Demais/thumb_07.jpg"
                },
                {
                    "href": "thumb_08-09.jpg",
                    "text": " thumb_08-09.jpg",
                    "imageUrl": "http://thewalkingdead-online.com/hq/albums/HQ/13%20-%20Indo%20Longe%20Demais/74%20-%20Indo%20Longe%20Demais/thumb_08-09.jpg"
                },
                {
                    "href": "thumb_10-11.jpg",
                    "text": " thumb_10-11.jpg",
                    "imageUrl": "http://thewalkingdead-online.com/hq/albums/HQ/13%20-%20Indo%20Longe%20Demais/74%20-%20Indo%20Longe%20Demais/thumb_10-11.jpg"
                },
                {
                    "href": "thumb_12.jpg",
                    "text": " thumb_12.jpg",
                    "imageUrl": "http://thewalkingdead-online.com/hq/albums/HQ/13%20-%20Indo%20Longe%20Demais/74%20-%20Indo%20Longe%20Demais/thumb_12.jpg"
                },
                {
                    "href": "thumb_13.jpg",
                    "text": " thumb_13.jpg",
                    "imageUrl": "http://thewalkingdead-online.com/hq/albums/HQ/13%20-%20Indo%20Longe%20Demais/74%20-%20Indo%20Longe%20Demais/thumb_13.jpg"
                },
                {
                    "href": "thumb_14.jpg",
                    "text": " thumb_14.jpg",
                    "imageUrl": "http://thewalkingdead-online.com/hq/albums/HQ/13%20-%20Indo%20Longe%20Demais/74%20-%20Indo%20Longe%20Demais/thumb_14.jpg"
                },
                {
                    "href": "thumb_15.jpg",
                    "text": " thumb_15.jpg",
                    "imageUrl": "http://thewalkingdead-online.com/hq/albums/HQ/13%20-%20Indo%20Longe%20Demais/74%20-%20Indo%20Longe%20Demais/thumb_15.jpg"
                },
                {
                    "href": "thumb_16.jpg",
                    "text": " thumb_16.jpg",
                    "imageUrl": "http://thewalkingdead-online.com/hq/albums/HQ/13%20-%20Indo%20Longe%20Demais/74%20-%20Indo%20Longe%20Demais/thumb_16.jpg"
                },
                {
                    "href": "thumb_17.jpg",
                    "text": " thumb_17.jpg",
                    "imageUrl": "http://thewalkingdead-online.com/hq/albums/HQ/13%20-%20Indo%20Longe%20Demais/74%20-%20Indo%20Longe%20Demais/thumb_17.jpg"
                },
                {
                    "href": "thumb_18.jpg",
                    "text": " thumb_18.jpg",
                    "imageUrl": "http://thewalkingdead-online.com/hq/albums/HQ/13%20-%20Indo%20Longe%20Demais/74%20-%20Indo%20Longe%20Demais/thumb_18.jpg"
                },
                {
                    "href": "thumb_19.jpg",
                    "text": " thumb_19.jpg",
                    "imageUrl": "http://thewalkingdead-online.com/hq/albums/HQ/13%20-%20Indo%20Longe%20Demais/74%20-%20Indo%20Longe%20Demais/thumb_19.jpg"
                },
                {
                    "href": "thumb_20.jpg",
                    "text": " thumb_20.jpg",
                    "imageUrl": "http://thewalkingdead-online.com/hq/albums/HQ/13%20-%20Indo%20Longe%20Demais/74%20-%20Indo%20Longe%20Demais/thumb_20.jpg"
                },
                {
                    "href": "thumb_21.jpg",
                    "text": " thumb_21.jpg",
                    "imageUrl": "http://thewalkingdead-online.com/hq/albums/HQ/13%20-%20Indo%20Longe%20Demais/74%20-%20Indo%20Longe%20Demais/thumb_21.jpg"
                },
                {
                    "href": "thumb_22-23.jpg",
                    "text": " thumb_22-23.jpg",
                    "imageUrl": "http://thewalkingdead-online.com/hq/albums/HQ/13%20-%20Indo%20Longe%20Demais/74%20-%20Indo%20Longe%20Demais/thumb_22-23.jpg"
                },
                {
                    "href": "thumb_24.jpg",
                    "text": " thumb_24.jpg",
                    "imageUrl": "http://thewalkingdead-online.com/hq/albums/HQ/13%20-%20Indo%20Longe%20Demais/74%20-%20Indo%20Longe%20Demais/thumb_24.jpg"
                },
                {
                    "href": "thumb_25.jpg",
                    "text": " thumb_25.jpg",
                    "imageUrl": "http://thewalkingdead-online.com/hq/albums/HQ/13%20-%20Indo%20Longe%20Demais/74%20-%20Indo%20Longe%20Demais/thumb_25.jpg"
                },
                {
                    "href": "thumb_666.jpg",
                    "text": " thumb_666.jpg",
                    "imageUrl": "http://thewalkingdead-online.com/hq/albums/HQ/13%20-%20Indo%20Longe%20Demais/74%20-%20Indo%20Longe%20Demais/thumb_666.jpg"
                }
            ]
        },
        {
            "href": "75%20-%20Indo%20Longe%20Demais/",
            "text": " 75 - Indo Longe Demais/",
            "images": [
                {
                    "href": "01.jpg",
                    "text": " 01.jpg",
                    "imageUrl": "http://thewalkingdead-online.com/hq/albums/HQ/13%20-%20Indo%20Longe%20Demais/75%20-%20Indo%20Longe%20Demais/01.jpg"
                },
                {
                    "href": "01a.jpg",
                    "text": " 01a.jpg",
                    "imageUrl": "http://thewalkingdead-online.com/hq/albums/HQ/13%20-%20Indo%20Longe%20Demais/75%20-%20Indo%20Longe%20Demais/01a.jpg"
                },
                {
                    "href": "02.jpg",
                    "text": " 02.jpg",
                    "imageUrl": "http://thewalkingdead-online.com/hq/albums/HQ/13%20-%20Indo%20Longe%20Demais/75%20-%20Indo%20Longe%20Demais/02.jpg"
                },
                {
                    "href": "03.jpg",
                    "text": " 03.jpg",
                    "imageUrl": "http://thewalkingdead-online.com/hq/albums/HQ/13%20-%20Indo%20Longe%20Demais/75%20-%20Indo%20Longe%20Demais/03.jpg"
                },
                {
                    "href": "04.jpg",
                    "text": " 04.jpg",
                    "imageUrl": "http://thewalkingdead-online.com/hq/albums/HQ/13%20-%20Indo%20Longe%20Demais/75%20-%20Indo%20Longe%20Demais/04.jpg"
                },
                {
                    "href": "05.jpg",
                    "text": " 05.jpg",
                    "imageUrl": "http://thewalkingdead-online.com/hq/albums/HQ/13%20-%20Indo%20Longe%20Demais/75%20-%20Indo%20Longe%20Demais/05.jpg"
                },
                {
                    "href": "06.jpg",
                    "text": " 06.jpg",
                    "imageUrl": "http://thewalkingdead-online.com/hq/albums/HQ/13%20-%20Indo%20Longe%20Demais/75%20-%20Indo%20Longe%20Demais/06.jpg"
                },
                {
                    "href": "07.jpg",
                    "text": " 07.jpg",
                    "imageUrl": "http://thewalkingdead-online.com/hq/albums/HQ/13%20-%20Indo%20Longe%20Demais/75%20-%20Indo%20Longe%20Demais/07.jpg"
                },
                {
                    "href": "08.jpg",
                    "text": " 08.jpg",
                    "imageUrl": "http://thewalkingdead-online.com/hq/albums/HQ/13%20-%20Indo%20Longe%20Demais/75%20-%20Indo%20Longe%20Demais/08.jpg"
                },
                {
                    "href": "09.jpg",
                    "text": " 09.jpg",
                    "imageUrl": "http://thewalkingdead-online.com/hq/albums/HQ/13%20-%20Indo%20Longe%20Demais/75%20-%20Indo%20Longe%20Demais/09.jpg"
                },
                {
                    "href": "10.jpg",
                    "text": " 10.jpg",
                    "imageUrl": "http://thewalkingdead-online.com/hq/albums/HQ/13%20-%20Indo%20Longe%20Demais/75%20-%20Indo%20Longe%20Demais/10.jpg"
                },
                {
                    "href": "11.jpg",
                    "text": " 11.jpg",
                    "imageUrl": "http://thewalkingdead-online.com/hq/albums/HQ/13%20-%20Indo%20Longe%20Demais/75%20-%20Indo%20Longe%20Demais/11.jpg"
                },
                {
                    "href": "12.jpg",
                    "text": " 12.jpg",
                    "imageUrl": "http://thewalkingdead-online.com/hq/albums/HQ/13%20-%20Indo%20Longe%20Demais/75%20-%20Indo%20Longe%20Demais/12.jpg"
                },
                {
                    "href": "13.jpg",
                    "text": " 13.jpg",
                    "imageUrl": "http://thewalkingdead-online.com/hq/albums/HQ/13%20-%20Indo%20Longe%20Demais/75%20-%20Indo%20Longe%20Demais/13.jpg"
                },
                {
                    "href": "14.jpg",
                    "text": " 14.jpg",
                    "imageUrl": "http://thewalkingdead-online.com/hq/albums/HQ/13%20-%20Indo%20Longe%20Demais/75%20-%20Indo%20Longe%20Demais/14.jpg"
                },
                {
                    "href": "15.jpg",
                    "text": " 15.jpg",
                    "imageUrl": "http://thewalkingdead-online.com/hq/albums/HQ/13%20-%20Indo%20Longe%20Demais/75%20-%20Indo%20Longe%20Demais/15.jpg"
                },
                {
                    "href": "16.jpg",
                    "text": " 16.jpg",
                    "imageUrl": "http://thewalkingdead-online.com/hq/albums/HQ/13%20-%20Indo%20Longe%20Demais/75%20-%20Indo%20Longe%20Demais/16.jpg"
                },
                {
                    "href": "17.jpg",
                    "text": " 17.jpg",
                    "imageUrl": "http://thewalkingdead-online.com/hq/albums/HQ/13%20-%20Indo%20Longe%20Demais/75%20-%20Indo%20Longe%20Demais/17.jpg"
                },
                {
                    "href": "18.jpg",
                    "text": " 18.jpg",
                    "imageUrl": "http://thewalkingdead-online.com/hq/albums/HQ/13%20-%20Indo%20Longe%20Demais/75%20-%20Indo%20Longe%20Demais/18.jpg"
                },
                {
                    "href": "19.jpg",
                    "text": " 19.jpg",
                    "imageUrl": "http://thewalkingdead-online.com/hq/albums/HQ/13%20-%20Indo%20Longe%20Demais/75%20-%20Indo%20Longe%20Demais/19.jpg"
                },
                {
                    "href": "20.jpg",
                    "text": " 20.jpg",
                    "imageUrl": "http://thewalkingdead-online.com/hq/albums/HQ/13%20-%20Indo%20Longe%20Demais/75%20-%20Indo%20Longe%20Demais/20.jpg"
                },
                {
                    "href": "21.jpg",
                    "text": " 21.jpg",
                    "imageUrl": "http://thewalkingdead-online.com/hq/albums/HQ/13%20-%20Indo%20Longe%20Demais/75%20-%20Indo%20Longe%20Demais/21.jpg"
                },
                {
                    "href": "22.jpg",
                    "text": " 22.jpg",
                    "imageUrl": "http://thewalkingdead-online.com/hq/albums/HQ/13%20-%20Indo%20Longe%20Demais/75%20-%20Indo%20Longe%20Demais/22.jpg"
                },
                {
                    "href": "23.jpg",
                    "text": " 23.jpg",
                    "imageUrl": "http://thewalkingdead-online.com/hq/albums/HQ/13%20-%20Indo%20Longe%20Demais/75%20-%20Indo%20Longe%20Demais/23.jpg"
                },
                {
                    "href": "24.jpg",
                    "text": " 24.jpg",
                    "imageUrl": "http://thewalkingdead-online.com/hq/albums/HQ/13%20-%20Indo%20Longe%20Demais/75%20-%20Indo%20Longe%20Demais/24.jpg"
                },
                {
                    "href": "25.jpg",
                    "text": " 25.jpg",
                    "imageUrl": "http://thewalkingdead-online.com/hq/albums/HQ/13%20-%20Indo%20Longe%20Demais/75%20-%20Indo%20Longe%20Demais/25.jpg"
                },
                {
                    "href": "26.jpg",
                    "text": " 26.jpg",
                    "imageUrl": "http://thewalkingdead-online.com/hq/albums/HQ/13%20-%20Indo%20Longe%20Demais/75%20-%20Indo%20Longe%20Demais/26.jpg"
                },
                {
                    "href": "26b.jpg",
                    "text": " 26b.jpg",
                    "imageUrl": "http://thewalkingdead-online.com/hq/albums/HQ/13%20-%20Indo%20Longe%20Demais/75%20-%20Indo%20Longe%20Demais/26b.jpg"
                },
                {
                    "href": "27.jpg",
                    "text": " 27.jpg",
                    "imageUrl": "http://thewalkingdead-online.com/hq/albums/HQ/13%20-%20Indo%20Longe%20Demais/75%20-%20Indo%20Longe%20Demais/27.jpg"
                },
                {
                    "href": "28.jpg",
                    "text": " 28.jpg",
                    "imageUrl": "http://thewalkingdead-online.com/hq/albums/HQ/13%20-%20Indo%20Longe%20Demais/75%20-%20Indo%20Longe%20Demais/28.jpg"
                },
                {
                    "href": "29.jpg",
                    "text": " 29.jpg",
                    "imageUrl": "http://thewalkingdead-online.com/hq/albums/HQ/13%20-%20Indo%20Longe%20Demais/75%20-%20Indo%20Longe%20Demais/29.jpg"
                },
                {
                    "href": "30.jpg",
                    "text": " 30.jpg",
                    "imageUrl": "http://thewalkingdead-online.com/hq/albums/HQ/13%20-%20Indo%20Longe%20Demais/75%20-%20Indo%20Longe%20Demais/30.jpg"
                },
                {
                    "href": "31.jpg",
                    "text": " 31.jpg",
                    "imageUrl": "http://thewalkingdead-online.com/hq/albums/HQ/13%20-%20Indo%20Longe%20Demais/75%20-%20Indo%20Longe%20Demais/31.jpg"
                },
                {
                    "href": "32.jpg",
                    "text": " 32.jpg",
                    "imageUrl": "http://thewalkingdead-online.com/hq/albums/HQ/13%20-%20Indo%20Longe%20Demais/75%20-%20Indo%20Longe%20Demais/32.jpg"
                },
                {
                    "href": "34.jpg",
                    "text": " 34.jpg",
                    "imageUrl": "http://thewalkingdead-online.com/hq/albums/HQ/13%20-%20Indo%20Longe%20Demais/75%20-%20Indo%20Longe%20Demais/34.jpg"
                },
                {
                    "href": "35.jpg",
                    "text": " 35.jpg",
                    "imageUrl": "http://thewalkingdead-online.com/hq/albums/HQ/13%20-%20Indo%20Longe%20Demais/75%20-%20Indo%20Longe%20Demais/35.jpg"
                },
                {
                    "href": "36.jpg",
                    "text": " 36.jpg",
                    "imageUrl": "http://thewalkingdead-online.com/hq/albums/HQ/13%20-%20Indo%20Longe%20Demais/75%20-%20Indo%20Longe%20Demais/36.jpg"
                },
                {
                    "href": "37.jpg",
                    "text": " 37.jpg",
                    "imageUrl": "http://thewalkingdead-online.com/hq/albums/HQ/13%20-%20Indo%20Longe%20Demais/75%20-%20Indo%20Longe%20Demais/37.jpg"
                },
                {
                    "href": "38.jpg",
                    "text": " 38.jpg",
                    "imageUrl": "http://thewalkingdead-online.com/hq/albums/HQ/13%20-%20Indo%20Longe%20Demais/75%20-%20Indo%20Longe%20Demais/38.jpg"
                },
                {
                    "href": "39.jpg",
                    "text": " 39.jpg",
                    "imageUrl": "http://thewalkingdead-online.com/hq/albums/HQ/13%20-%20Indo%20Longe%20Demais/75%20-%20Indo%20Longe%20Demais/39.jpg"
                },
                {
                    "href": "40.jpg",
                    "text": " 40.jpg",
                    "imageUrl": "http://thewalkingdead-online.com/hq/albums/HQ/13%20-%20Indo%20Longe%20Demais/75%20-%20Indo%20Longe%20Demais/40.jpg"
                },
                {
                    "href": "41.jpg",
                    "text": " 41.jpg",
                    "imageUrl": "http://thewalkingdead-online.com/hq/albums/HQ/13%20-%20Indo%20Longe%20Demais/75%20-%20Indo%20Longe%20Demais/41.jpg"
                },
                {
                    "href": "42.jpg",
                    "text": " 42.jpg",
                    "imageUrl": "http://thewalkingdead-online.com/hq/albums/HQ/13%20-%20Indo%20Longe%20Demais/75%20-%20Indo%20Longe%20Demais/42.jpg"
                },
                {
                    "href": "43.jpg",
                    "text": " 43.jpg",
                    "imageUrl": "http://thewalkingdead-online.com/hq/albums/HQ/13%20-%20Indo%20Longe%20Demais/75%20-%20Indo%20Longe%20Demais/43.jpg"
                },
                {
                    "href": "44.jpg",
                    "text": " 44.jpg",
                    "imageUrl": "http://thewalkingdead-online.com/hq/albums/HQ/13%20-%20Indo%20Longe%20Demais/75%20-%20Indo%20Longe%20Demais/44.jpg"
                },
                {
                    "href": "45.jpg",
                    "text": " 45.jpg",
                    "imageUrl": "http://thewalkingdead-online.com/hq/albums/HQ/13%20-%20Indo%20Longe%20Demais/75%20-%20Indo%20Longe%20Demais/45.jpg"
                },
                {
                    "href": "46.jpg",
                    "text": " 46.jpg",
                    "imageUrl": "http://thewalkingdead-online.com/hq/albums/HQ/13%20-%20Indo%20Longe%20Demais/75%20-%20Indo%20Longe%20Demais/46.jpg"
                },
                {
                    "href": "48.jpg",
                    "text": " 48.jpg",
                    "imageUrl": "http://thewalkingdead-online.com/hq/albums/HQ/13%20-%20Indo%20Longe%20Demais/75%20-%20Indo%20Longe%20Demais/48.jpg"
                },
                {
                    "href": "49.jpg",
                    "text": " 49.jpg",
                    "imageUrl": "http://thewalkingdead-online.com/hq/albums/HQ/13%20-%20Indo%20Longe%20Demais/75%20-%20Indo%20Longe%20Demais/49.jpg"
                },
                {
                    "href": "Thumbs.db",
                    "text": " Thumbs.db",
                    "imageUrl": "http://thewalkingdead-online.com/hq/albums/HQ/13%20-%20Indo%20Longe%20Demais/75%20-%20Indo%20Longe%20Demais/Thumbs.db"
                },
                {
                    "href": "thumb_01.jpg",
                    "text": " thumb_01.jpg",
                    "imageUrl": "http://thewalkingdead-online.com/hq/albums/HQ/13%20-%20Indo%20Longe%20Demais/75%20-%20Indo%20Longe%20Demais/thumb_01.jpg"
                },
                {
                    "href": "thumb_01a.jpg",
                    "text": " thumb_01a.jpg",
                    "imageUrl": "http://thewalkingdead-online.com/hq/albums/HQ/13%20-%20Indo%20Longe%20Demais/75%20-%20Indo%20Longe%20Demais/thumb_01a.jpg"
                },
                {
                    "href": "thumb_02.jpg",
                    "text": " thumb_02.jpg",
                    "imageUrl": "http://thewalkingdead-online.com/hq/albums/HQ/13%20-%20Indo%20Longe%20Demais/75%20-%20Indo%20Longe%20Demais/thumb_02.jpg"
                },
                {
                    "href": "thumb_03.jpg",
                    "text": " thumb_03.jpg",
                    "imageUrl": "http://thewalkingdead-online.com/hq/albums/HQ/13%20-%20Indo%20Longe%20Demais/75%20-%20Indo%20Longe%20Demais/thumb_03.jpg"
                },
                {
                    "href": "thumb_04.jpg",
                    "text": " thumb_04.jpg",
                    "imageUrl": "http://thewalkingdead-online.com/hq/albums/HQ/13%20-%20Indo%20Longe%20Demais/75%20-%20Indo%20Longe%20Demais/thumb_04.jpg"
                },
                {
                    "href": "thumb_05.jpg",
                    "text": " thumb_05.jpg",
                    "imageUrl": "http://thewalkingdead-online.com/hq/albums/HQ/13%20-%20Indo%20Longe%20Demais/75%20-%20Indo%20Longe%20Demais/thumb_05.jpg"
                },
                {
                    "href": "thumb_06.jpg",
                    "text": " thumb_06.jpg",
                    "imageUrl": "http://thewalkingdead-online.com/hq/albums/HQ/13%20-%20Indo%20Longe%20Demais/75%20-%20Indo%20Longe%20Demais/thumb_06.jpg"
                },
                {
                    "href": "thumb_07.jpg",
                    "text": " thumb_07.jpg",
                    "imageUrl": "http://thewalkingdead-online.com/hq/albums/HQ/13%20-%20Indo%20Longe%20Demais/75%20-%20Indo%20Longe%20Demais/thumb_07.jpg"
                },
                {
                    "href": "thumb_08.jpg",
                    "text": " thumb_08.jpg",
                    "imageUrl": "http://thewalkingdead-online.com/hq/albums/HQ/13%20-%20Indo%20Longe%20Demais/75%20-%20Indo%20Longe%20Demais/thumb_08.jpg"
                },
                {
                    "href": "thumb_09.jpg",
                    "text": " thumb_09.jpg",
                    "imageUrl": "http://thewalkingdead-online.com/hq/albums/HQ/13%20-%20Indo%20Longe%20Demais/75%20-%20Indo%20Longe%20Demais/thumb_09.jpg"
                },
                {
                    "href": "thumb_10.jpg",
                    "text": " thumb_10.jpg",
                    "imageUrl": "http://thewalkingdead-online.com/hq/albums/HQ/13%20-%20Indo%20Longe%20Demais/75%20-%20Indo%20Longe%20Demais/thumb_10.jpg"
                },
                {
                    "href": "thumb_11.jpg",
                    "text": " thumb_11.jpg",
                    "imageUrl": "http://thewalkingdead-online.com/hq/albums/HQ/13%20-%20Indo%20Longe%20Demais/75%20-%20Indo%20Longe%20Demais/thumb_11.jpg"
                },
                {
                    "href": "thumb_12.jpg",
                    "text": " thumb_12.jpg",
                    "imageUrl": "http://thewalkingdead-online.com/hq/albums/HQ/13%20-%20Indo%20Longe%20Demais/75%20-%20Indo%20Longe%20Demais/thumb_12.jpg"
                },
                {
                    "href": "thumb_13.jpg",
                    "text": " thumb_13.jpg",
                    "imageUrl": "http://thewalkingdead-online.com/hq/albums/HQ/13%20-%20Indo%20Longe%20Demais/75%20-%20Indo%20Longe%20Demais/thumb_13.jpg"
                },
                {
                    "href": "thumb_14.jpg",
                    "text": " thumb_14.jpg",
                    "imageUrl": "http://thewalkingdead-online.com/hq/albums/HQ/13%20-%20Indo%20Longe%20Demais/75%20-%20Indo%20Longe%20Demais/thumb_14.jpg"
                },
                {
                    "href": "thumb_15.jpg",
                    "text": " thumb_15.jpg",
                    "imageUrl": "http://thewalkingdead-online.com/hq/albums/HQ/13%20-%20Indo%20Longe%20Demais/75%20-%20Indo%20Longe%20Demais/thumb_15.jpg"
                },
                {
                    "href": "thumb_16.jpg",
                    "text": " thumb_16.jpg",
                    "imageUrl": "http://thewalkingdead-online.com/hq/albums/HQ/13%20-%20Indo%20Longe%20Demais/75%20-%20Indo%20Longe%20Demais/thumb_16.jpg"
                },
                {
                    "href": "thumb_17.jpg",
                    "text": " thumb_17.jpg",
                    "imageUrl": "http://thewalkingdead-online.com/hq/albums/HQ/13%20-%20Indo%20Longe%20Demais/75%20-%20Indo%20Longe%20Demais/thumb_17.jpg"
                },
                {
                    "href": "thumb_18.jpg",
                    "text": " thumb_18.jpg",
                    "imageUrl": "http://thewalkingdead-online.com/hq/albums/HQ/13%20-%20Indo%20Longe%20Demais/75%20-%20Indo%20Longe%20Demais/thumb_18.jpg"
                },
                {
                    "href": "thumb_19.jpg",
                    "text": " thumb_19.jpg",
                    "imageUrl": "http://thewalkingdead-online.com/hq/albums/HQ/13%20-%20Indo%20Longe%20Demais/75%20-%20Indo%20Longe%20Demais/thumb_19.jpg"
                },
                {
                    "href": "thumb_20.jpg",
                    "text": " thumb_20.jpg",
                    "imageUrl": "http://thewalkingdead-online.com/hq/albums/HQ/13%20-%20Indo%20Longe%20Demais/75%20-%20Indo%20Longe%20Demais/thumb_20.jpg"
                },
                {
                    "href": "thumb_21.jpg",
                    "text": " thumb_21.jpg",
                    "imageUrl": "http://thewalkingdead-online.com/hq/albums/HQ/13%20-%20Indo%20Longe%20Demais/75%20-%20Indo%20Longe%20Demais/thumb_21.jpg"
                },
                {
                    "href": "thumb_22.jpg",
                    "text": " thumb_22.jpg",
                    "imageUrl": "http://thewalkingdead-online.com/hq/albums/HQ/13%20-%20Indo%20Longe%20Demais/75%20-%20Indo%20Longe%20Demais/thumb_22.jpg"
                },
                {
                    "href": "thumb_23.jpg",
                    "text": " thumb_23.jpg",
                    "imageUrl": "http://thewalkingdead-online.com/hq/albums/HQ/13%20-%20Indo%20Longe%20Demais/75%20-%20Indo%20Longe%20Demais/thumb_23.jpg"
                },
                {
                    "href": "thumb_24.jpg",
                    "text": " thumb_24.jpg",
                    "imageUrl": "http://thewalkingdead-online.com/hq/albums/HQ/13%20-%20Indo%20Longe%20Demais/75%20-%20Indo%20Longe%20Demais/thumb_24.jpg"
                },
                {
                    "href": "thumb_25.jpg",
                    "text": " thumb_25.jpg",
                    "imageUrl": "http://thewalkingdead-online.com/hq/albums/HQ/13%20-%20Indo%20Longe%20Demais/75%20-%20Indo%20Longe%20Demais/thumb_25.jpg"
                },
                {
                    "href": "thumb_26.jpg",
                    "text": " thumb_26.jpg",
                    "imageUrl": "http://thewalkingdead-online.com/hq/albums/HQ/13%20-%20Indo%20Longe%20Demais/75%20-%20Indo%20Longe%20Demais/thumb_26.jpg"
                },
                {
                    "href": "thumb_26b.jpg",
                    "text": " thumb_26b.jpg",
                    "imageUrl": "http://thewalkingdead-online.com/hq/albums/HQ/13%20-%20Indo%20Longe%20Demais/75%20-%20Indo%20Longe%20Demais/thumb_26b.jpg"
                },
                {
                    "href": "thumb_27.jpg",
                    "text": " thumb_27.jpg",
                    "imageUrl": "http://thewalkingdead-online.com/hq/albums/HQ/13%20-%20Indo%20Longe%20Demais/75%20-%20Indo%20Longe%20Demais/thumb_27.jpg"
                },
                {
                    "href": "thumb_28.jpg",
                    "text": " thumb_28.jpg",
                    "imageUrl": "http://thewalkingdead-online.com/hq/albums/HQ/13%20-%20Indo%20Longe%20Demais/75%20-%20Indo%20Longe%20Demais/thumb_28.jpg"
                },
                {
                    "href": "thumb_29.jpg",
                    "text": " thumb_29.jpg",
                    "imageUrl": "http://thewalkingdead-online.com/hq/albums/HQ/13%20-%20Indo%20Longe%20Demais/75%20-%20Indo%20Longe%20Demais/thumb_29.jpg"
                },
                {
                    "href": "thumb_30.jpg",
                    "text": " thumb_30.jpg",
                    "imageUrl": "http://thewalkingdead-online.com/hq/albums/HQ/13%20-%20Indo%20Longe%20Demais/75%20-%20Indo%20Longe%20Demais/thumb_30.jpg"
                },
                {
                    "href": "thumb_31.jpg",
                    "text": " thumb_31.jpg",
                    "imageUrl": "http://thewalkingdead-online.com/hq/albums/HQ/13%20-%20Indo%20Longe%20Demais/75%20-%20Indo%20Longe%20Demais/thumb_31.jpg"
                },
                {
                    "href": "thumb_32.jpg",
                    "text": " thumb_32.jpg",
                    "imageUrl": "http://thewalkingdead-online.com/hq/albums/HQ/13%20-%20Indo%20Longe%20Demais/75%20-%20Indo%20Longe%20Demais/thumb_32.jpg"
                },
                {
                    "href": "thumb_34.jpg",
                    "text": " thumb_34.jpg",
                    "imageUrl": "http://thewalkingdead-online.com/hq/albums/HQ/13%20-%20Indo%20Longe%20Demais/75%20-%20Indo%20Longe%20Demais/thumb_34.jpg"
                },
                {
                    "href": "thumb_35.jpg",
                    "text": " thumb_35.jpg",
                    "imageUrl": "http://thewalkingdead-online.com/hq/albums/HQ/13%20-%20Indo%20Longe%20Demais/75%20-%20Indo%20Longe%20Demais/thumb_35.jpg"
                },
                {
                    "href": "thumb_36.jpg",
                    "text": " thumb_36.jpg",
                    "imageUrl": "http://thewalkingdead-online.com/hq/albums/HQ/13%20-%20Indo%20Longe%20Demais/75%20-%20Indo%20Longe%20Demais/thumb_36.jpg"
                },
                {
                    "href": "thumb_37.jpg",
                    "text": " thumb_37.jpg",
                    "imageUrl": "http://thewalkingdead-online.com/hq/albums/HQ/13%20-%20Indo%20Longe%20Demais/75%20-%20Indo%20Longe%20Demais/thumb_37.jpg"
                },
                {
                    "href": "thumb_38.jpg",
                    "text": " thumb_38.jpg",
                    "imageUrl": "http://thewalkingdead-online.com/hq/albums/HQ/13%20-%20Indo%20Longe%20Demais/75%20-%20Indo%20Longe%20Demais/thumb_38.jpg"
                },
                {
                    "href": "thumb_39.jpg",
                    "text": " thumb_39.jpg",
                    "imageUrl": "http://thewalkingdead-online.com/hq/albums/HQ/13%20-%20Indo%20Longe%20Demais/75%20-%20Indo%20Longe%20Demais/thumb_39.jpg"
                },
                {
                    "href": "thumb_40.jpg",
                    "text": " thumb_40.jpg",
                    "imageUrl": "http://thewalkingdead-online.com/hq/albums/HQ/13%20-%20Indo%20Longe%20Demais/75%20-%20Indo%20Longe%20Demais/thumb_40.jpg"
                },
                {
                    "href": "thumb_41.jpg",
                    "text": " thumb_41.jpg",
                    "imageUrl": "http://thewalkingdead-online.com/hq/albums/HQ/13%20-%20Indo%20Longe%20Demais/75%20-%20Indo%20Longe%20Demais/thumb_41.jpg"
                },
                {
                    "href": "thumb_42.jpg",
                    "text": " thumb_42.jpg",
                    "imageUrl": "http://thewalkingdead-online.com/hq/albums/HQ/13%20-%20Indo%20Longe%20Demais/75%20-%20Indo%20Longe%20Demais/thumb_42.jpg"
                },
                {
                    "href": "thumb_43.jpg",
                    "text": " thumb_43.jpg",
                    "imageUrl": "http://thewalkingdead-online.com/hq/albums/HQ/13%20-%20Indo%20Longe%20Demais/75%20-%20Indo%20Longe%20Demais/thumb_43.jpg"
                },
                {
                    "href": "thumb_44.jpg",
                    "text": " thumb_44.jpg",
                    "imageUrl": "http://thewalkingdead-online.com/hq/albums/HQ/13%20-%20Indo%20Longe%20Demais/75%20-%20Indo%20Longe%20Demais/thumb_44.jpg"
                },
                {
                    "href": "thumb_45.jpg",
                    "text": " thumb_45.jpg",
                    "imageUrl": "http://thewalkingdead-online.com/hq/albums/HQ/13%20-%20Indo%20Longe%20Demais/75%20-%20Indo%20Longe%20Demais/thumb_45.jpg"
                },
                {
                    "href": "thumb_46.jpg",
                    "text": " thumb_46.jpg",
                    "imageUrl": "http://thewalkingdead-online.com/hq/albums/HQ/13%20-%20Indo%20Longe%20Demais/75%20-%20Indo%20Longe%20Demais/thumb_46.jpg"
                },
                {
                    "href": "thumb_48.jpg",
                    "text": " thumb_48.jpg",
                    "imageUrl": "http://thewalkingdead-online.com/hq/albums/HQ/13%20-%20Indo%20Longe%20Demais/75%20-%20Indo%20Longe%20Demais/thumb_48.jpg"
                },
                {
                    "href": "thumb_49.jpg",
                    "text": " thumb_49.jpg",
                    "imageUrl": "http://thewalkingdead-online.com/hq/albums/HQ/13%20-%20Indo%20Longe%20Demais/75%20-%20Indo%20Longe%20Demais/thumb_49.jpg"
                }
            ]
        },
        {
            "href": "76%20-%20Indo%20Longe%20Demais/",
            "text": " 76 - Indo Longe Demais/",
            "images": [
                {
                    "href": "01.jpg",
                    "text": " 01.jpg",
                    "imageUrl": "http://thewalkingdead-online.com/hq/albums/HQ/13%20-%20Indo%20Longe%20Demais/76%20-%20Indo%20Longe%20Demais/01.jpg"
                },
                {
                    "href": "02.jpg",
                    "text": " 02.jpg",
                    "imageUrl": "http://thewalkingdead-online.com/hq/albums/HQ/13%20-%20Indo%20Longe%20Demais/76%20-%20Indo%20Longe%20Demais/02.jpg"
                },
                {
                    "href": "03.jpg",
                    "text": " 03.jpg",
                    "imageUrl": "http://thewalkingdead-online.com/hq/albums/HQ/13%20-%20Indo%20Longe%20Demais/76%20-%20Indo%20Longe%20Demais/03.jpg"
                },
                {
                    "href": "04_05.jpg",
                    "text": " 04_05.jpg",
                    "imageUrl": "http://thewalkingdead-online.com/hq/albums/HQ/13%20-%20Indo%20Longe%20Demais/76%20-%20Indo%20Longe%20Demais/04_05.jpg"
                },
                {
                    "href": "06.jpg",
                    "text": " 06.jpg",
                    "imageUrl": "http://thewalkingdead-online.com/hq/albums/HQ/13%20-%20Indo%20Longe%20Demais/76%20-%20Indo%20Longe%20Demais/06.jpg"
                },
                {
                    "href": "07.jpg",
                    "text": " 07.jpg",
                    "imageUrl": "http://thewalkingdead-online.com/hq/albums/HQ/13%20-%20Indo%20Longe%20Demais/76%20-%20Indo%20Longe%20Demais/07.jpg"
                },
                {
                    "href": "08.jpg",
                    "text": " 08.jpg",
                    "imageUrl": "http://thewalkingdead-online.com/hq/albums/HQ/13%20-%20Indo%20Longe%20Demais/76%20-%20Indo%20Longe%20Demais/08.jpg"
                },
                {
                    "href": "09.jpg",
                    "text": " 09.jpg",
                    "imageUrl": "http://thewalkingdead-online.com/hq/albums/HQ/13%20-%20Indo%20Longe%20Demais/76%20-%20Indo%20Longe%20Demais/09.jpg"
                },
                {
                    "href": "10.jpg",
                    "text": " 10.jpg",
                    "imageUrl": "http://thewalkingdead-online.com/hq/albums/HQ/13%20-%20Indo%20Longe%20Demais/76%20-%20Indo%20Longe%20Demais/10.jpg"
                },
                {
                    "href": "11.jpg",
                    "text": " 11.jpg",
                    "imageUrl": "http://thewalkingdead-online.com/hq/albums/HQ/13%20-%20Indo%20Longe%20Demais/76%20-%20Indo%20Longe%20Demais/11.jpg"
                },
                {
                    "href": "12.jpg",
                    "text": " 12.jpg",
                    "imageUrl": "http://thewalkingdead-online.com/hq/albums/HQ/13%20-%20Indo%20Longe%20Demais/76%20-%20Indo%20Longe%20Demais/12.jpg"
                },
                {
                    "href": "13.jpg",
                    "text": " 13.jpg",
                    "imageUrl": "http://thewalkingdead-online.com/hq/albums/HQ/13%20-%20Indo%20Longe%20Demais/76%20-%20Indo%20Longe%20Demais/13.jpg"
                },
                {
                    "href": "14.jpg",
                    "text": " 14.jpg",
                    "imageUrl": "http://thewalkingdead-online.com/hq/albums/HQ/13%20-%20Indo%20Longe%20Demais/76%20-%20Indo%20Longe%20Demais/14.jpg"
                },
                {
                    "href": "15.jpg",
                    "text": " 15.jpg",
                    "imageUrl": "http://thewalkingdead-online.com/hq/albums/HQ/13%20-%20Indo%20Longe%20Demais/76%20-%20Indo%20Longe%20Demais/15.jpg"
                },
                {
                    "href": "16.jpg",
                    "text": " 16.jpg",
                    "imageUrl": "http://thewalkingdead-online.com/hq/albums/HQ/13%20-%20Indo%20Longe%20Demais/76%20-%20Indo%20Longe%20Demais/16.jpg"
                },
                {
                    "href": "17.jpg",
                    "text": " 17.jpg",
                    "imageUrl": "http://thewalkingdead-online.com/hq/albums/HQ/13%20-%20Indo%20Longe%20Demais/76%20-%20Indo%20Longe%20Demais/17.jpg"
                },
                {
                    "href": "18.jpg",
                    "text": " 18.jpg",
                    "imageUrl": "http://thewalkingdead-online.com/hq/albums/HQ/13%20-%20Indo%20Longe%20Demais/76%20-%20Indo%20Longe%20Demais/18.jpg"
                },
                {
                    "href": "19.jpg",
                    "text": " 19.jpg",
                    "imageUrl": "http://thewalkingdead-online.com/hq/albums/HQ/13%20-%20Indo%20Longe%20Demais/76%20-%20Indo%20Longe%20Demais/19.jpg"
                },
                {
                    "href": "20.jpg",
                    "text": " 20.jpg",
                    "imageUrl": "http://thewalkingdead-online.com/hq/albums/HQ/13%20-%20Indo%20Longe%20Demais/76%20-%20Indo%20Longe%20Demais/20.jpg"
                },
                {
                    "href": "21.jpg",
                    "text": " 21.jpg",
                    "imageUrl": "http://thewalkingdead-online.com/hq/albums/HQ/13%20-%20Indo%20Longe%20Demais/76%20-%20Indo%20Longe%20Demais/21.jpg"
                },
                {
                    "href": "22.jpg",
                    "text": " 22.jpg",
                    "imageUrl": "http://thewalkingdead-online.com/hq/albums/HQ/13%20-%20Indo%20Longe%20Demais/76%20-%20Indo%20Longe%20Demais/22.jpg"
                },
                {
                    "href": "23.jpg",
                    "text": " 23.jpg",
                    "imageUrl": "http://thewalkingdead-online.com/hq/albums/HQ/13%20-%20Indo%20Longe%20Demais/76%20-%20Indo%20Longe%20Demais/23.jpg"
                },
                {
                    "href": "24.jpg",
                    "text": " 24.jpg",
                    "imageUrl": "http://thewalkingdead-online.com/hq/albums/HQ/13%20-%20Indo%20Longe%20Demais/76%20-%20Indo%20Longe%20Demais/24.jpg"
                },
                {
                    "href": "Thumbs.db",
                    "text": " Thumbs.db",
                    "imageUrl": "http://thewalkingdead-online.com/hq/albums/HQ/13%20-%20Indo%20Longe%20Demais/76%20-%20Indo%20Longe%20Demais/Thumbs.db"
                },
                {
                    "href": "thumb_01.jpg",
                    "text": " thumb_01.jpg",
                    "imageUrl": "http://thewalkingdead-online.com/hq/albums/HQ/13%20-%20Indo%20Longe%20Demais/76%20-%20Indo%20Longe%20Demais/thumb_01.jpg"
                },
                {
                    "href": "thumb_02.jpg",
                    "text": " thumb_02.jpg",
                    "imageUrl": "http://thewalkingdead-online.com/hq/albums/HQ/13%20-%20Indo%20Longe%20Demais/76%20-%20Indo%20Longe%20Demais/thumb_02.jpg"
                },
                {
                    "href": "thumb_03.jpg",
                    "text": " thumb_03.jpg",
                    "imageUrl": "http://thewalkingdead-online.com/hq/albums/HQ/13%20-%20Indo%20Longe%20Demais/76%20-%20Indo%20Longe%20Demais/thumb_03.jpg"
                },
                {
                    "href": "thumb_04_05.jpg",
                    "text": " thumb_04_05.jpg",
                    "imageUrl": "http://thewalkingdead-online.com/hq/albums/HQ/13%20-%20Indo%20Longe%20Demais/76%20-%20Indo%20Longe%20Demais/thumb_04_05.jpg"
                },
                {
                    "href": "thumb_06.jpg",
                    "text": " thumb_06.jpg",
                    "imageUrl": "http://thewalkingdead-online.com/hq/albums/HQ/13%20-%20Indo%20Longe%20Demais/76%20-%20Indo%20Longe%20Demais/thumb_06.jpg"
                },
                {
                    "href": "thumb_07.jpg",
                    "text": " thumb_07.jpg",
                    "imageUrl": "http://thewalkingdead-online.com/hq/albums/HQ/13%20-%20Indo%20Longe%20Demais/76%20-%20Indo%20Longe%20Demais/thumb_07.jpg"
                },
                {
                    "href": "thumb_08.jpg",
                    "text": " thumb_08.jpg",
                    "imageUrl": "http://thewalkingdead-online.com/hq/albums/HQ/13%20-%20Indo%20Longe%20Demais/76%20-%20Indo%20Longe%20Demais/thumb_08.jpg"
                },
                {
                    "href": "thumb_09.jpg",
                    "text": " thumb_09.jpg",
                    "imageUrl": "http://thewalkingdead-online.com/hq/albums/HQ/13%20-%20Indo%20Longe%20Demais/76%20-%20Indo%20Longe%20Demais/thumb_09.jpg"
                },
                {
                    "href": "thumb_10.jpg",
                    "text": " thumb_10.jpg",
                    "imageUrl": "http://thewalkingdead-online.com/hq/albums/HQ/13%20-%20Indo%20Longe%20Demais/76%20-%20Indo%20Longe%20Demais/thumb_10.jpg"
                },
                {
                    "href": "thumb_11.jpg",
                    "text": " thumb_11.jpg",
                    "imageUrl": "http://thewalkingdead-online.com/hq/albums/HQ/13%20-%20Indo%20Longe%20Demais/76%20-%20Indo%20Longe%20Demais/thumb_11.jpg"
                },
                {
                    "href": "thumb_12.jpg",
                    "text": " thumb_12.jpg",
                    "imageUrl": "http://thewalkingdead-online.com/hq/albums/HQ/13%20-%20Indo%20Longe%20Demais/76%20-%20Indo%20Longe%20Demais/thumb_12.jpg"
                },
                {
                    "href": "thumb_13.jpg",
                    "text": " thumb_13.jpg",
                    "imageUrl": "http://thewalkingdead-online.com/hq/albums/HQ/13%20-%20Indo%20Longe%20Demais/76%20-%20Indo%20Longe%20Demais/thumb_13.jpg"
                },
                {
                    "href": "thumb_14.jpg",
                    "text": " thumb_14.jpg",
                    "imageUrl": "http://thewalkingdead-online.com/hq/albums/HQ/13%20-%20Indo%20Longe%20Demais/76%20-%20Indo%20Longe%20Demais/thumb_14.jpg"
                },
                {
                    "href": "thumb_15.jpg",
                    "text": " thumb_15.jpg",
                    "imageUrl": "http://thewalkingdead-online.com/hq/albums/HQ/13%20-%20Indo%20Longe%20Demais/76%20-%20Indo%20Longe%20Demais/thumb_15.jpg"
                },
                {
                    "href": "thumb_16.jpg",
                    "text": " thumb_16.jpg",
                    "imageUrl": "http://thewalkingdead-online.com/hq/albums/HQ/13%20-%20Indo%20Longe%20Demais/76%20-%20Indo%20Longe%20Demais/thumb_16.jpg"
                },
                {
                    "href": "thumb_17.jpg",
                    "text": " thumb_17.jpg",
                    "imageUrl": "http://thewalkingdead-online.com/hq/albums/HQ/13%20-%20Indo%20Longe%20Demais/76%20-%20Indo%20Longe%20Demais/thumb_17.jpg"
                },
                {
                    "href": "thumb_18.jpg",
                    "text": " thumb_18.jpg",
                    "imageUrl": "http://thewalkingdead-online.com/hq/albums/HQ/13%20-%20Indo%20Longe%20Demais/76%20-%20Indo%20Longe%20Demais/thumb_18.jpg"
                },
                {
                    "href": "thumb_19.jpg",
                    "text": " thumb_19.jpg",
                    "imageUrl": "http://thewalkingdead-online.com/hq/albums/HQ/13%20-%20Indo%20Longe%20Demais/76%20-%20Indo%20Longe%20Demais/thumb_19.jpg"
                },
                {
                    "href": "thumb_20.jpg",
                    "text": " thumb_20.jpg",
                    "imageUrl": "http://thewalkingdead-online.com/hq/albums/HQ/13%20-%20Indo%20Longe%20Demais/76%20-%20Indo%20Longe%20Demais/thumb_20.jpg"
                },
                {
                    "href": "thumb_21.jpg",
                    "text": " thumb_21.jpg",
                    "imageUrl": "http://thewalkingdead-online.com/hq/albums/HQ/13%20-%20Indo%20Longe%20Demais/76%20-%20Indo%20Longe%20Demais/thumb_21.jpg"
                },
                {
                    "href": "thumb_22.jpg",
                    "text": " thumb_22.jpg",
                    "imageUrl": "http://thewalkingdead-online.com/hq/albums/HQ/13%20-%20Indo%20Longe%20Demais/76%20-%20Indo%20Longe%20Demais/thumb_22.jpg"
                },
                {
                    "href": "thumb_23.jpg",
                    "text": " thumb_23.jpg",
                    "imageUrl": "http://thewalkingdead-online.com/hq/albums/HQ/13%20-%20Indo%20Longe%20Demais/76%20-%20Indo%20Longe%20Demais/thumb_23.jpg"
                },
                {
                    "href": "thumb_24.jpg",
                    "text": " thumb_24.jpg",
                    "imageUrl": "http://thewalkingdead-online.com/hq/albums/HQ/13%20-%20Indo%20Longe%20Demais/76%20-%20Indo%20Longe%20Demais/thumb_24.jpg"
                }
            ]
        },
        {
            "href": "77%20-%20Indo%20Longe%20Demais/",
            "text": " 77 - Indo Longe Demais/",
            "images": [
                {
                    "href": "01.jpg",
                    "text": " 01.jpg",
                    "imageUrl": "http://thewalkingdead-online.com/hq/albums/HQ/13%20-%20Indo%20Longe%20Demais/77%20-%20Indo%20Longe%20Demais/01.jpg"
                },
                {
                    "href": "02.jpg",
                    "text": " 02.jpg",
                    "imageUrl": "http://thewalkingdead-online.com/hq/albums/HQ/13%20-%20Indo%20Longe%20Demais/77%20-%20Indo%20Longe%20Demais/02.jpg"
                },
                {
                    "href": "03.jpg",
                    "text": " 03.jpg",
                    "imageUrl": "http://thewalkingdead-online.com/hq/albums/HQ/13%20-%20Indo%20Longe%20Demais/77%20-%20Indo%20Longe%20Demais/03.jpg"
                },
                {
                    "href": "04.jpg",
                    "text": " 04.jpg",
                    "imageUrl": "http://thewalkingdead-online.com/hq/albums/HQ/13%20-%20Indo%20Longe%20Demais/77%20-%20Indo%20Longe%20Demais/04.jpg"
                },
                {
                    "href": "05.jpg",
                    "text": " 05.jpg",
                    "imageUrl": "http://thewalkingdead-online.com/hq/albums/HQ/13%20-%20Indo%20Longe%20Demais/77%20-%20Indo%20Longe%20Demais/05.jpg"
                },
                {
                    "href": "06.jpg",
                    "text": " 06.jpg",
                    "imageUrl": "http://thewalkingdead-online.com/hq/albums/HQ/13%20-%20Indo%20Longe%20Demais/77%20-%20Indo%20Longe%20Demais/06.jpg"
                },
                {
                    "href": "07.jpg",
                    "text": " 07.jpg",
                    "imageUrl": "http://thewalkingdead-online.com/hq/albums/HQ/13%20-%20Indo%20Longe%20Demais/77%20-%20Indo%20Longe%20Demais/07.jpg"
                },
                {
                    "href": "08.jpg",
                    "text": " 08.jpg",
                    "imageUrl": "http://thewalkingdead-online.com/hq/albums/HQ/13%20-%20Indo%20Longe%20Demais/77%20-%20Indo%20Longe%20Demais/08.jpg"
                },
                {
                    "href": "09.jpg",
                    "text": " 09.jpg",
                    "imageUrl": "http://thewalkingdead-online.com/hq/albums/HQ/13%20-%20Indo%20Longe%20Demais/77%20-%20Indo%20Longe%20Demais/09.jpg"
                },
                {
                    "href": "10.jpg",
                    "text": " 10.jpg",
                    "imageUrl": "http://thewalkingdead-online.com/hq/albums/HQ/13%20-%20Indo%20Longe%20Demais/77%20-%20Indo%20Longe%20Demais/10.jpg"
                },
                {
                    "href": "11.jpg",
                    "text": " 11.jpg",
                    "imageUrl": "http://thewalkingdead-online.com/hq/albums/HQ/13%20-%20Indo%20Longe%20Demais/77%20-%20Indo%20Longe%20Demais/11.jpg"
                },
                {
                    "href": "12.jpg",
                    "text": " 12.jpg",
                    "imageUrl": "http://thewalkingdead-online.com/hq/albums/HQ/13%20-%20Indo%20Longe%20Demais/77%20-%20Indo%20Longe%20Demais/12.jpg"
                },
                {
                    "href": "13.jpg",
                    "text": " 13.jpg",
                    "imageUrl": "http://thewalkingdead-online.com/hq/albums/HQ/13%20-%20Indo%20Longe%20Demais/77%20-%20Indo%20Longe%20Demais/13.jpg"
                },
                {
                    "href": "14.jpg",
                    "text": " 14.jpg",
                    "imageUrl": "http://thewalkingdead-online.com/hq/albums/HQ/13%20-%20Indo%20Longe%20Demais/77%20-%20Indo%20Longe%20Demais/14.jpg"
                },
                {
                    "href": "15.jpg",
                    "text": " 15.jpg",
                    "imageUrl": "http://thewalkingdead-online.com/hq/albums/HQ/13%20-%20Indo%20Longe%20Demais/77%20-%20Indo%20Longe%20Demais/15.jpg"
                },
                {
                    "href": "16.jpg",
                    "text": " 16.jpg",
                    "imageUrl": "http://thewalkingdead-online.com/hq/albums/HQ/13%20-%20Indo%20Longe%20Demais/77%20-%20Indo%20Longe%20Demais/16.jpg"
                },
                {
                    "href": "17.jpg",
                    "text": " 17.jpg",
                    "imageUrl": "http://thewalkingdead-online.com/hq/albums/HQ/13%20-%20Indo%20Longe%20Demais/77%20-%20Indo%20Longe%20Demais/17.jpg"
                },
                {
                    "href": "18.jpg",
                    "text": " 18.jpg",
                    "imageUrl": "http://thewalkingdead-online.com/hq/albums/HQ/13%20-%20Indo%20Longe%20Demais/77%20-%20Indo%20Longe%20Demais/18.jpg"
                },
                {
                    "href": "19.jpg",
                    "text": " 19.jpg",
                    "imageUrl": "http://thewalkingdead-online.com/hq/albums/HQ/13%20-%20Indo%20Longe%20Demais/77%20-%20Indo%20Longe%20Demais/19.jpg"
                },
                {
                    "href": "20.jpg",
                    "text": " 20.jpg",
                    "imageUrl": "http://thewalkingdead-online.com/hq/albums/HQ/13%20-%20Indo%20Longe%20Demais/77%20-%20Indo%20Longe%20Demais/20.jpg"
                },
                {
                    "href": "21.jpg",
                    "text": " 21.jpg",
                    "imageUrl": "http://thewalkingdead-online.com/hq/albums/HQ/13%20-%20Indo%20Longe%20Demais/77%20-%20Indo%20Longe%20Demais/21.jpg"
                },
                {
                    "href": "22.jpg",
                    "text": " 22.jpg",
                    "imageUrl": "http://thewalkingdead-online.com/hq/albums/HQ/13%20-%20Indo%20Longe%20Demais/77%20-%20Indo%20Longe%20Demais/22.jpg"
                },
                {
                    "href": "23.jpg",
                    "text": " 23.jpg",
                    "imageUrl": "http://thewalkingdead-online.com/hq/albums/HQ/13%20-%20Indo%20Longe%20Demais/77%20-%20Indo%20Longe%20Demais/23.jpg"
                },
                {
                    "href": "24.jpg",
                    "text": " 24.jpg",
                    "imageUrl": "http://thewalkingdead-online.com/hq/albums/HQ/13%20-%20Indo%20Longe%20Demais/77%20-%20Indo%20Longe%20Demais/24.jpg"
                },
                {
                    "href": "25.jpg",
                    "text": " 25.jpg",
                    "imageUrl": "http://thewalkingdead-online.com/hq/albums/HQ/13%20-%20Indo%20Longe%20Demais/77%20-%20Indo%20Longe%20Demais/25.jpg"
                },
                {
                    "href": "Thumbs.db",
                    "text": " Thumbs.db",
                    "imageUrl": "http://thewalkingdead-online.com/hq/albums/HQ/13%20-%20Indo%20Longe%20Demais/77%20-%20Indo%20Longe%20Demais/Thumbs.db"
                },
                {
                    "href": "thumb_01.jpg",
                    "text": " thumb_01.jpg",
                    "imageUrl": "http://thewalkingdead-online.com/hq/albums/HQ/13%20-%20Indo%20Longe%20Demais/77%20-%20Indo%20Longe%20Demais/thumb_01.jpg"
                },
                {
                    "href": "thumb_02.jpg",
                    "text": " thumb_02.jpg",
                    "imageUrl": "http://thewalkingdead-online.com/hq/albums/HQ/13%20-%20Indo%20Longe%20Demais/77%20-%20Indo%20Longe%20Demais/thumb_02.jpg"
                },
                {
                    "href": "thumb_03.jpg",
                    "text": " thumb_03.jpg",
                    "imageUrl": "http://thewalkingdead-online.com/hq/albums/HQ/13%20-%20Indo%20Longe%20Demais/77%20-%20Indo%20Longe%20Demais/thumb_03.jpg"
                },
                {
                    "href": "thumb_04.jpg",
                    "text": " thumb_04.jpg",
                    "imageUrl": "http://thewalkingdead-online.com/hq/albums/HQ/13%20-%20Indo%20Longe%20Demais/77%20-%20Indo%20Longe%20Demais/thumb_04.jpg"
                },
                {
                    "href": "thumb_05.jpg",
                    "text": " thumb_05.jpg",
                    "imageUrl": "http://thewalkingdead-online.com/hq/albums/HQ/13%20-%20Indo%20Longe%20Demais/77%20-%20Indo%20Longe%20Demais/thumb_05.jpg"
                },
                {
                    "href": "thumb_06.jpg",
                    "text": " thumb_06.jpg",
                    "imageUrl": "http://thewalkingdead-online.com/hq/albums/HQ/13%20-%20Indo%20Longe%20Demais/77%20-%20Indo%20Longe%20Demais/thumb_06.jpg"
                },
                {
                    "href": "thumb_07.jpg",
                    "text": " thumb_07.jpg",
                    "imageUrl": "http://thewalkingdead-online.com/hq/albums/HQ/13%20-%20Indo%20Longe%20Demais/77%20-%20Indo%20Longe%20Demais/thumb_07.jpg"
                },
                {
                    "href": "thumb_08.jpg",
                    "text": " thumb_08.jpg",
                    "imageUrl": "http://thewalkingdead-online.com/hq/albums/HQ/13%20-%20Indo%20Longe%20Demais/77%20-%20Indo%20Longe%20Demais/thumb_08.jpg"
                },
                {
                    "href": "thumb_09.jpg",
                    "text": " thumb_09.jpg",
                    "imageUrl": "http://thewalkingdead-online.com/hq/albums/HQ/13%20-%20Indo%20Longe%20Demais/77%20-%20Indo%20Longe%20Demais/thumb_09.jpg"
                },
                {
                    "href": "thumb_10.jpg",
                    "text": " thumb_10.jpg",
                    "imageUrl": "http://thewalkingdead-online.com/hq/albums/HQ/13%20-%20Indo%20Longe%20Demais/77%20-%20Indo%20Longe%20Demais/thumb_10.jpg"
                },
                {
                    "href": "thumb_11.jpg",
                    "text": " thumb_11.jpg",
                    "imageUrl": "http://thewalkingdead-online.com/hq/albums/HQ/13%20-%20Indo%20Longe%20Demais/77%20-%20Indo%20Longe%20Demais/thumb_11.jpg"
                },
                {
                    "href": "thumb_12.jpg",
                    "text": " thumb_12.jpg",
                    "imageUrl": "http://thewalkingdead-online.com/hq/albums/HQ/13%20-%20Indo%20Longe%20Demais/77%20-%20Indo%20Longe%20Demais/thumb_12.jpg"
                },
                {
                    "href": "thumb_13.jpg",
                    "text": " thumb_13.jpg",
                    "imageUrl": "http://thewalkingdead-online.com/hq/albums/HQ/13%20-%20Indo%20Longe%20Demais/77%20-%20Indo%20Longe%20Demais/thumb_13.jpg"
                },
                {
                    "href": "thumb_14.jpg",
                    "text": " thumb_14.jpg",
                    "imageUrl": "http://thewalkingdead-online.com/hq/albums/HQ/13%20-%20Indo%20Longe%20Demais/77%20-%20Indo%20Longe%20Demais/thumb_14.jpg"
                },
                {
                    "href": "thumb_15.jpg",
                    "text": " thumb_15.jpg",
                    "imageUrl": "http://thewalkingdead-online.com/hq/albums/HQ/13%20-%20Indo%20Longe%20Demais/77%20-%20Indo%20Longe%20Demais/thumb_15.jpg"
                },
                {
                    "href": "thumb_16.jpg",
                    "text": " thumb_16.jpg",
                    "imageUrl": "http://thewalkingdead-online.com/hq/albums/HQ/13%20-%20Indo%20Longe%20Demais/77%20-%20Indo%20Longe%20Demais/thumb_16.jpg"
                },
                {
                    "href": "thumb_17.jpg",
                    "text": " thumb_17.jpg",
                    "imageUrl": "http://thewalkingdead-online.com/hq/albums/HQ/13%20-%20Indo%20Longe%20Demais/77%20-%20Indo%20Longe%20Demais/thumb_17.jpg"
                },
                {
                    "href": "thumb_18.jpg",
                    "text": " thumb_18.jpg",
                    "imageUrl": "http://thewalkingdead-online.com/hq/albums/HQ/13%20-%20Indo%20Longe%20Demais/77%20-%20Indo%20Longe%20Demais/thumb_18.jpg"
                },
                {
                    "href": "thumb_19.jpg",
                    "text": " thumb_19.jpg",
                    "imageUrl": "http://thewalkingdead-online.com/hq/albums/HQ/13%20-%20Indo%20Longe%20Demais/77%20-%20Indo%20Longe%20Demais/thumb_19.jpg"
                },
                {
                    "href": "thumb_20.jpg",
                    "text": " thumb_20.jpg",
                    "imageUrl": "http://thewalkingdead-online.com/hq/albums/HQ/13%20-%20Indo%20Longe%20Demais/77%20-%20Indo%20Longe%20Demais/thumb_20.jpg"
                },
                {
                    "href": "thumb_21.jpg",
                    "text": " thumb_21.jpg",
                    "imageUrl": "http://thewalkingdead-online.com/hq/albums/HQ/13%20-%20Indo%20Longe%20Demais/77%20-%20Indo%20Longe%20Demais/thumb_21.jpg"
                },
                {
                    "href": "thumb_22.jpg",
                    "text": " thumb_22.jpg",
                    "imageUrl": "http://thewalkingdead-online.com/hq/albums/HQ/13%20-%20Indo%20Longe%20Demais/77%20-%20Indo%20Longe%20Demais/thumb_22.jpg"
                },
                {
                    "href": "thumb_23.jpg",
                    "text": " thumb_23.jpg",
                    "imageUrl": "http://thewalkingdead-online.com/hq/albums/HQ/13%20-%20Indo%20Longe%20Demais/77%20-%20Indo%20Longe%20Demais/thumb_23.jpg"
                },
                {
                    "href": "thumb_24.jpg",
                    "text": " thumb_24.jpg",
                    "imageUrl": "http://thewalkingdead-online.com/hq/albums/HQ/13%20-%20Indo%20Longe%20Demais/77%20-%20Indo%20Longe%20Demais/thumb_24.jpg"
                },
                {
                    "href": "thumb_25.jpg",
                    "text": " thumb_25.jpg",
                    "imageUrl": "http://thewalkingdead-online.com/hq/albums/HQ/13%20-%20Indo%20Longe%20Demais/77%20-%20Indo%20Longe%20Demais/thumb_25.jpg"
                }
            ]
        },
        {
            "href": "78%20-%20Indo%20Longe%20Demais/",
            "text": " 78 - Indo Longe Demais/",
            "images": [
                {
                    "href": "01.jpg",
                    "text": " 01.jpg",
                    "imageUrl": "http://thewalkingdead-online.com/hq/albums/HQ/13%20-%20Indo%20Longe%20Demais/78%20-%20Indo%20Longe%20Demais/01.jpg"
                },
                {
                    "href": "02.jpg",
                    "text": " 02.jpg",
                    "imageUrl": "http://thewalkingdead-online.com/hq/albums/HQ/13%20-%20Indo%20Longe%20Demais/78%20-%20Indo%20Longe%20Demais/02.jpg"
                },
                {
                    "href": "03.jpg",
                    "text": " 03.jpg",
                    "imageUrl": "http://thewalkingdead-online.com/hq/albums/HQ/13%20-%20Indo%20Longe%20Demais/78%20-%20Indo%20Longe%20Demais/03.jpg"
                },
                {
                    "href": "04.jpg",
                    "text": " 04.jpg",
                    "imageUrl": "http://thewalkingdead-online.com/hq/albums/HQ/13%20-%20Indo%20Longe%20Demais/78%20-%20Indo%20Longe%20Demais/04.jpg"
                },
                {
                    "href": "05.jpg",
                    "text": " 05.jpg",
                    "imageUrl": "http://thewalkingdead-online.com/hq/albums/HQ/13%20-%20Indo%20Longe%20Demais/78%20-%20Indo%20Longe%20Demais/05.jpg"
                },
                {
                    "href": "06.jpg",
                    "text": " 06.jpg",
                    "imageUrl": "http://thewalkingdead-online.com/hq/albums/HQ/13%20-%20Indo%20Longe%20Demais/78%20-%20Indo%20Longe%20Demais/06.jpg"
                },
                {
                    "href": "07.jpg",
                    "text": " 07.jpg",
                    "imageUrl": "http://thewalkingdead-online.com/hq/albums/HQ/13%20-%20Indo%20Longe%20Demais/78%20-%20Indo%20Longe%20Demais/07.jpg"
                },
                {
                    "href": "08.jpg",
                    "text": " 08.jpg",
                    "imageUrl": "http://thewalkingdead-online.com/hq/albums/HQ/13%20-%20Indo%20Longe%20Demais/78%20-%20Indo%20Longe%20Demais/08.jpg"
                },
                {
                    "href": "09.jpg",
                    "text": " 09.jpg",
                    "imageUrl": "http://thewalkingdead-online.com/hq/albums/HQ/13%20-%20Indo%20Longe%20Demais/78%20-%20Indo%20Longe%20Demais/09.jpg"
                },
                {
                    "href": "10.jpg",
                    "text": " 10.jpg",
                    "imageUrl": "http://thewalkingdead-online.com/hq/albums/HQ/13%20-%20Indo%20Longe%20Demais/78%20-%20Indo%20Longe%20Demais/10.jpg"
                },
                {
                    "href": "11.jpg",
                    "text": " 11.jpg",
                    "imageUrl": "http://thewalkingdead-online.com/hq/albums/HQ/13%20-%20Indo%20Longe%20Demais/78%20-%20Indo%20Longe%20Demais/11.jpg"
                },
                {
                    "href": "12.jpg",
                    "text": " 12.jpg",
                    "imageUrl": "http://thewalkingdead-online.com/hq/albums/HQ/13%20-%20Indo%20Longe%20Demais/78%20-%20Indo%20Longe%20Demais/12.jpg"
                },
                {
                    "href": "13.jpg",
                    "text": " 13.jpg",
                    "imageUrl": "http://thewalkingdead-online.com/hq/albums/HQ/13%20-%20Indo%20Longe%20Demais/78%20-%20Indo%20Longe%20Demais/13.jpg"
                },
                {
                    "href": "14.jpg",
                    "text": " 14.jpg",
                    "imageUrl": "http://thewalkingdead-online.com/hq/albums/HQ/13%20-%20Indo%20Longe%20Demais/78%20-%20Indo%20Longe%20Demais/14.jpg"
                },
                {
                    "href": "15.jpg",
                    "text": " 15.jpg",
                    "imageUrl": "http://thewalkingdead-online.com/hq/albums/HQ/13%20-%20Indo%20Longe%20Demais/78%20-%20Indo%20Longe%20Demais/15.jpg"
                },
                {
                    "href": "16.jpg",
                    "text": " 16.jpg",
                    "imageUrl": "http://thewalkingdead-online.com/hq/albums/HQ/13%20-%20Indo%20Longe%20Demais/78%20-%20Indo%20Longe%20Demais/16.jpg"
                },
                {
                    "href": "17.jpg",
                    "text": " 17.jpg",
                    "imageUrl": "http://thewalkingdead-online.com/hq/albums/HQ/13%20-%20Indo%20Longe%20Demais/78%20-%20Indo%20Longe%20Demais/17.jpg"
                },
                {
                    "href": "18-19.jpg",
                    "text": " 18-19.jpg",
                    "imageUrl": "http://thewalkingdead-online.com/hq/albums/HQ/13%20-%20Indo%20Longe%20Demais/78%20-%20Indo%20Longe%20Demais/18-19.jpg"
                },
                {
                    "href": "20-21.jpg",
                    "text": " 20-21.jpg",
                    "imageUrl": "http://thewalkingdead-online.com/hq/albums/HQ/13%20-%20Indo%20Longe%20Demais/78%20-%20Indo%20Longe%20Demais/20-21.jpg"
                },
                {
                    "href": "22.jpg",
                    "text": " 22.jpg",
                    "imageUrl": "http://thewalkingdead-online.com/hq/albums/HQ/13%20-%20Indo%20Longe%20Demais/78%20-%20Indo%20Longe%20Demais/22.jpg"
                },
                {
                    "href": "23.jpg",
                    "text": " 23.jpg",
                    "imageUrl": "http://thewalkingdead-online.com/hq/albums/HQ/13%20-%20Indo%20Longe%20Demais/78%20-%20Indo%20Longe%20Demais/23.jpg"
                },
                {
                    "href": "24.jpg",
                    "text": " 24.jpg",
                    "imageUrl": "http://thewalkingdead-online.com/hq/albums/HQ/13%20-%20Indo%20Longe%20Demais/78%20-%20Indo%20Longe%20Demais/24.jpg"
                },
                {
                    "href": "Thumbs.db",
                    "text": " Thumbs.db",
                    "imageUrl": "http://thewalkingdead-online.com/hq/albums/HQ/13%20-%20Indo%20Longe%20Demais/78%20-%20Indo%20Longe%20Demais/Thumbs.db"
                },
                {
                    "href": "thumb_01.jpg",
                    "text": " thumb_01.jpg",
                    "imageUrl": "http://thewalkingdead-online.com/hq/albums/HQ/13%20-%20Indo%20Longe%20Demais/78%20-%20Indo%20Longe%20Demais/thumb_01.jpg"
                },
                {
                    "href": "thumb_02.jpg",
                    "text": " thumb_02.jpg",
                    "imageUrl": "http://thewalkingdead-online.com/hq/albums/HQ/13%20-%20Indo%20Longe%20Demais/78%20-%20Indo%20Longe%20Demais/thumb_02.jpg"
                },
                {
                    "href": "thumb_03.jpg",
                    "text": " thumb_03.jpg",
                    "imageUrl": "http://thewalkingdead-online.com/hq/albums/HQ/13%20-%20Indo%20Longe%20Demais/78%20-%20Indo%20Longe%20Demais/thumb_03.jpg"
                },
                {
                    "href": "thumb_04.jpg",
                    "text": " thumb_04.jpg",
                    "imageUrl": "http://thewalkingdead-online.com/hq/albums/HQ/13%20-%20Indo%20Longe%20Demais/78%20-%20Indo%20Longe%20Demais/thumb_04.jpg"
                },
                {
                    "href": "thumb_05.jpg",
                    "text": " thumb_05.jpg",
                    "imageUrl": "http://thewalkingdead-online.com/hq/albums/HQ/13%20-%20Indo%20Longe%20Demais/78%20-%20Indo%20Longe%20Demais/thumb_05.jpg"
                },
                {
                    "href": "thumb_06.jpg",
                    "text": " thumb_06.jpg",
                    "imageUrl": "http://thewalkingdead-online.com/hq/albums/HQ/13%20-%20Indo%20Longe%20Demais/78%20-%20Indo%20Longe%20Demais/thumb_06.jpg"
                },
                {
                    "href": "thumb_07.jpg",
                    "text": " thumb_07.jpg",
                    "imageUrl": "http://thewalkingdead-online.com/hq/albums/HQ/13%20-%20Indo%20Longe%20Demais/78%20-%20Indo%20Longe%20Demais/thumb_07.jpg"
                },
                {
                    "href": "thumb_08.jpg",
                    "text": " thumb_08.jpg",
                    "imageUrl": "http://thewalkingdead-online.com/hq/albums/HQ/13%20-%20Indo%20Longe%20Demais/78%20-%20Indo%20Longe%20Demais/thumb_08.jpg"
                },
                {
                    "href": "thumb_09.jpg",
                    "text": " thumb_09.jpg",
                    "imageUrl": "http://thewalkingdead-online.com/hq/albums/HQ/13%20-%20Indo%20Longe%20Demais/78%20-%20Indo%20Longe%20Demais/thumb_09.jpg"
                },
                {
                    "href": "thumb_10.jpg",
                    "text": " thumb_10.jpg",
                    "imageUrl": "http://thewalkingdead-online.com/hq/albums/HQ/13%20-%20Indo%20Longe%20Demais/78%20-%20Indo%20Longe%20Demais/thumb_10.jpg"
                },
                {
                    "href": "thumb_11.jpg",
                    "text": " thumb_11.jpg",
                    "imageUrl": "http://thewalkingdead-online.com/hq/albums/HQ/13%20-%20Indo%20Longe%20Demais/78%20-%20Indo%20Longe%20Demais/thumb_11.jpg"
                },
                {
                    "href": "thumb_12.jpg",
                    "text": " thumb_12.jpg",
                    "imageUrl": "http://thewalkingdead-online.com/hq/albums/HQ/13%20-%20Indo%20Longe%20Demais/78%20-%20Indo%20Longe%20Demais/thumb_12.jpg"
                },
                {
                    "href": "thumb_13.jpg",
                    "text": " thumb_13.jpg",
                    "imageUrl": "http://thewalkingdead-online.com/hq/albums/HQ/13%20-%20Indo%20Longe%20Demais/78%20-%20Indo%20Longe%20Demais/thumb_13.jpg"
                },
                {
                    "href": "thumb_14.jpg",
                    "text": " thumb_14.jpg",
                    "imageUrl": "http://thewalkingdead-online.com/hq/albums/HQ/13%20-%20Indo%20Longe%20Demais/78%20-%20Indo%20Longe%20Demais/thumb_14.jpg"
                },
                {
                    "href": "thumb_15.jpg",
                    "text": " thumb_15.jpg",
                    "imageUrl": "http://thewalkingdead-online.com/hq/albums/HQ/13%20-%20Indo%20Longe%20Demais/78%20-%20Indo%20Longe%20Demais/thumb_15.jpg"
                },
                {
                    "href": "thumb_16.jpg",
                    "text": " thumb_16.jpg",
                    "imageUrl": "http://thewalkingdead-online.com/hq/albums/HQ/13%20-%20Indo%20Longe%20Demais/78%20-%20Indo%20Longe%20Demais/thumb_16.jpg"
                },
                {
                    "href": "thumb_17.jpg",
                    "text": " thumb_17.jpg",
                    "imageUrl": "http://thewalkingdead-online.com/hq/albums/HQ/13%20-%20Indo%20Longe%20Demais/78%20-%20Indo%20Longe%20Demais/thumb_17.jpg"
                },
                {
                    "href": "thumb_18-19.jpg",
                    "text": " thumb_18-19.jpg",
                    "imageUrl": "http://thewalkingdead-online.com/hq/albums/HQ/13%20-%20Indo%20Longe%20Demais/78%20-%20Indo%20Longe%20Demais/thumb_18-19.jpg"
                },
                {
                    "href": "thumb_20-21.jpg",
                    "text": " thumb_20-21.jpg",
                    "imageUrl": "http://thewalkingdead-online.com/hq/albums/HQ/13%20-%20Indo%20Longe%20Demais/78%20-%20Indo%20Longe%20Demais/thumb_20-21.jpg"
                },
                {
                    "href": "thumb_22.jpg",
                    "text": " thumb_22.jpg",
                    "imageUrl": "http://thewalkingdead-online.com/hq/albums/HQ/13%20-%20Indo%20Longe%20Demais/78%20-%20Indo%20Longe%20Demais/thumb_22.jpg"
                },
                {
                    "href": "thumb_23.jpg",
                    "text": " thumb_23.jpg",
                    "imageUrl": "http://thewalkingdead-online.com/hq/albums/HQ/13%20-%20Indo%20Longe%20Demais/78%20-%20Indo%20Longe%20Demais/thumb_23.jpg"
                },
                {
                    "href": "thumb_24.jpg",
                    "text": " thumb_24.jpg",
                    "imageUrl": "http://thewalkingdead-online.com/hq/albums/HQ/13%20-%20Indo%20Longe%20Demais/78%20-%20Indo%20Longe%20Demais/thumb_24.jpg"
                }
            ]
        }
    ]
}