{
    "href": "14%20-%20Sem%20Saida/",
    "text": " 14 - Sem Saida/",
    "chapters": [
        {
            "href": "79%20-%20SEM%20SAIDA/",
            "text": " 79 - SEM SAIDA/",
            "images": [
                {
                    "href": "00.jpg",
                    "text": " 00.jpg",
                    "imageUrl": "http://thewalkingdead-online.com/hq/albums/HQ/14%20-%20Sem%20Saida/79%20-%20SEM%20SAIDA/00.jpg"
                },
                {
                    "href": "01.jpg",
                    "text": " 01.jpg",
                    "imageUrl": "http://thewalkingdead-online.com/hq/albums/HQ/14%20-%20Sem%20Saida/79%20-%20SEM%20SAIDA/01.jpg"
                },
                {
                    "href": "02.jpg",
                    "text": " 02.jpg",
                    "imageUrl": "http://thewalkingdead-online.com/hq/albums/HQ/14%20-%20Sem%20Saida/79%20-%20SEM%20SAIDA/02.jpg"
                },
                {
                    "href": "03.jpg",
                    "text": " 03.jpg",
                    "imageUrl": "http://thewalkingdead-online.com/hq/albums/HQ/14%20-%20Sem%20Saida/79%20-%20SEM%20SAIDA/03.jpg"
                },
                {
                    "href": "04.jpg",
                    "text": " 04.jpg",
                    "imageUrl": "http://thewalkingdead-online.com/hq/albums/HQ/14%20-%20Sem%20Saida/79%20-%20SEM%20SAIDA/04.jpg"
                },
                {
                    "href": "05.jpg",
                    "text": " 05.jpg",
                    "imageUrl": "http://thewalkingdead-online.com/hq/albums/HQ/14%20-%20Sem%20Saida/79%20-%20SEM%20SAIDA/05.jpg"
                },
                {
                    "href": "06.jpg",
                    "text": " 06.jpg",
                    "imageUrl": "http://thewalkingdead-online.com/hq/albums/HQ/14%20-%20Sem%20Saida/79%20-%20SEM%20SAIDA/06.jpg"
                },
                {
                    "href": "07.jpg",
                    "text": " 07.jpg",
                    "imageUrl": "http://thewalkingdead-online.com/hq/albums/HQ/14%20-%20Sem%20Saida/79%20-%20SEM%20SAIDA/07.jpg"
                },
                {
                    "href": "08.jpg",
                    "text": " 08.jpg",
                    "imageUrl": "http://thewalkingdead-online.com/hq/albums/HQ/14%20-%20Sem%20Saida/79%20-%20SEM%20SAIDA/08.jpg"
                },
                {
                    "href": "09.jpg",
                    "text": " 09.jpg",
                    "imageUrl": "http://thewalkingdead-online.com/hq/albums/HQ/14%20-%20Sem%20Saida/79%20-%20SEM%20SAIDA/09.jpg"
                },
                {
                    "href": "10.jpg",
                    "text": " 10.jpg",
                    "imageUrl": "http://thewalkingdead-online.com/hq/albums/HQ/14%20-%20Sem%20Saida/79%20-%20SEM%20SAIDA/10.jpg"
                },
                {
                    "href": "11.jpg",
                    "text": " 11.jpg",
                    "imageUrl": "http://thewalkingdead-online.com/hq/albums/HQ/14%20-%20Sem%20Saida/79%20-%20SEM%20SAIDA/11.jpg"
                },
                {
                    "href": "12.jpg",
                    "text": " 12.jpg",
                    "imageUrl": "http://thewalkingdead-online.com/hq/albums/HQ/14%20-%20Sem%20Saida/79%20-%20SEM%20SAIDA/12.jpg"
                },
                {
                    "href": "13.jpg",
                    "text": " 13.jpg",
                    "imageUrl": "http://thewalkingdead-online.com/hq/albums/HQ/14%20-%20Sem%20Saida/79%20-%20SEM%20SAIDA/13.jpg"
                },
                {
                    "href": "14.jpg",
                    "text": " 14.jpg",
                    "imageUrl": "http://thewalkingdead-online.com/hq/albums/HQ/14%20-%20Sem%20Saida/79%20-%20SEM%20SAIDA/14.jpg"
                },
                {
                    "href": "15.jpg",
                    "text": " 15.jpg",
                    "imageUrl": "http://thewalkingdead-online.com/hq/albums/HQ/14%20-%20Sem%20Saida/79%20-%20SEM%20SAIDA/15.jpg"
                },
                {
                    "href": "16.jpg",
                    "text": " 16.jpg",
                    "imageUrl": "http://thewalkingdead-online.com/hq/albums/HQ/14%20-%20Sem%20Saida/79%20-%20SEM%20SAIDA/16.jpg"
                },
                {
                    "href": "17.jpg",
                    "text": " 17.jpg",
                    "imageUrl": "http://thewalkingdead-online.com/hq/albums/HQ/14%20-%20Sem%20Saida/79%20-%20SEM%20SAIDA/17.jpg"
                },
                {
                    "href": "18.jpg",
                    "text": " 18.jpg",
                    "imageUrl": "http://thewalkingdead-online.com/hq/albums/HQ/14%20-%20Sem%20Saida/79%20-%20SEM%20SAIDA/18.jpg"
                },
                {
                    "href": "19.jpg",
                    "text": " 19.jpg",
                    "imageUrl": "http://thewalkingdead-online.com/hq/albums/HQ/14%20-%20Sem%20Saida/79%20-%20SEM%20SAIDA/19.jpg"
                },
                {
                    "href": "20.jpg",
                    "text": " 20.jpg",
                    "imageUrl": "http://thewalkingdead-online.com/hq/albums/HQ/14%20-%20Sem%20Saida/79%20-%20SEM%20SAIDA/20.jpg"
                },
                {
                    "href": "21.jpg",
                    "text": " 21.jpg",
                    "imageUrl": "http://thewalkingdead-online.com/hq/albums/HQ/14%20-%20Sem%20Saida/79%20-%20SEM%20SAIDA/21.jpg"
                },
                {
                    "href": "22.jpg",
                    "text": " 22.jpg",
                    "imageUrl": "http://thewalkingdead-online.com/hq/albums/HQ/14%20-%20Sem%20Saida/79%20-%20SEM%20SAIDA/22.jpg"
                },
                {
                    "href": "23.jpg",
                    "text": " 23.jpg",
                    "imageUrl": "http://thewalkingdead-online.com/hq/albums/HQ/14%20-%20Sem%20Saida/79%20-%20SEM%20SAIDA/23.jpg"
                },
                {
                    "href": "24.jpg",
                    "text": " 24.jpg",
                    "imageUrl": "http://thewalkingdead-online.com/hq/albums/HQ/14%20-%20Sem%20Saida/79%20-%20SEM%20SAIDA/24.jpg"
                },
                {
                    "href": "25.jpg",
                    "text": " 25.jpg",
                    "imageUrl": "http://thewalkingdead-online.com/hq/albums/HQ/14%20-%20Sem%20Saida/79%20-%20SEM%20SAIDA/25.jpg"
                },
                {
                    "href": "Thumbs.db",
                    "text": " Thumbs.db",
                    "imageUrl": "http://thewalkingdead-online.com/hq/albums/HQ/14%20-%20Sem%20Saida/79%20-%20SEM%20SAIDA/Thumbs.db"
                },
                {
                    "href": "thumb_00.jpg",
                    "text": " thumb_00.jpg",
                    "imageUrl": "http://thewalkingdead-online.com/hq/albums/HQ/14%20-%20Sem%20Saida/79%20-%20SEM%20SAIDA/thumb_00.jpg"
                },
                {
                    "href": "thumb_01.jpg",
                    "text": " thumb_01.jpg",
                    "imageUrl": "http://thewalkingdead-online.com/hq/albums/HQ/14%20-%20Sem%20Saida/79%20-%20SEM%20SAIDA/thumb_01.jpg"
                },
                {
                    "href": "thumb_02.jpg",
                    "text": " thumb_02.jpg",
                    "imageUrl": "http://thewalkingdead-online.com/hq/albums/HQ/14%20-%20Sem%20Saida/79%20-%20SEM%20SAIDA/thumb_02.jpg"
                },
                {
                    "href": "thumb_03.jpg",
                    "text": " thumb_03.jpg",
                    "imageUrl": "http://thewalkingdead-online.com/hq/albums/HQ/14%20-%20Sem%20Saida/79%20-%20SEM%20SAIDA/thumb_03.jpg"
                },
                {
                    "href": "thumb_04.jpg",
                    "text": " thumb_04.jpg",
                    "imageUrl": "http://thewalkingdead-online.com/hq/albums/HQ/14%20-%20Sem%20Saida/79%20-%20SEM%20SAIDA/thumb_04.jpg"
                },
                {
                    "href": "thumb_05.jpg",
                    "text": " thumb_05.jpg",
                    "imageUrl": "http://thewalkingdead-online.com/hq/albums/HQ/14%20-%20Sem%20Saida/79%20-%20SEM%20SAIDA/thumb_05.jpg"
                },
                {
                    "href": "thumb_06.jpg",
                    "text": " thumb_06.jpg",
                    "imageUrl": "http://thewalkingdead-online.com/hq/albums/HQ/14%20-%20Sem%20Saida/79%20-%20SEM%20SAIDA/thumb_06.jpg"
                },
                {
                    "href": "thumb_07.jpg",
                    "text": " thumb_07.jpg",
                    "imageUrl": "http://thewalkingdead-online.com/hq/albums/HQ/14%20-%20Sem%20Saida/79%20-%20SEM%20SAIDA/thumb_07.jpg"
                },
                {
                    "href": "thumb_08.jpg",
                    "text": " thumb_08.jpg",
                    "imageUrl": "http://thewalkingdead-online.com/hq/albums/HQ/14%20-%20Sem%20Saida/79%20-%20SEM%20SAIDA/thumb_08.jpg"
                },
                {
                    "href": "thumb_09.jpg",
                    "text": " thumb_09.jpg",
                    "imageUrl": "http://thewalkingdead-online.com/hq/albums/HQ/14%20-%20Sem%20Saida/79%20-%20SEM%20SAIDA/thumb_09.jpg"
                },
                {
                    "href": "thumb_10.jpg",
                    "text": " thumb_10.jpg",
                    "imageUrl": "http://thewalkingdead-online.com/hq/albums/HQ/14%20-%20Sem%20Saida/79%20-%20SEM%20SAIDA/thumb_10.jpg"
                },
                {
                    "href": "thumb_11.jpg",
                    "text": " thumb_11.jpg",
                    "imageUrl": "http://thewalkingdead-online.com/hq/albums/HQ/14%20-%20Sem%20Saida/79%20-%20SEM%20SAIDA/thumb_11.jpg"
                },
                {
                    "href": "thumb_12.jpg",
                    "text": " thumb_12.jpg",
                    "imageUrl": "http://thewalkingdead-online.com/hq/albums/HQ/14%20-%20Sem%20Saida/79%20-%20SEM%20SAIDA/thumb_12.jpg"
                },
                {
                    "href": "thumb_13.jpg",
                    "text": " thumb_13.jpg",
                    "imageUrl": "http://thewalkingdead-online.com/hq/albums/HQ/14%20-%20Sem%20Saida/79%20-%20SEM%20SAIDA/thumb_13.jpg"
                },
                {
                    "href": "thumb_14.jpg",
                    "text": " thumb_14.jpg",
                    "imageUrl": "http://thewalkingdead-online.com/hq/albums/HQ/14%20-%20Sem%20Saida/79%20-%20SEM%20SAIDA/thumb_14.jpg"
                },
                {
                    "href": "thumb_15.jpg",
                    "text": " thumb_15.jpg",
                    "imageUrl": "http://thewalkingdead-online.com/hq/albums/HQ/14%20-%20Sem%20Saida/79%20-%20SEM%20SAIDA/thumb_15.jpg"
                },
                {
                    "href": "thumb_16.jpg",
                    "text": " thumb_16.jpg",
                    "imageUrl": "http://thewalkingdead-online.com/hq/albums/HQ/14%20-%20Sem%20Saida/79%20-%20SEM%20SAIDA/thumb_16.jpg"
                },
                {
                    "href": "thumb_17.jpg",
                    "text": " thumb_17.jpg",
                    "imageUrl": "http://thewalkingdead-online.com/hq/albums/HQ/14%20-%20Sem%20Saida/79%20-%20SEM%20SAIDA/thumb_17.jpg"
                },
                {
                    "href": "thumb_18.jpg",
                    "text": " thumb_18.jpg",
                    "imageUrl": "http://thewalkingdead-online.com/hq/albums/HQ/14%20-%20Sem%20Saida/79%20-%20SEM%20SAIDA/thumb_18.jpg"
                },
                {
                    "href": "thumb_19.jpg",
                    "text": " thumb_19.jpg",
                    "imageUrl": "http://thewalkingdead-online.com/hq/albums/HQ/14%20-%20Sem%20Saida/79%20-%20SEM%20SAIDA/thumb_19.jpg"
                },
                {
                    "href": "thumb_20.jpg",
                    "text": " thumb_20.jpg",
                    "imageUrl": "http://thewalkingdead-online.com/hq/albums/HQ/14%20-%20Sem%20Saida/79%20-%20SEM%20SAIDA/thumb_20.jpg"
                },
                {
                    "href": "thumb_21.jpg",
                    "text": " thumb_21.jpg",
                    "imageUrl": "http://thewalkingdead-online.com/hq/albums/HQ/14%20-%20Sem%20Saida/79%20-%20SEM%20SAIDA/thumb_21.jpg"
                },
                {
                    "href": "thumb_22.jpg",
                    "text": " thumb_22.jpg",
                    "imageUrl": "http://thewalkingdead-online.com/hq/albums/HQ/14%20-%20Sem%20Saida/79%20-%20SEM%20SAIDA/thumb_22.jpg"
                },
                {
                    "href": "thumb_23.jpg",
                    "text": " thumb_23.jpg",
                    "imageUrl": "http://thewalkingdead-online.com/hq/albums/HQ/14%20-%20Sem%20Saida/79%20-%20SEM%20SAIDA/thumb_23.jpg"
                },
                {
                    "href": "thumb_24.jpg",
                    "text": " thumb_24.jpg",
                    "imageUrl": "http://thewalkingdead-online.com/hq/albums/HQ/14%20-%20Sem%20Saida/79%20-%20SEM%20SAIDA/thumb_24.jpg"
                },
                {
                    "href": "thumb_25.jpg",
                    "text": " thumb_25.jpg",
                    "imageUrl": "http://thewalkingdead-online.com/hq/albums/HQ/14%20-%20Sem%20Saida/79%20-%20SEM%20SAIDA/thumb_25.jpg"
                }
            ]
        },
        {
            "href": "80%20-%20SEM%20SAIDA/",
            "text": " 80 - SEM SAIDA/",
            "images": [
                {
                    "href": "TWD_080_001.jpg",
                    "text": " TWD_080_001.jpg",
                    "imageUrl": "http://thewalkingdead-online.com/hq/albums/HQ/14%20-%20Sem%20Saida/80%20-%20SEM%20SAIDA/TWD_080_001.jpg"
                },
                {
                    "href": "TWD_080_002.jpg",
                    "text": " TWD_080_002.jpg",
                    "imageUrl": "http://thewalkingdead-online.com/hq/albums/HQ/14%20-%20Sem%20Saida/80%20-%20SEM%20SAIDA/TWD_080_002.jpg"
                },
                {
                    "href": "TWD_080_003.jpg",
                    "text": " TWD_080_003.jpg",
                    "imageUrl": "http://thewalkingdead-online.com/hq/albums/HQ/14%20-%20Sem%20Saida/80%20-%20SEM%20SAIDA/TWD_080_003.jpg"
                },
                {
                    "href": "TWD_080_004.jpg",
                    "text": " TWD_080_004.jpg",
                    "imageUrl": "http://thewalkingdead-online.com/hq/albums/HQ/14%20-%20Sem%20Saida/80%20-%20SEM%20SAIDA/TWD_080_004.jpg"
                },
                {
                    "href": "TWD_080_005.jpg",
                    "text": " TWD_080_005.jpg",
                    "imageUrl": "http://thewalkingdead-online.com/hq/albums/HQ/14%20-%20Sem%20Saida/80%20-%20SEM%20SAIDA/TWD_080_005.jpg"
                },
                {
                    "href": "TWD_080_006.jpg",
                    "text": " TWD_080_006.jpg",
                    "imageUrl": "http://thewalkingdead-online.com/hq/albums/HQ/14%20-%20Sem%20Saida/80%20-%20SEM%20SAIDA/TWD_080_006.jpg"
                },
                {
                    "href": "TWD_080_007.jpg",
                    "text": " TWD_080_007.jpg",
                    "imageUrl": "http://thewalkingdead-online.com/hq/albums/HQ/14%20-%20Sem%20Saida/80%20-%20SEM%20SAIDA/TWD_080_007.jpg"
                },
                {
                    "href": "TWD_080_008.jpg",
                    "text": " TWD_080_008.jpg",
                    "imageUrl": "http://thewalkingdead-online.com/hq/albums/HQ/14%20-%20Sem%20Saida/80%20-%20SEM%20SAIDA/TWD_080_008.jpg"
                },
                {
                    "href": "TWD_080_009.jpg",
                    "text": " TWD_080_009.jpg",
                    "imageUrl": "http://thewalkingdead-online.com/hq/albums/HQ/14%20-%20Sem%20Saida/80%20-%20SEM%20SAIDA/TWD_080_009.jpg"
                },
                {
                    "href": "TWD_080_010.jpg",
                    "text": " TWD_080_010.jpg",
                    "imageUrl": "http://thewalkingdead-online.com/hq/albums/HQ/14%20-%20Sem%20Saida/80%20-%20SEM%20SAIDA/TWD_080_010.jpg"
                },
                {
                    "href": "TWD_080_011.jpg",
                    "text": " TWD_080_011.jpg",
                    "imageUrl": "http://thewalkingdead-online.com/hq/albums/HQ/14%20-%20Sem%20Saida/80%20-%20SEM%20SAIDA/TWD_080_011.jpg"
                },
                {
                    "href": "TWD_080_012.jpg",
                    "text": " TWD_080_012.jpg",
                    "imageUrl": "http://thewalkingdead-online.com/hq/albums/HQ/14%20-%20Sem%20Saida/80%20-%20SEM%20SAIDA/TWD_080_012.jpg"
                },
                {
                    "href": "TWD_080_013.jpg",
                    "text": " TWD_080_013.jpg",
                    "imageUrl": "http://thewalkingdead-online.com/hq/albums/HQ/14%20-%20Sem%20Saida/80%20-%20SEM%20SAIDA/TWD_080_013.jpg"
                },
                {
                    "href": "TWD_080_014.jpg",
                    "text": " TWD_080_014.jpg",
                    "imageUrl": "http://thewalkingdead-online.com/hq/albums/HQ/14%20-%20Sem%20Saida/80%20-%20SEM%20SAIDA/TWD_080_014.jpg"
                },
                {
                    "href": "TWD_080_015.jpg",
                    "text": " TWD_080_015.jpg",
                    "imageUrl": "http://thewalkingdead-online.com/hq/albums/HQ/14%20-%20Sem%20Saida/80%20-%20SEM%20SAIDA/TWD_080_015.jpg"
                },
                {
                    "href": "TWD_080_016.jpg",
                    "text": " TWD_080_016.jpg",
                    "imageUrl": "http://thewalkingdead-online.com/hq/albums/HQ/14%20-%20Sem%20Saida/80%20-%20SEM%20SAIDA/TWD_080_016.jpg"
                },
                {
                    "href": "TWD_080_017.jpg",
                    "text": " TWD_080_017.jpg",
                    "imageUrl": "http://thewalkingdead-online.com/hq/albums/HQ/14%20-%20Sem%20Saida/80%20-%20SEM%20SAIDA/TWD_080_017.jpg"
                },
                {
                    "href": "TWD_080_018.jpg",
                    "text": " TWD_080_018.jpg",
                    "imageUrl": "http://thewalkingdead-online.com/hq/albums/HQ/14%20-%20Sem%20Saida/80%20-%20SEM%20SAIDA/TWD_080_018.jpg"
                },
                {
                    "href": "TWD_080_019.jpg",
                    "text": " TWD_080_019.jpg",
                    "imageUrl": "http://thewalkingdead-online.com/hq/albums/HQ/14%20-%20Sem%20Saida/80%20-%20SEM%20SAIDA/TWD_080_019.jpg"
                },
                {
                    "href": "TWD_080_020.jpg",
                    "text": " TWD_080_020.jpg",
                    "imageUrl": "http://thewalkingdead-online.com/hq/albums/HQ/14%20-%20Sem%20Saida/80%20-%20SEM%20SAIDA/TWD_080_020.jpg"
                },
                {
                    "href": "TWD_080_021.jpg",
                    "text": " TWD_080_021.jpg",
                    "imageUrl": "http://thewalkingdead-online.com/hq/albums/HQ/14%20-%20Sem%20Saida/80%20-%20SEM%20SAIDA/TWD_080_021.jpg"
                },
                {
                    "href": "TWD_080_022-023.jpg",
                    "text": " TWD_080_022-023.jpg",
                    "imageUrl": "http://thewalkingdead-online.com/hq/albums/HQ/14%20-%20Sem%20Saida/80%20-%20SEM%20SAIDA/TWD_080_022-023.jpg"
                },
                {
                    "href": "TWD_080_024.jpg",
                    "text": " TWD_080_024.jpg",
                    "imageUrl": "http://thewalkingdead-online.com/hq/albums/HQ/14%20-%20Sem%20Saida/80%20-%20SEM%20SAIDA/TWD_080_024.jpg"
                },
                {
                    "href": "Thumbs.db",
                    "text": " Thumbs.db",
                    "imageUrl": "http://thewalkingdead-online.com/hq/albums/HQ/14%20-%20Sem%20Saida/80%20-%20SEM%20SAIDA/Thumbs.db"
                },
                {
                    "href": "Wallp-TWD.jpg",
                    "text": " Wallp-TWD.jpg",
                    "imageUrl": "http://thewalkingdead-online.com/hq/albums/HQ/14%20-%20Sem%20Saida/80%20-%20SEM%20SAIDA/Wallp-TWD.jpg"
                },
                {
                    "href": "thumb_TWD_080_001.jpg",
                    "text": " thumb_TWD_080_001.jpg",
                    "imageUrl": "http://thewalkingdead-online.com/hq/albums/HQ/14%20-%20Sem%20Saida/80%20-%20SEM%20SAIDA/thumb_TWD_080_001.jpg"
                },
                {
                    "href": "thumb_TWD_080_002.jpg",
                    "text": " thumb_TWD_080_002.jpg",
                    "imageUrl": "http://thewalkingdead-online.com/hq/albums/HQ/14%20-%20Sem%20Saida/80%20-%20SEM%20SAIDA/thumb_TWD_080_002.jpg"
                },
                {
                    "href": "thumb_TWD_080_003.jpg",
                    "text": " thumb_TWD_080_003.jpg",
                    "imageUrl": "http://thewalkingdead-online.com/hq/albums/HQ/14%20-%20Sem%20Saida/80%20-%20SEM%20SAIDA/thumb_TWD_080_003.jpg"
                },
                {
                    "href": "thumb_TWD_080_004.jpg",
                    "text": " thumb_TWD_080_004.jpg",
                    "imageUrl": "http://thewalkingdead-online.com/hq/albums/HQ/14%20-%20Sem%20Saida/80%20-%20SEM%20SAIDA/thumb_TWD_080_004.jpg"
                },
                {
                    "href": "thumb_TWD_080_005.jpg",
                    "text": " thumb_TWD_080_005.jpg",
                    "imageUrl": "http://thewalkingdead-online.com/hq/albums/HQ/14%20-%20Sem%20Saida/80%20-%20SEM%20SAIDA/thumb_TWD_080_005.jpg"
                },
                {
                    "href": "thumb_TWD_080_006.jpg",
                    "text": " thumb_TWD_080_006.jpg",
                    "imageUrl": "http://thewalkingdead-online.com/hq/albums/HQ/14%20-%20Sem%20Saida/80%20-%20SEM%20SAIDA/thumb_TWD_080_006.jpg"
                },
                {
                    "href": "thumb_TWD_080_007.jpg",
                    "text": " thumb_TWD_080_007.jpg",
                    "imageUrl": "http://thewalkingdead-online.com/hq/albums/HQ/14%20-%20Sem%20Saida/80%20-%20SEM%20SAIDA/thumb_TWD_080_007.jpg"
                },
                {
                    "href": "thumb_TWD_080_008.jpg",
                    "text": " thumb_TWD_080_008.jpg",
                    "imageUrl": "http://thewalkingdead-online.com/hq/albums/HQ/14%20-%20Sem%20Saida/80%20-%20SEM%20SAIDA/thumb_TWD_080_008.jpg"
                },
                {
                    "href": "thumb_TWD_080_009.jpg",
                    "text": " thumb_TWD_080_009.jpg",
                    "imageUrl": "http://thewalkingdead-online.com/hq/albums/HQ/14%20-%20Sem%20Saida/80%20-%20SEM%20SAIDA/thumb_TWD_080_009.jpg"
                },
                {
                    "href": "thumb_TWD_080_010.jpg",
                    "text": " thumb_TWD_080_010.jpg",
                    "imageUrl": "http://thewalkingdead-online.com/hq/albums/HQ/14%20-%20Sem%20Saida/80%20-%20SEM%20SAIDA/thumb_TWD_080_010.jpg"
                },
                {
                    "href": "thumb_TWD_080_011.jpg",
                    "text": " thumb_TWD_080_011.jpg",
                    "imageUrl": "http://thewalkingdead-online.com/hq/albums/HQ/14%20-%20Sem%20Saida/80%20-%20SEM%20SAIDA/thumb_TWD_080_011.jpg"
                },
                {
                    "href": "thumb_TWD_080_012.jpg",
                    "text": " thumb_TWD_080_012.jpg",
                    "imageUrl": "http://thewalkingdead-online.com/hq/albums/HQ/14%20-%20Sem%20Saida/80%20-%20SEM%20SAIDA/thumb_TWD_080_012.jpg"
                },
                {
                    "href": "thumb_TWD_080_013.jpg",
                    "text": " thumb_TWD_080_013.jpg",
                    "imageUrl": "http://thewalkingdead-online.com/hq/albums/HQ/14%20-%20Sem%20Saida/80%20-%20SEM%20SAIDA/thumb_TWD_080_013.jpg"
                },
                {
                    "href": "thumb_TWD_080_014.jpg",
                    "text": " thumb_TWD_080_014.jpg",
                    "imageUrl": "http://thewalkingdead-online.com/hq/albums/HQ/14%20-%20Sem%20Saida/80%20-%20SEM%20SAIDA/thumb_TWD_080_014.jpg"
                },
                {
                    "href": "thumb_TWD_080_015.jpg",
                    "text": " thumb_TWD_080_015.jpg",
                    "imageUrl": "http://thewalkingdead-online.com/hq/albums/HQ/14%20-%20Sem%20Saida/80%20-%20SEM%20SAIDA/thumb_TWD_080_015.jpg"
                },
                {
                    "href": "thumb_TWD_080_016.jpg",
                    "text": " thumb_TWD_080_016.jpg",
                    "imageUrl": "http://thewalkingdead-online.com/hq/albums/HQ/14%20-%20Sem%20Saida/80%20-%20SEM%20SAIDA/thumb_TWD_080_016.jpg"
                },
                {
                    "href": "thumb_TWD_080_017.jpg",
                    "text": " thumb_TWD_080_017.jpg",
                    "imageUrl": "http://thewalkingdead-online.com/hq/albums/HQ/14%20-%20Sem%20Saida/80%20-%20SEM%20SAIDA/thumb_TWD_080_017.jpg"
                },
                {
                    "href": "thumb_TWD_080_018.jpg",
                    "text": " thumb_TWD_080_018.jpg",
                    "imageUrl": "http://thewalkingdead-online.com/hq/albums/HQ/14%20-%20Sem%20Saida/80%20-%20SEM%20SAIDA/thumb_TWD_080_018.jpg"
                },
                {
                    "href": "thumb_TWD_080_019.jpg",
                    "text": " thumb_TWD_080_019.jpg",
                    "imageUrl": "http://thewalkingdead-online.com/hq/albums/HQ/14%20-%20Sem%20Saida/80%20-%20SEM%20SAIDA/thumb_TWD_080_019.jpg"
                },
                {
                    "href": "thumb_TWD_080_020.jpg",
                    "text": " thumb_TWD_080_020.jpg",
                    "imageUrl": "http://thewalkingdead-online.com/hq/albums/HQ/14%20-%20Sem%20Saida/80%20-%20SEM%20SAIDA/thumb_TWD_080_020.jpg"
                },
                {
                    "href": "thumb_TWD_080_021.jpg",
                    "text": " thumb_TWD_080_021.jpg",
                    "imageUrl": "http://thewalkingdead-online.com/hq/albums/HQ/14%20-%20Sem%20Saida/80%20-%20SEM%20SAIDA/thumb_TWD_080_021.jpg"
                },
                {
                    "href": "thumb_TWD_080_022-023.jpg",
                    "text": " thumb_TWD_080_022-023.jpg",
                    "imageUrl": "http://thewalkingdead-online.com/hq/albums/HQ/14%20-%20Sem%20Saida/80%20-%20SEM%20SAIDA/thumb_TWD_080_022-023.jpg"
                },
                {
                    "href": "thumb_TWD_080_024.jpg",
                    "text": " thumb_TWD_080_024.jpg",
                    "imageUrl": "http://thewalkingdead-online.com/hq/albums/HQ/14%20-%20Sem%20Saida/80%20-%20SEM%20SAIDA/thumb_TWD_080_024.jpg"
                },
                {
                    "href": "thumb_Wallp-TWD.jpg",
                    "text": " thumb_Wallp-TWD.jpg",
                    "imageUrl": "http://thewalkingdead-online.com/hq/albums/HQ/14%20-%20Sem%20Saida/80%20-%20SEM%20SAIDA/thumb_Wallp-TWD.jpg"
                },
                {
                    "href": "thumb_zz-Walking_Dead_fim.jpg",
                    "text": " thumb_zz-Walking_Dead_fim.jpg",
                    "imageUrl": "http://thewalkingdead-online.com/hq/albums/HQ/14%20-%20Sem%20Saida/80%20-%20SEM%20SAIDA/thumb_zz-Walking_Dead_fim.jpg"
                },
                {
                    "href": "zz-Walking_Dead_fim.jpg",
                    "text": " zz-Walking_Dead_fim.jpg",
                    "imageUrl": "http://thewalkingdead-online.com/hq/albums/HQ/14%20-%20Sem%20Saida/80%20-%20SEM%20SAIDA/zz-Walking_Dead_fim.jpg"
                }
            ]
        },
        {
            "href": "81%20-%20SEM%20SAIDA/",
            "text": " 81 - SEM SAIDA/",
            "images": [
                {
                    "href": "001.jpg",
                    "text": " 001.jpg",
                    "imageUrl": "http://thewalkingdead-online.com/hq/albums/HQ/14%20-%20Sem%20Saida/81%20-%20SEM%20SAIDA/001.jpg"
                },
                {
                    "href": "002.jpg",
                    "text": " 002.jpg",
                    "imageUrl": "http://thewalkingdead-online.com/hq/albums/HQ/14%20-%20Sem%20Saida/81%20-%20SEM%20SAIDA/002.jpg"
                },
                {
                    "href": "003.jpg",
                    "text": " 003.jpg",
                    "imageUrl": "http://thewalkingdead-online.com/hq/albums/HQ/14%20-%20Sem%20Saida/81%20-%20SEM%20SAIDA/003.jpg"
                },
                {
                    "href": "004.jpg",
                    "text": " 004.jpg",
                    "imageUrl": "http://thewalkingdead-online.com/hq/albums/HQ/14%20-%20Sem%20Saida/81%20-%20SEM%20SAIDA/004.jpg"
                },
                {
                    "href": "005.jpg",
                    "text": " 005.jpg",
                    "imageUrl": "http://thewalkingdead-online.com/hq/albums/HQ/14%20-%20Sem%20Saida/81%20-%20SEM%20SAIDA/005.jpg"
                },
                {
                    "href": "006.jpg",
                    "text": " 006.jpg",
                    "imageUrl": "http://thewalkingdead-online.com/hq/albums/HQ/14%20-%20Sem%20Saida/81%20-%20SEM%20SAIDA/006.jpg"
                },
                {
                    "href": "007.jpg",
                    "text": " 007.jpg",
                    "imageUrl": "http://thewalkingdead-online.com/hq/albums/HQ/14%20-%20Sem%20Saida/81%20-%20SEM%20SAIDA/007.jpg"
                },
                {
                    "href": "008.jpg",
                    "text": " 008.jpg",
                    "imageUrl": "http://thewalkingdead-online.com/hq/albums/HQ/14%20-%20Sem%20Saida/81%20-%20SEM%20SAIDA/008.jpg"
                },
                {
                    "href": "009.jpg",
                    "text": " 009.jpg",
                    "imageUrl": "http://thewalkingdead-online.com/hq/albums/HQ/14%20-%20Sem%20Saida/81%20-%20SEM%20SAIDA/009.jpg"
                },
                {
                    "href": "010.jpg",
                    "text": " 010.jpg",
                    "imageUrl": "http://thewalkingdead-online.com/hq/albums/HQ/14%20-%20Sem%20Saida/81%20-%20SEM%20SAIDA/010.jpg"
                },
                {
                    "href": "011.jpg",
                    "text": " 011.jpg",
                    "imageUrl": "http://thewalkingdead-online.com/hq/albums/HQ/14%20-%20Sem%20Saida/81%20-%20SEM%20SAIDA/011.jpg"
                },
                {
                    "href": "012.jpg",
                    "text": " 012.jpg",
                    "imageUrl": "http://thewalkingdead-online.com/hq/albums/HQ/14%20-%20Sem%20Saida/81%20-%20SEM%20SAIDA/012.jpg"
                },
                {
                    "href": "013.jpg",
                    "text": " 013.jpg",
                    "imageUrl": "http://thewalkingdead-online.com/hq/albums/HQ/14%20-%20Sem%20Saida/81%20-%20SEM%20SAIDA/013.jpg"
                },
                {
                    "href": "014.jpg",
                    "text": " 014.jpg",
                    "imageUrl": "http://thewalkingdead-online.com/hq/albums/HQ/14%20-%20Sem%20Saida/81%20-%20SEM%20SAIDA/014.jpg"
                },
                {
                    "href": "015.jpg",
                    "text": " 015.jpg",
                    "imageUrl": "http://thewalkingdead-online.com/hq/albums/HQ/14%20-%20Sem%20Saida/81%20-%20SEM%20SAIDA/015.jpg"
                },
                {
                    "href": "016-017.jpg",
                    "text": " 016-017.jpg",
                    "imageUrl": "http://thewalkingdead-online.com/hq/albums/HQ/14%20-%20Sem%20Saida/81%20-%20SEM%20SAIDA/016-017.jpg"
                },
                {
                    "href": "018.jpg",
                    "text": " 018.jpg",
                    "imageUrl": "http://thewalkingdead-online.com/hq/albums/HQ/14%20-%20Sem%20Saida/81%20-%20SEM%20SAIDA/018.jpg"
                },
                {
                    "href": "019.jpg",
                    "text": " 019.jpg",
                    "imageUrl": "http://thewalkingdead-online.com/hq/albums/HQ/14%20-%20Sem%20Saida/81%20-%20SEM%20SAIDA/019.jpg"
                },
                {
                    "href": "020.jpg",
                    "text": " 020.jpg",
                    "imageUrl": "http://thewalkingdead-online.com/hq/albums/HQ/14%20-%20Sem%20Saida/81%20-%20SEM%20SAIDA/020.jpg"
                },
                {
                    "href": "021.jpg",
                    "text": " 021.jpg",
                    "imageUrl": "http://thewalkingdead-online.com/hq/albums/HQ/14%20-%20Sem%20Saida/81%20-%20SEM%20SAIDA/021.jpg"
                },
                {
                    "href": "022.jpg",
                    "text": " 022.jpg",
                    "imageUrl": "http://thewalkingdead-online.com/hq/albums/HQ/14%20-%20Sem%20Saida/81%20-%20SEM%20SAIDA/022.jpg"
                },
                {
                    "href": "023.jpg",
                    "text": " 023.jpg",
                    "imageUrl": "http://thewalkingdead-online.com/hq/albums/HQ/14%20-%20Sem%20Saida/81%20-%20SEM%20SAIDA/023.jpg"
                },
                {
                    "href": "024.jpg",
                    "text": " 024.jpg",
                    "imageUrl": "http://thewalkingdead-online.com/hq/albums/HQ/14%20-%20Sem%20Saida/81%20-%20SEM%20SAIDA/024.jpg"
                },
                {
                    "href": "025.jpg",
                    "text": " 025.jpg",
                    "imageUrl": "http://thewalkingdead-online.com/hq/albums/HQ/14%20-%20Sem%20Saida/81%20-%20SEM%20SAIDA/025.jpg"
                },
                {
                    "href": "026.jpg",
                    "text": " 026.jpg",
                    "imageUrl": "http://thewalkingdead-online.com/hq/albums/HQ/14%20-%20Sem%20Saida/81%20-%20SEM%20SAIDA/026.jpg"
                },
                {
                    "href": "027.jpg",
                    "text": " 027.jpg",
                    "imageUrl": "http://thewalkingdead-online.com/hq/albums/HQ/14%20-%20Sem%20Saida/81%20-%20SEM%20SAIDA/027.jpg"
                },
                {
                    "href": "028.jpg",
                    "text": " 028.jpg",
                    "imageUrl": "http://thewalkingdead-online.com/hq/albums/HQ/14%20-%20Sem%20Saida/81%20-%20SEM%20SAIDA/028.jpg"
                },
                {
                    "href": "Thumbs.db",
                    "text": " Thumbs.db",
                    "imageUrl": "http://thewalkingdead-online.com/hq/albums/HQ/14%20-%20Sem%20Saida/81%20-%20SEM%20SAIDA/Thumbs.db"
                },
                {
                    "href": "thumb_001.jpg",
                    "text": " thumb_001.jpg",
                    "imageUrl": "http://thewalkingdead-online.com/hq/albums/HQ/14%20-%20Sem%20Saida/81%20-%20SEM%20SAIDA/thumb_001.jpg"
                },
                {
                    "href": "thumb_002.jpg",
                    "text": " thumb_002.jpg",
                    "imageUrl": "http://thewalkingdead-online.com/hq/albums/HQ/14%20-%20Sem%20Saida/81%20-%20SEM%20SAIDA/thumb_002.jpg"
                },
                {
                    "href": "thumb_003.jpg",
                    "text": " thumb_003.jpg",
                    "imageUrl": "http://thewalkingdead-online.com/hq/albums/HQ/14%20-%20Sem%20Saida/81%20-%20SEM%20SAIDA/thumb_003.jpg"
                },
                {
                    "href": "thumb_004.jpg",
                    "text": " thumb_004.jpg",
                    "imageUrl": "http://thewalkingdead-online.com/hq/albums/HQ/14%20-%20Sem%20Saida/81%20-%20SEM%20SAIDA/thumb_004.jpg"
                },
                {
                    "href": "thumb_005.jpg",
                    "text": " thumb_005.jpg",
                    "imageUrl": "http://thewalkingdead-online.com/hq/albums/HQ/14%20-%20Sem%20Saida/81%20-%20SEM%20SAIDA/thumb_005.jpg"
                },
                {
                    "href": "thumb_006.jpg",
                    "text": " thumb_006.jpg",
                    "imageUrl": "http://thewalkingdead-online.com/hq/albums/HQ/14%20-%20Sem%20Saida/81%20-%20SEM%20SAIDA/thumb_006.jpg"
                },
                {
                    "href": "thumb_007.jpg",
                    "text": " thumb_007.jpg",
                    "imageUrl": "http://thewalkingdead-online.com/hq/albums/HQ/14%20-%20Sem%20Saida/81%20-%20SEM%20SAIDA/thumb_007.jpg"
                },
                {
                    "href": "thumb_008.jpg",
                    "text": " thumb_008.jpg",
                    "imageUrl": "http://thewalkingdead-online.com/hq/albums/HQ/14%20-%20Sem%20Saida/81%20-%20SEM%20SAIDA/thumb_008.jpg"
                },
                {
                    "href": "thumb_009.jpg",
                    "text": " thumb_009.jpg",
                    "imageUrl": "http://thewalkingdead-online.com/hq/albums/HQ/14%20-%20Sem%20Saida/81%20-%20SEM%20SAIDA/thumb_009.jpg"
                },
                {
                    "href": "thumb_010.jpg",
                    "text": " thumb_010.jpg",
                    "imageUrl": "http://thewalkingdead-online.com/hq/albums/HQ/14%20-%20Sem%20Saida/81%20-%20SEM%20SAIDA/thumb_010.jpg"
                },
                {
                    "href": "thumb_011.jpg",
                    "text": " thumb_011.jpg",
                    "imageUrl": "http://thewalkingdead-online.com/hq/albums/HQ/14%20-%20Sem%20Saida/81%20-%20SEM%20SAIDA/thumb_011.jpg"
                },
                {
                    "href": "thumb_012.jpg",
                    "text": " thumb_012.jpg",
                    "imageUrl": "http://thewalkingdead-online.com/hq/albums/HQ/14%20-%20Sem%20Saida/81%20-%20SEM%20SAIDA/thumb_012.jpg"
                },
                {
                    "href": "thumb_013.jpg",
                    "text": " thumb_013.jpg",
                    "imageUrl": "http://thewalkingdead-online.com/hq/albums/HQ/14%20-%20Sem%20Saida/81%20-%20SEM%20SAIDA/thumb_013.jpg"
                },
                {
                    "href": "thumb_014.jpg",
                    "text": " thumb_014.jpg",
                    "imageUrl": "http://thewalkingdead-online.com/hq/albums/HQ/14%20-%20Sem%20Saida/81%20-%20SEM%20SAIDA/thumb_014.jpg"
                },
                {
                    "href": "thumb_015.jpg",
                    "text": " thumb_015.jpg",
                    "imageUrl": "http://thewalkingdead-online.com/hq/albums/HQ/14%20-%20Sem%20Saida/81%20-%20SEM%20SAIDA/thumb_015.jpg"
                },
                {
                    "href": "thumb_016-017.jpg",
                    "text": " thumb_016-017.jpg",
                    "imageUrl": "http://thewalkingdead-online.com/hq/albums/HQ/14%20-%20Sem%20Saida/81%20-%20SEM%20SAIDA/thumb_016-017.jpg"
                },
                {
                    "href": "thumb_018.jpg",
                    "text": " thumb_018.jpg",
                    "imageUrl": "http://thewalkingdead-online.com/hq/albums/HQ/14%20-%20Sem%20Saida/81%20-%20SEM%20SAIDA/thumb_018.jpg"
                },
                {
                    "href": "thumb_019.jpg",
                    "text": " thumb_019.jpg",
                    "imageUrl": "http://thewalkingdead-online.com/hq/albums/HQ/14%20-%20Sem%20Saida/81%20-%20SEM%20SAIDA/thumb_019.jpg"
                },
                {
                    "href": "thumb_020.jpg",
                    "text": " thumb_020.jpg",
                    "imageUrl": "http://thewalkingdead-online.com/hq/albums/HQ/14%20-%20Sem%20Saida/81%20-%20SEM%20SAIDA/thumb_020.jpg"
                },
                {
                    "href": "thumb_021.jpg",
                    "text": " thumb_021.jpg",
                    "imageUrl": "http://thewalkingdead-online.com/hq/albums/HQ/14%20-%20Sem%20Saida/81%20-%20SEM%20SAIDA/thumb_021.jpg"
                },
                {
                    "href": "thumb_022.jpg",
                    "text": " thumb_022.jpg",
                    "imageUrl": "http://thewalkingdead-online.com/hq/albums/HQ/14%20-%20Sem%20Saida/81%20-%20SEM%20SAIDA/thumb_022.jpg"
                },
                {
                    "href": "thumb_023.jpg",
                    "text": " thumb_023.jpg",
                    "imageUrl": "http://thewalkingdead-online.com/hq/albums/HQ/14%20-%20Sem%20Saida/81%20-%20SEM%20SAIDA/thumb_023.jpg"
                },
                {
                    "href": "thumb_024.jpg",
                    "text": " thumb_024.jpg",
                    "imageUrl": "http://thewalkingdead-online.com/hq/albums/HQ/14%20-%20Sem%20Saida/81%20-%20SEM%20SAIDA/thumb_024.jpg"
                },
                {
                    "href": "thumb_025.jpg",
                    "text": " thumb_025.jpg",
                    "imageUrl": "http://thewalkingdead-online.com/hq/albums/HQ/14%20-%20Sem%20Saida/81%20-%20SEM%20SAIDA/thumb_025.jpg"
                },
                {
                    "href": "thumb_026.jpg",
                    "text": " thumb_026.jpg",
                    "imageUrl": "http://thewalkingdead-online.com/hq/albums/HQ/14%20-%20Sem%20Saida/81%20-%20SEM%20SAIDA/thumb_026.jpg"
                },
                {
                    "href": "thumb_027.jpg",
                    "text": " thumb_027.jpg",
                    "imageUrl": "http://thewalkingdead-online.com/hq/albums/HQ/14%20-%20Sem%20Saida/81%20-%20SEM%20SAIDA/thumb_027.jpg"
                },
                {
                    "href": "thumb_028.jpg",
                    "text": " thumb_028.jpg",
                    "imageUrl": "http://thewalkingdead-online.com/hq/albums/HQ/14%20-%20Sem%20Saida/81%20-%20SEM%20SAIDA/thumb_028.jpg"
                }
            ]
        },
        {
            "href": "82%20-%20SEM%20SAIDA/",
            "text": " 82 - SEM SAIDA/",
            "images": [
                {
                    "href": "001.jpg",
                    "text": " 001.jpg",
                    "imageUrl": "http://thewalkingdead-online.com/hq/albums/HQ/14%20-%20Sem%20Saida/82%20-%20SEM%20SAIDA/001.jpg"
                },
                {
                    "href": "002.png",
                    "text": " 002.png",
                    "imageUrl": "http://thewalkingdead-online.com/hq/albums/HQ/14%20-%20Sem%20Saida/82%20-%20SEM%20SAIDA/002.png"
                },
                {
                    "href": "003.png",
                    "text": " 003.png",
                    "imageUrl": "http://thewalkingdead-online.com/hq/albums/HQ/14%20-%20Sem%20Saida/82%20-%20SEM%20SAIDA/003.png"
                },
                {
                    "href": "004.png",
                    "text": " 004.png",
                    "imageUrl": "http://thewalkingdead-online.com/hq/albums/HQ/14%20-%20Sem%20Saida/82%20-%20SEM%20SAIDA/004.png"
                },
                {
                    "href": "005.png",
                    "text": " 005.png",
                    "imageUrl": "http://thewalkingdead-online.com/hq/albums/HQ/14%20-%20Sem%20Saida/82%20-%20SEM%20SAIDA/005.png"
                },
                {
                    "href": "006.png",
                    "text": " 006.png",
                    "imageUrl": "http://thewalkingdead-online.com/hq/albums/HQ/14%20-%20Sem%20Saida/82%20-%20SEM%20SAIDA/006.png"
                },
                {
                    "href": "007.png",
                    "text": " 007.png",
                    "imageUrl": "http://thewalkingdead-online.com/hq/albums/HQ/14%20-%20Sem%20Saida/82%20-%20SEM%20SAIDA/007.png"
                },
                {
                    "href": "008.png",
                    "text": " 008.png",
                    "imageUrl": "http://thewalkingdead-online.com/hq/albums/HQ/14%20-%20Sem%20Saida/82%20-%20SEM%20SAIDA/008.png"
                },
                {
                    "href": "009.png",
                    "text": " 009.png",
                    "imageUrl": "http://thewalkingdead-online.com/hq/albums/HQ/14%20-%20Sem%20Saida/82%20-%20SEM%20SAIDA/009.png"
                },
                {
                    "href": "010.png",
                    "text": " 010.png",
                    "imageUrl": "http://thewalkingdead-online.com/hq/albums/HQ/14%20-%20Sem%20Saida/82%20-%20SEM%20SAIDA/010.png"
                },
                {
                    "href": "011.png",
                    "text": " 011.png",
                    "imageUrl": "http://thewalkingdead-online.com/hq/albums/HQ/14%20-%20Sem%20Saida/82%20-%20SEM%20SAIDA/011.png"
                },
                {
                    "href": "012.png",
                    "text": " 012.png",
                    "imageUrl": "http://thewalkingdead-online.com/hq/albums/HQ/14%20-%20Sem%20Saida/82%20-%20SEM%20SAIDA/012.png"
                },
                {
                    "href": "013.png",
                    "text": " 013.png",
                    "imageUrl": "http://thewalkingdead-online.com/hq/albums/HQ/14%20-%20Sem%20Saida/82%20-%20SEM%20SAIDA/013.png"
                },
                {
                    "href": "014.png",
                    "text": " 014.png",
                    "imageUrl": "http://thewalkingdead-online.com/hq/albums/HQ/14%20-%20Sem%20Saida/82%20-%20SEM%20SAIDA/014.png"
                },
                {
                    "href": "015.png",
                    "text": " 015.png",
                    "imageUrl": "http://thewalkingdead-online.com/hq/albums/HQ/14%20-%20Sem%20Saida/82%20-%20SEM%20SAIDA/015.png"
                },
                {
                    "href": "016.png",
                    "text": " 016.png",
                    "imageUrl": "http://thewalkingdead-online.com/hq/albums/HQ/14%20-%20Sem%20Saida/82%20-%20SEM%20SAIDA/016.png"
                },
                {
                    "href": "017.png",
                    "text": " 017.png",
                    "imageUrl": "http://thewalkingdead-online.com/hq/albums/HQ/14%20-%20Sem%20Saida/82%20-%20SEM%20SAIDA/017.png"
                },
                {
                    "href": "018.png",
                    "text": " 018.png",
                    "imageUrl": "http://thewalkingdead-online.com/hq/albums/HQ/14%20-%20Sem%20Saida/82%20-%20SEM%20SAIDA/018.png"
                },
                {
                    "href": "019.png",
                    "text": " 019.png",
                    "imageUrl": "http://thewalkingdead-online.com/hq/albums/HQ/14%20-%20Sem%20Saida/82%20-%20SEM%20SAIDA/019.png"
                },
                {
                    "href": "020.png",
                    "text": " 020.png",
                    "imageUrl": "http://thewalkingdead-online.com/hq/albums/HQ/14%20-%20Sem%20Saida/82%20-%20SEM%20SAIDA/020.png"
                },
                {
                    "href": "021.png",
                    "text": " 021.png",
                    "imageUrl": "http://thewalkingdead-online.com/hq/albums/HQ/14%20-%20Sem%20Saida/82%20-%20SEM%20SAIDA/021.png"
                },
                {
                    "href": "022.png",
                    "text": " 022.png",
                    "imageUrl": "http://thewalkingdead-online.com/hq/albums/HQ/14%20-%20Sem%20Saida/82%20-%20SEM%20SAIDA/022.png"
                },
                {
                    "href": "023.png",
                    "text": " 023.png",
                    "imageUrl": "http://thewalkingdead-online.com/hq/albums/HQ/14%20-%20Sem%20Saida/82%20-%20SEM%20SAIDA/023.png"
                },
                {
                    "href": "024.png",
                    "text": " 024.png",
                    "imageUrl": "http://thewalkingdead-online.com/hq/albums/HQ/14%20-%20Sem%20Saida/82%20-%20SEM%20SAIDA/024.png"
                },
                {
                    "href": "025.png",
                    "text": " 025.png",
                    "imageUrl": "http://thewalkingdead-online.com/hq/albums/HQ/14%20-%20Sem%20Saida/82%20-%20SEM%20SAIDA/025.png"
                },
                {
                    "href": "026.jpg",
                    "text": " 026.jpg",
                    "imageUrl": "http://thewalkingdead-online.com/hq/albums/HQ/14%20-%20Sem%20Saida/82%20-%20SEM%20SAIDA/026.jpg"
                },
                {
                    "href": "thumb_001.jpg",
                    "text": " thumb_001.jpg",
                    "imageUrl": "http://thewalkingdead-online.com/hq/albums/HQ/14%20-%20Sem%20Saida/82%20-%20SEM%20SAIDA/thumb_001.jpg"
                },
                {
                    "href": "thumb_002.png",
                    "text": " thumb_002.png",
                    "imageUrl": "http://thewalkingdead-online.com/hq/albums/HQ/14%20-%20Sem%20Saida/82%20-%20SEM%20SAIDA/thumb_002.png"
                },
                {
                    "href": "thumb_003.png",
                    "text": " thumb_003.png",
                    "imageUrl": "http://thewalkingdead-online.com/hq/albums/HQ/14%20-%20Sem%20Saida/82%20-%20SEM%20SAIDA/thumb_003.png"
                },
                {
                    "href": "thumb_004.png",
                    "text": " thumb_004.png",
                    "imageUrl": "http://thewalkingdead-online.com/hq/albums/HQ/14%20-%20Sem%20Saida/82%20-%20SEM%20SAIDA/thumb_004.png"
                },
                {
                    "href": "thumb_005.png",
                    "text": " thumb_005.png",
                    "imageUrl": "http://thewalkingdead-online.com/hq/albums/HQ/14%20-%20Sem%20Saida/82%20-%20SEM%20SAIDA/thumb_005.png"
                },
                {
                    "href": "thumb_006.png",
                    "text": " thumb_006.png",
                    "imageUrl": "http://thewalkingdead-online.com/hq/albums/HQ/14%20-%20Sem%20Saida/82%20-%20SEM%20SAIDA/thumb_006.png"
                },
                {
                    "href": "thumb_007.png",
                    "text": " thumb_007.png",
                    "imageUrl": "http://thewalkingdead-online.com/hq/albums/HQ/14%20-%20Sem%20Saida/82%20-%20SEM%20SAIDA/thumb_007.png"
                },
                {
                    "href": "thumb_008.png",
                    "text": " thumb_008.png",
                    "imageUrl": "http://thewalkingdead-online.com/hq/albums/HQ/14%20-%20Sem%20Saida/82%20-%20SEM%20SAIDA/thumb_008.png"
                },
                {
                    "href": "thumb_009.png",
                    "text": " thumb_009.png",
                    "imageUrl": "http://thewalkingdead-online.com/hq/albums/HQ/14%20-%20Sem%20Saida/82%20-%20SEM%20SAIDA/thumb_009.png"
                },
                {
                    "href": "thumb_010.png",
                    "text": " thumb_010.png",
                    "imageUrl": "http://thewalkingdead-online.com/hq/albums/HQ/14%20-%20Sem%20Saida/82%20-%20SEM%20SAIDA/thumb_010.png"
                },
                {
                    "href": "thumb_011.png",
                    "text": " thumb_011.png",
                    "imageUrl": "http://thewalkingdead-online.com/hq/albums/HQ/14%20-%20Sem%20Saida/82%20-%20SEM%20SAIDA/thumb_011.png"
                },
                {
                    "href": "thumb_012.png",
                    "text": " thumb_012.png",
                    "imageUrl": "http://thewalkingdead-online.com/hq/albums/HQ/14%20-%20Sem%20Saida/82%20-%20SEM%20SAIDA/thumb_012.png"
                },
                {
                    "href": "thumb_013.png",
                    "text": " thumb_013.png",
                    "imageUrl": "http://thewalkingdead-online.com/hq/albums/HQ/14%20-%20Sem%20Saida/82%20-%20SEM%20SAIDA/thumb_013.png"
                },
                {
                    "href": "thumb_014.png",
                    "text": " thumb_014.png",
                    "imageUrl": "http://thewalkingdead-online.com/hq/albums/HQ/14%20-%20Sem%20Saida/82%20-%20SEM%20SAIDA/thumb_014.png"
                },
                {
                    "href": "thumb_015.png",
                    "text": " thumb_015.png",
                    "imageUrl": "http://thewalkingdead-online.com/hq/albums/HQ/14%20-%20Sem%20Saida/82%20-%20SEM%20SAIDA/thumb_015.png"
                },
                {
                    "href": "thumb_016.png",
                    "text": " thumb_016.png",
                    "imageUrl": "http://thewalkingdead-online.com/hq/albums/HQ/14%20-%20Sem%20Saida/82%20-%20SEM%20SAIDA/thumb_016.png"
                },
                {
                    "href": "thumb_017.png",
                    "text": " thumb_017.png",
                    "imageUrl": "http://thewalkingdead-online.com/hq/albums/HQ/14%20-%20Sem%20Saida/82%20-%20SEM%20SAIDA/thumb_017.png"
                },
                {
                    "href": "thumb_018.png",
                    "text": " thumb_018.png",
                    "imageUrl": "http://thewalkingdead-online.com/hq/albums/HQ/14%20-%20Sem%20Saida/82%20-%20SEM%20SAIDA/thumb_018.png"
                },
                {
                    "href": "thumb_019.png",
                    "text": " thumb_019.png",
                    "imageUrl": "http://thewalkingdead-online.com/hq/albums/HQ/14%20-%20Sem%20Saida/82%20-%20SEM%20SAIDA/thumb_019.png"
                },
                {
                    "href": "thumb_020.png",
                    "text": " thumb_020.png",
                    "imageUrl": "http://thewalkingdead-online.com/hq/albums/HQ/14%20-%20Sem%20Saida/82%20-%20SEM%20SAIDA/thumb_020.png"
                },
                {
                    "href": "thumb_021.png",
                    "text": " thumb_021.png",
                    "imageUrl": "http://thewalkingdead-online.com/hq/albums/HQ/14%20-%20Sem%20Saida/82%20-%20SEM%20SAIDA/thumb_021.png"
                },
                {
                    "href": "thumb_022.png",
                    "text": " thumb_022.png",
                    "imageUrl": "http://thewalkingdead-online.com/hq/albums/HQ/14%20-%20Sem%20Saida/82%20-%20SEM%20SAIDA/thumb_022.png"
                },
                {
                    "href": "thumb_023.png",
                    "text": " thumb_023.png",
                    "imageUrl": "http://thewalkingdead-online.com/hq/albums/HQ/14%20-%20Sem%20Saida/82%20-%20SEM%20SAIDA/thumb_023.png"
                },
                {
                    "href": "thumb_024.png",
                    "text": " thumb_024.png",
                    "imageUrl": "http://thewalkingdead-online.com/hq/albums/HQ/14%20-%20Sem%20Saida/82%20-%20SEM%20SAIDA/thumb_024.png"
                },
                {
                    "href": "thumb_025.png",
                    "text": " thumb_025.png",
                    "imageUrl": "http://thewalkingdead-online.com/hq/albums/HQ/14%20-%20Sem%20Saida/82%20-%20SEM%20SAIDA/thumb_025.png"
                },
                {
                    "href": "thumb_026.jpg",
                    "text": " thumb_026.jpg",
                    "imageUrl": "http://thewalkingdead-online.com/hq/albums/HQ/14%20-%20Sem%20Saida/82%20-%20SEM%20SAIDA/thumb_026.jpg"
                }
            ]
        },
        {
            "href": "83%20-%20SEM%20SAIDA/",
            "text": " 83 - SEM SAIDA/",
            "images": [
                {
                    "href": "001.jpg",
                    "text": " 001.jpg",
                    "imageUrl": "http://thewalkingdead-online.com/hq/albums/HQ/14%20-%20Sem%20Saida/83%20-%20SEM%20SAIDA/001.jpg"
                },
                {
                    "href": "002.jpg",
                    "text": " 002.jpg",
                    "imageUrl": "http://thewalkingdead-online.com/hq/albums/HQ/14%20-%20Sem%20Saida/83%20-%20SEM%20SAIDA/002.jpg"
                },
                {
                    "href": "003.jpg",
                    "text": " 003.jpg",
                    "imageUrl": "http://thewalkingdead-online.com/hq/albums/HQ/14%20-%20Sem%20Saida/83%20-%20SEM%20SAIDA/003.jpg"
                },
                {
                    "href": "004.jpg",
                    "text": " 004.jpg",
                    "imageUrl": "http://thewalkingdead-online.com/hq/albums/HQ/14%20-%20Sem%20Saida/83%20-%20SEM%20SAIDA/004.jpg"
                },
                {
                    "href": "005.jpg",
                    "text": " 005.jpg",
                    "imageUrl": "http://thewalkingdead-online.com/hq/albums/HQ/14%20-%20Sem%20Saida/83%20-%20SEM%20SAIDA/005.jpg"
                },
                {
                    "href": "006.jpg",
                    "text": " 006.jpg",
                    "imageUrl": "http://thewalkingdead-online.com/hq/albums/HQ/14%20-%20Sem%20Saida/83%20-%20SEM%20SAIDA/006.jpg"
                },
                {
                    "href": "007.jpg",
                    "text": " 007.jpg",
                    "imageUrl": "http://thewalkingdead-online.com/hq/albums/HQ/14%20-%20Sem%20Saida/83%20-%20SEM%20SAIDA/007.jpg"
                },
                {
                    "href": "008.jpg",
                    "text": " 008.jpg",
                    "imageUrl": "http://thewalkingdead-online.com/hq/albums/HQ/14%20-%20Sem%20Saida/83%20-%20SEM%20SAIDA/008.jpg"
                },
                {
                    "href": "009.jpg",
                    "text": " 009.jpg",
                    "imageUrl": "http://thewalkingdead-online.com/hq/albums/HQ/14%20-%20Sem%20Saida/83%20-%20SEM%20SAIDA/009.jpg"
                },
                {
                    "href": "010.jpg",
                    "text": " 010.jpg",
                    "imageUrl": "http://thewalkingdead-online.com/hq/albums/HQ/14%20-%20Sem%20Saida/83%20-%20SEM%20SAIDA/010.jpg"
                },
                {
                    "href": "011.jpg",
                    "text": " 011.jpg",
                    "imageUrl": "http://thewalkingdead-online.com/hq/albums/HQ/14%20-%20Sem%20Saida/83%20-%20SEM%20SAIDA/011.jpg"
                },
                {
                    "href": "012.jpg",
                    "text": " 012.jpg",
                    "imageUrl": "http://thewalkingdead-online.com/hq/albums/HQ/14%20-%20Sem%20Saida/83%20-%20SEM%20SAIDA/012.jpg"
                },
                {
                    "href": "013.jpg",
                    "text": " 013.jpg",
                    "imageUrl": "http://thewalkingdead-online.com/hq/albums/HQ/14%20-%20Sem%20Saida/83%20-%20SEM%20SAIDA/013.jpg"
                },
                {
                    "href": "014.jpg",
                    "text": " 014.jpg",
                    "imageUrl": "http://thewalkingdead-online.com/hq/albums/HQ/14%20-%20Sem%20Saida/83%20-%20SEM%20SAIDA/014.jpg"
                },
                {
                    "href": "015.jpg",
                    "text": " 015.jpg",
                    "imageUrl": "http://thewalkingdead-online.com/hq/albums/HQ/14%20-%20Sem%20Saida/83%20-%20SEM%20SAIDA/015.jpg"
                },
                {
                    "href": "016.jpg",
                    "text": " 016.jpg",
                    "imageUrl": "http://thewalkingdead-online.com/hq/albums/HQ/14%20-%20Sem%20Saida/83%20-%20SEM%20SAIDA/016.jpg"
                },
                {
                    "href": "017.jpg",
                    "text": " 017.jpg",
                    "imageUrl": "http://thewalkingdead-online.com/hq/albums/HQ/14%20-%20Sem%20Saida/83%20-%20SEM%20SAIDA/017.jpg"
                },
                {
                    "href": "018.jpg",
                    "text": " 018.jpg",
                    "imageUrl": "http://thewalkingdead-online.com/hq/albums/HQ/14%20-%20Sem%20Saida/83%20-%20SEM%20SAIDA/018.jpg"
                },
                {
                    "href": "019.jpg",
                    "text": " 019.jpg",
                    "imageUrl": "http://thewalkingdead-online.com/hq/albums/HQ/14%20-%20Sem%20Saida/83%20-%20SEM%20SAIDA/019.jpg"
                },
                {
                    "href": "020-021.jpg",
                    "text": " 020-021.jpg",
                    "imageUrl": "http://thewalkingdead-online.com/hq/albums/HQ/14%20-%20Sem%20Saida/83%20-%20SEM%20SAIDA/020-021.jpg"
                },
                {
                    "href": "022.jpg",
                    "text": " 022.jpg",
                    "imageUrl": "http://thewalkingdead-online.com/hq/albums/HQ/14%20-%20Sem%20Saida/83%20-%20SEM%20SAIDA/022.jpg"
                },
                {
                    "href": "023.jpg",
                    "text": " 023.jpg",
                    "imageUrl": "http://thewalkingdead-online.com/hq/albums/HQ/14%20-%20Sem%20Saida/83%20-%20SEM%20SAIDA/023.jpg"
                },
                {
                    "href": "024.jpg",
                    "text": " 024.jpg",
                    "imageUrl": "http://thewalkingdead-online.com/hq/albums/HQ/14%20-%20Sem%20Saida/83%20-%20SEM%20SAIDA/024.jpg"
                },
                {
                    "href": "025.jpg",
                    "text": " 025.jpg",
                    "imageUrl": "http://thewalkingdead-online.com/hq/albums/HQ/14%20-%20Sem%20Saida/83%20-%20SEM%20SAIDA/025.jpg"
                },
                {
                    "href": "026.jpg",
                    "text": " 026.jpg",
                    "imageUrl": "http://thewalkingdead-online.com/hq/albums/HQ/14%20-%20Sem%20Saida/83%20-%20SEM%20SAIDA/026.jpg"
                },
                {
                    "href": "027.jpg",
                    "text": " 027.jpg",
                    "imageUrl": "http://thewalkingdead-online.com/hq/albums/HQ/14%20-%20Sem%20Saida/83%20-%20SEM%20SAIDA/027.jpg"
                },
                {
                    "href": "028.png",
                    "text": " 028.png",
                    "imageUrl": "http://thewalkingdead-online.com/hq/albums/HQ/14%20-%20Sem%20Saida/83%20-%20SEM%20SAIDA/028.png"
                },
                {
                    "href": "thumb_001.jpg",
                    "text": " thumb_001.jpg",
                    "imageUrl": "http://thewalkingdead-online.com/hq/albums/HQ/14%20-%20Sem%20Saida/83%20-%20SEM%20SAIDA/thumb_001.jpg"
                },
                {
                    "href": "thumb_002.jpg",
                    "text": " thumb_002.jpg",
                    "imageUrl": "http://thewalkingdead-online.com/hq/albums/HQ/14%20-%20Sem%20Saida/83%20-%20SEM%20SAIDA/thumb_002.jpg"
                },
                {
                    "href": "thumb_003.jpg",
                    "text": " thumb_003.jpg",
                    "imageUrl": "http://thewalkingdead-online.com/hq/albums/HQ/14%20-%20Sem%20Saida/83%20-%20SEM%20SAIDA/thumb_003.jpg"
                },
                {
                    "href": "thumb_004.jpg",
                    "text": " thumb_004.jpg",
                    "imageUrl": "http://thewalkingdead-online.com/hq/albums/HQ/14%20-%20Sem%20Saida/83%20-%20SEM%20SAIDA/thumb_004.jpg"
                },
                {
                    "href": "thumb_005.jpg",
                    "text": " thumb_005.jpg",
                    "imageUrl": "http://thewalkingdead-online.com/hq/albums/HQ/14%20-%20Sem%20Saida/83%20-%20SEM%20SAIDA/thumb_005.jpg"
                },
                {
                    "href": "thumb_006.jpg",
                    "text": " thumb_006.jpg",
                    "imageUrl": "http://thewalkingdead-online.com/hq/albums/HQ/14%20-%20Sem%20Saida/83%20-%20SEM%20SAIDA/thumb_006.jpg"
                },
                {
                    "href": "thumb_007.jpg",
                    "text": " thumb_007.jpg",
                    "imageUrl": "http://thewalkingdead-online.com/hq/albums/HQ/14%20-%20Sem%20Saida/83%20-%20SEM%20SAIDA/thumb_007.jpg"
                },
                {
                    "href": "thumb_008.jpg",
                    "text": " thumb_008.jpg",
                    "imageUrl": "http://thewalkingdead-online.com/hq/albums/HQ/14%20-%20Sem%20Saida/83%20-%20SEM%20SAIDA/thumb_008.jpg"
                },
                {
                    "href": "thumb_009.jpg",
                    "text": " thumb_009.jpg",
                    "imageUrl": "http://thewalkingdead-online.com/hq/albums/HQ/14%20-%20Sem%20Saida/83%20-%20SEM%20SAIDA/thumb_009.jpg"
                },
                {
                    "href": "thumb_010.jpg",
                    "text": " thumb_010.jpg",
                    "imageUrl": "http://thewalkingdead-online.com/hq/albums/HQ/14%20-%20Sem%20Saida/83%20-%20SEM%20SAIDA/thumb_010.jpg"
                },
                {
                    "href": "thumb_011.jpg",
                    "text": " thumb_011.jpg",
                    "imageUrl": "http://thewalkingdead-online.com/hq/albums/HQ/14%20-%20Sem%20Saida/83%20-%20SEM%20SAIDA/thumb_011.jpg"
                },
                {
                    "href": "thumb_012.jpg",
                    "text": " thumb_012.jpg",
                    "imageUrl": "http://thewalkingdead-online.com/hq/albums/HQ/14%20-%20Sem%20Saida/83%20-%20SEM%20SAIDA/thumb_012.jpg"
                },
                {
                    "href": "thumb_013.jpg",
                    "text": " thumb_013.jpg",
                    "imageUrl": "http://thewalkingdead-online.com/hq/albums/HQ/14%20-%20Sem%20Saida/83%20-%20SEM%20SAIDA/thumb_013.jpg"
                },
                {
                    "href": "thumb_014.jpg",
                    "text": " thumb_014.jpg",
                    "imageUrl": "http://thewalkingdead-online.com/hq/albums/HQ/14%20-%20Sem%20Saida/83%20-%20SEM%20SAIDA/thumb_014.jpg"
                },
                {
                    "href": "thumb_015.jpg",
                    "text": " thumb_015.jpg",
                    "imageUrl": "http://thewalkingdead-online.com/hq/albums/HQ/14%20-%20Sem%20Saida/83%20-%20SEM%20SAIDA/thumb_015.jpg"
                },
                {
                    "href": "thumb_016.jpg",
                    "text": " thumb_016.jpg",
                    "imageUrl": "http://thewalkingdead-online.com/hq/albums/HQ/14%20-%20Sem%20Saida/83%20-%20SEM%20SAIDA/thumb_016.jpg"
                },
                {
                    "href": "thumb_017.jpg",
                    "text": " thumb_017.jpg",
                    "imageUrl": "http://thewalkingdead-online.com/hq/albums/HQ/14%20-%20Sem%20Saida/83%20-%20SEM%20SAIDA/thumb_017.jpg"
                },
                {
                    "href": "thumb_018.jpg",
                    "text": " thumb_018.jpg",
                    "imageUrl": "http://thewalkingdead-online.com/hq/albums/HQ/14%20-%20Sem%20Saida/83%20-%20SEM%20SAIDA/thumb_018.jpg"
                },
                {
                    "href": "thumb_019.jpg",
                    "text": " thumb_019.jpg",
                    "imageUrl": "http://thewalkingdead-online.com/hq/albums/HQ/14%20-%20Sem%20Saida/83%20-%20SEM%20SAIDA/thumb_019.jpg"
                },
                {
                    "href": "thumb_020-021.jpg",
                    "text": " thumb_020-021.jpg",
                    "imageUrl": "http://thewalkingdead-online.com/hq/albums/HQ/14%20-%20Sem%20Saida/83%20-%20SEM%20SAIDA/thumb_020-021.jpg"
                },
                {
                    "href": "thumb_022.jpg",
                    "text": " thumb_022.jpg",
                    "imageUrl": "http://thewalkingdead-online.com/hq/albums/HQ/14%20-%20Sem%20Saida/83%20-%20SEM%20SAIDA/thumb_022.jpg"
                },
                {
                    "href": "thumb_023.jpg",
                    "text": " thumb_023.jpg",
                    "imageUrl": "http://thewalkingdead-online.com/hq/albums/HQ/14%20-%20Sem%20Saida/83%20-%20SEM%20SAIDA/thumb_023.jpg"
                },
                {
                    "href": "thumb_024.jpg",
                    "text": " thumb_024.jpg",
                    "imageUrl": "http://thewalkingdead-online.com/hq/albums/HQ/14%20-%20Sem%20Saida/83%20-%20SEM%20SAIDA/thumb_024.jpg"
                },
                {
                    "href": "thumb_025.jpg",
                    "text": " thumb_025.jpg",
                    "imageUrl": "http://thewalkingdead-online.com/hq/albums/HQ/14%20-%20Sem%20Saida/83%20-%20SEM%20SAIDA/thumb_025.jpg"
                },
                {
                    "href": "thumb_026.jpg",
                    "text": " thumb_026.jpg",
                    "imageUrl": "http://thewalkingdead-online.com/hq/albums/HQ/14%20-%20Sem%20Saida/83%20-%20SEM%20SAIDA/thumb_026.jpg"
                },
                {
                    "href": "thumb_027.jpg",
                    "text": " thumb_027.jpg",
                    "imageUrl": "http://thewalkingdead-online.com/hq/albums/HQ/14%20-%20Sem%20Saida/83%20-%20SEM%20SAIDA/thumb_027.jpg"
                },
                {
                    "href": "thumb_028.png",
                    "text": " thumb_028.png",
                    "imageUrl": "http://thewalkingdead-online.com/hq/albums/HQ/14%20-%20Sem%20Saida/83%20-%20SEM%20SAIDA/thumb_028.png"
                }
            ]
        },
        {
            "href": "84%20-%20SEM%20SAIDA/",
            "text": " 84 - SEM SAIDA/",
            "images": [
                {
                    "href": "001.jpg",
                    "text": " 001.jpg",
                    "imageUrl": "http://thewalkingdead-online.com/hq/albums/HQ/14%20-%20Sem%20Saida/84%20-%20SEM%20SAIDA/001.jpg"
                },
                {
                    "href": "002.jpg",
                    "text": " 002.jpg",
                    "imageUrl": "http://thewalkingdead-online.com/hq/albums/HQ/14%20-%20Sem%20Saida/84%20-%20SEM%20SAIDA/002.jpg"
                },
                {
                    "href": "003.jpg",
                    "text": " 003.jpg",
                    "imageUrl": "http://thewalkingdead-online.com/hq/albums/HQ/14%20-%20Sem%20Saida/84%20-%20SEM%20SAIDA/003.jpg"
                },
                {
                    "href": "004.jpg",
                    "text": " 004.jpg",
                    "imageUrl": "http://thewalkingdead-online.com/hq/albums/HQ/14%20-%20Sem%20Saida/84%20-%20SEM%20SAIDA/004.jpg"
                },
                {
                    "href": "005.jpg",
                    "text": " 005.jpg",
                    "imageUrl": "http://thewalkingdead-online.com/hq/albums/HQ/14%20-%20Sem%20Saida/84%20-%20SEM%20SAIDA/005.jpg"
                },
                {
                    "href": "006.jpg",
                    "text": " 006.jpg",
                    "imageUrl": "http://thewalkingdead-online.com/hq/albums/HQ/14%20-%20Sem%20Saida/84%20-%20SEM%20SAIDA/006.jpg"
                },
                {
                    "href": "007.jpg",
                    "text": " 007.jpg",
                    "imageUrl": "http://thewalkingdead-online.com/hq/albums/HQ/14%20-%20Sem%20Saida/84%20-%20SEM%20SAIDA/007.jpg"
                },
                {
                    "href": "008.jpg",
                    "text": " 008.jpg",
                    "imageUrl": "http://thewalkingdead-online.com/hq/albums/HQ/14%20-%20Sem%20Saida/84%20-%20SEM%20SAIDA/008.jpg"
                },
                {
                    "href": "009.jpg",
                    "text": " 009.jpg",
                    "imageUrl": "http://thewalkingdead-online.com/hq/albums/HQ/14%20-%20Sem%20Saida/84%20-%20SEM%20SAIDA/009.jpg"
                },
                {
                    "href": "010.jpg",
                    "text": " 010.jpg",
                    "imageUrl": "http://thewalkingdead-online.com/hq/albums/HQ/14%20-%20Sem%20Saida/84%20-%20SEM%20SAIDA/010.jpg"
                },
                {
                    "href": "011.jpg",
                    "text": " 011.jpg",
                    "imageUrl": "http://thewalkingdead-online.com/hq/albums/HQ/14%20-%20Sem%20Saida/84%20-%20SEM%20SAIDA/011.jpg"
                },
                {
                    "href": "012.jpg",
                    "text": " 012.jpg",
                    "imageUrl": "http://thewalkingdead-online.com/hq/albums/HQ/14%20-%20Sem%20Saida/84%20-%20SEM%20SAIDA/012.jpg"
                },
                {
                    "href": "013.jpg",
                    "text": " 013.jpg",
                    "imageUrl": "http://thewalkingdead-online.com/hq/albums/HQ/14%20-%20Sem%20Saida/84%20-%20SEM%20SAIDA/013.jpg"
                },
                {
                    "href": "014-015.jpg",
                    "text": " 014-015.jpg",
                    "imageUrl": "http://thewalkingdead-online.com/hq/albums/HQ/14%20-%20Sem%20Saida/84%20-%20SEM%20SAIDA/014-015.jpg"
                },
                {
                    "href": "016.jpg",
                    "text": " 016.jpg",
                    "imageUrl": "http://thewalkingdead-online.com/hq/albums/HQ/14%20-%20Sem%20Saida/84%20-%20SEM%20SAIDA/016.jpg"
                },
                {
                    "href": "017.jpg",
                    "text": " 017.jpg",
                    "imageUrl": "http://thewalkingdead-online.com/hq/albums/HQ/14%20-%20Sem%20Saida/84%20-%20SEM%20SAIDA/017.jpg"
                },
                {
                    "href": "018-019.jpg",
                    "text": " 018-019.jpg",
                    "imageUrl": "http://thewalkingdead-online.com/hq/albums/HQ/14%20-%20Sem%20Saida/84%20-%20SEM%20SAIDA/018-019.jpg"
                },
                {
                    "href": "020.jpg",
                    "text": " 020.jpg",
                    "imageUrl": "http://thewalkingdead-online.com/hq/albums/HQ/14%20-%20Sem%20Saida/84%20-%20SEM%20SAIDA/020.jpg"
                },
                {
                    "href": "021.jpg",
                    "text": " 021.jpg",
                    "imageUrl": "http://thewalkingdead-online.com/hq/albums/HQ/14%20-%20Sem%20Saida/84%20-%20SEM%20SAIDA/021.jpg"
                },
                {
                    "href": "022.jpg",
                    "text": " 022.jpg",
                    "imageUrl": "http://thewalkingdead-online.com/hq/albums/HQ/14%20-%20Sem%20Saida/84%20-%20SEM%20SAIDA/022.jpg"
                },
                {
                    "href": "023.jpg",
                    "text": " 023.jpg",
                    "imageUrl": "http://thewalkingdead-online.com/hq/albums/HQ/14%20-%20Sem%20Saida/84%20-%20SEM%20SAIDA/023.jpg"
                },
                {
                    "href": "024.jpg",
                    "text": " 024.jpg",
                    "imageUrl": "http://thewalkingdead-online.com/hq/albums/HQ/14%20-%20Sem%20Saida/84%20-%20SEM%20SAIDA/024.jpg"
                },
                {
                    "href": "025.jpg",
                    "text": " 025.jpg",
                    "imageUrl": "http://thewalkingdead-online.com/hq/albums/HQ/14%20-%20Sem%20Saida/84%20-%20SEM%20SAIDA/025.jpg"
                },
                {
                    "href": "026.jpg",
                    "text": " 026.jpg",
                    "imageUrl": "http://thewalkingdead-online.com/hq/albums/HQ/14%20-%20Sem%20Saida/84%20-%20SEM%20SAIDA/026.jpg"
                },
                {
                    "href": "thumb_001.jpg",
                    "text": " thumb_001.jpg",
                    "imageUrl": "http://thewalkingdead-online.com/hq/albums/HQ/14%20-%20Sem%20Saida/84%20-%20SEM%20SAIDA/thumb_001.jpg"
                },
                {
                    "href": "thumb_002.jpg",
                    "text": " thumb_002.jpg",
                    "imageUrl": "http://thewalkingdead-online.com/hq/albums/HQ/14%20-%20Sem%20Saida/84%20-%20SEM%20SAIDA/thumb_002.jpg"
                },
                {
                    "href": "thumb_003.jpg",
                    "text": " thumb_003.jpg",
                    "imageUrl": "http://thewalkingdead-online.com/hq/albums/HQ/14%20-%20Sem%20Saida/84%20-%20SEM%20SAIDA/thumb_003.jpg"
                },
                {
                    "href": "thumb_004.jpg",
                    "text": " thumb_004.jpg",
                    "imageUrl": "http://thewalkingdead-online.com/hq/albums/HQ/14%20-%20Sem%20Saida/84%20-%20SEM%20SAIDA/thumb_004.jpg"
                },
                {
                    "href": "thumb_005.jpg",
                    "text": " thumb_005.jpg",
                    "imageUrl": "http://thewalkingdead-online.com/hq/albums/HQ/14%20-%20Sem%20Saida/84%20-%20SEM%20SAIDA/thumb_005.jpg"
                },
                {
                    "href": "thumb_006.jpg",
                    "text": " thumb_006.jpg",
                    "imageUrl": "http://thewalkingdead-online.com/hq/albums/HQ/14%20-%20Sem%20Saida/84%20-%20SEM%20SAIDA/thumb_006.jpg"
                },
                {
                    "href": "thumb_007.jpg",
                    "text": " thumb_007.jpg",
                    "imageUrl": "http://thewalkingdead-online.com/hq/albums/HQ/14%20-%20Sem%20Saida/84%20-%20SEM%20SAIDA/thumb_007.jpg"
                },
                {
                    "href": "thumb_008.jpg",
                    "text": " thumb_008.jpg",
                    "imageUrl": "http://thewalkingdead-online.com/hq/albums/HQ/14%20-%20Sem%20Saida/84%20-%20SEM%20SAIDA/thumb_008.jpg"
                },
                {
                    "href": "thumb_009.jpg",
                    "text": " thumb_009.jpg",
                    "imageUrl": "http://thewalkingdead-online.com/hq/albums/HQ/14%20-%20Sem%20Saida/84%20-%20SEM%20SAIDA/thumb_009.jpg"
                },
                {
                    "href": "thumb_010.jpg",
                    "text": " thumb_010.jpg",
                    "imageUrl": "http://thewalkingdead-online.com/hq/albums/HQ/14%20-%20Sem%20Saida/84%20-%20SEM%20SAIDA/thumb_010.jpg"
                },
                {
                    "href": "thumb_011.jpg",
                    "text": " thumb_011.jpg",
                    "imageUrl": "http://thewalkingdead-online.com/hq/albums/HQ/14%20-%20Sem%20Saida/84%20-%20SEM%20SAIDA/thumb_011.jpg"
                },
                {
                    "href": "thumb_012.jpg",
                    "text": " thumb_012.jpg",
                    "imageUrl": "http://thewalkingdead-online.com/hq/albums/HQ/14%20-%20Sem%20Saida/84%20-%20SEM%20SAIDA/thumb_012.jpg"
                },
                {
                    "href": "thumb_013.jpg",
                    "text": " thumb_013.jpg",
                    "imageUrl": "http://thewalkingdead-online.com/hq/albums/HQ/14%20-%20Sem%20Saida/84%20-%20SEM%20SAIDA/thumb_013.jpg"
                },
                {
                    "href": "thumb_014-015.jpg",
                    "text": " thumb_014-015.jpg",
                    "imageUrl": "http://thewalkingdead-online.com/hq/albums/HQ/14%20-%20Sem%20Saida/84%20-%20SEM%20SAIDA/thumb_014-015.jpg"
                },
                {
                    "href": "thumb_016.jpg",
                    "text": " thumb_016.jpg",
                    "imageUrl": "http://thewalkingdead-online.com/hq/albums/HQ/14%20-%20Sem%20Saida/84%20-%20SEM%20SAIDA/thumb_016.jpg"
                },
                {
                    "href": "thumb_017.jpg",
                    "text": " thumb_017.jpg",
                    "imageUrl": "http://thewalkingdead-online.com/hq/albums/HQ/14%20-%20Sem%20Saida/84%20-%20SEM%20SAIDA/thumb_017.jpg"
                },
                {
                    "href": "thumb_018-019.jpg",
                    "text": " thumb_018-019.jpg",
                    "imageUrl": "http://thewalkingdead-online.com/hq/albums/HQ/14%20-%20Sem%20Saida/84%20-%20SEM%20SAIDA/thumb_018-019.jpg"
                },
                {
                    "href": "thumb_020.jpg",
                    "text": " thumb_020.jpg",
                    "imageUrl": "http://thewalkingdead-online.com/hq/albums/HQ/14%20-%20Sem%20Saida/84%20-%20SEM%20SAIDA/thumb_020.jpg"
                },
                {
                    "href": "thumb_021.jpg",
                    "text": " thumb_021.jpg",
                    "imageUrl": "http://thewalkingdead-online.com/hq/albums/HQ/14%20-%20Sem%20Saida/84%20-%20SEM%20SAIDA/thumb_021.jpg"
                },
                {
                    "href": "thumb_022.jpg",
                    "text": " thumb_022.jpg",
                    "imageUrl": "http://thewalkingdead-online.com/hq/albums/HQ/14%20-%20Sem%20Saida/84%20-%20SEM%20SAIDA/thumb_022.jpg"
                },
                {
                    "href": "thumb_023.jpg",
                    "text": " thumb_023.jpg",
                    "imageUrl": "http://thewalkingdead-online.com/hq/albums/HQ/14%20-%20Sem%20Saida/84%20-%20SEM%20SAIDA/thumb_023.jpg"
                },
                {
                    "href": "thumb_024.jpg",
                    "text": " thumb_024.jpg",
                    "imageUrl": "http://thewalkingdead-online.com/hq/albums/HQ/14%20-%20Sem%20Saida/84%20-%20SEM%20SAIDA/thumb_024.jpg"
                },
                {
                    "href": "thumb_025.jpg",
                    "text": " thumb_025.jpg",
                    "imageUrl": "http://thewalkingdead-online.com/hq/albums/HQ/14%20-%20Sem%20Saida/84%20-%20SEM%20SAIDA/thumb_025.jpg"
                },
                {
                    "href": "thumb_026.jpg",
                    "text": " thumb_026.jpg",
                    "imageUrl": "http://thewalkingdead-online.com/hq/albums/HQ/14%20-%20Sem%20Saida/84%20-%20SEM%20SAIDA/thumb_026.jpg"
                }
            ]
        }
    ]
}