{
    "href": "15%20-%20Volume%2015/",
    "text": " 15 - Volume 15/",
    "chapters": [
        {
            "href": "85/",
            "text": " 85/",
            "images": [
                {
                    "href": "001.jpg",
                    "text": " 001.jpg",
                    "imageUrl": "http://thewalkingdead-online.com/hq/albums/HQ/15%20-%20Volume%2015/85/001.jpg"
                },
                {
                    "href": "001a.jpg",
                    "text": " 001a.jpg",
                    "imageUrl": "http://thewalkingdead-online.com/hq/albums/HQ/15%20-%20Volume%2015/85/001a.jpg"
                },
                {
                    "href": "002.jpg",
                    "text": " 002.jpg",
                    "imageUrl": "http://thewalkingdead-online.com/hq/albums/HQ/15%20-%20Volume%2015/85/002.jpg"
                },
                {
                    "href": "003.jpg",
                    "text": " 003.jpg",
                    "imageUrl": "http://thewalkingdead-online.com/hq/albums/HQ/15%20-%20Volume%2015/85/003.jpg"
                },
                {
                    "href": "004.jpg",
                    "text": " 004.jpg",
                    "imageUrl": "http://thewalkingdead-online.com/hq/albums/HQ/15%20-%20Volume%2015/85/004.jpg"
                },
                {
                    "href": "005.jpg",
                    "text": " 005.jpg",
                    "imageUrl": "http://thewalkingdead-online.com/hq/albums/HQ/15%20-%20Volume%2015/85/005.jpg"
                },
                {
                    "href": "006.jpg",
                    "text": " 006.jpg",
                    "imageUrl": "http://thewalkingdead-online.com/hq/albums/HQ/15%20-%20Volume%2015/85/006.jpg"
                },
                {
                    "href": "007.jpg",
                    "text": " 007.jpg",
                    "imageUrl": "http://thewalkingdead-online.com/hq/albums/HQ/15%20-%20Volume%2015/85/007.jpg"
                },
                {
                    "href": "008-009.jpg",
                    "text": " 008-009.jpg",
                    "imageUrl": "http://thewalkingdead-online.com/hq/albums/HQ/15%20-%20Volume%2015/85/008-009.jpg"
                },
                {
                    "href": "010.jpg",
                    "text": " 010.jpg",
                    "imageUrl": "http://thewalkingdead-online.com/hq/albums/HQ/15%20-%20Volume%2015/85/010.jpg"
                },
                {
                    "href": "011.jpg",
                    "text": " 011.jpg",
                    "imageUrl": "http://thewalkingdead-online.com/hq/albums/HQ/15%20-%20Volume%2015/85/011.jpg"
                },
                {
                    "href": "012.jpg",
                    "text": " 012.jpg",
                    "imageUrl": "http://thewalkingdead-online.com/hq/albums/HQ/15%20-%20Volume%2015/85/012.jpg"
                },
                {
                    "href": "013.jpg",
                    "text": " 013.jpg",
                    "imageUrl": "http://thewalkingdead-online.com/hq/albums/HQ/15%20-%20Volume%2015/85/013.jpg"
                },
                {
                    "href": "014.jpg",
                    "text": " 014.jpg",
                    "imageUrl": "http://thewalkingdead-online.com/hq/albums/HQ/15%20-%20Volume%2015/85/014.jpg"
                },
                {
                    "href": "015.jpg",
                    "text": " 015.jpg",
                    "imageUrl": "http://thewalkingdead-online.com/hq/albums/HQ/15%20-%20Volume%2015/85/015.jpg"
                },
                {
                    "href": "016-017.jpg",
                    "text": " 016-017.jpg",
                    "imageUrl": "http://thewalkingdead-online.com/hq/albums/HQ/15%20-%20Volume%2015/85/016-017.jpg"
                },
                {
                    "href": "018.jpg",
                    "text": " 018.jpg",
                    "imageUrl": "http://thewalkingdead-online.com/hq/albums/HQ/15%20-%20Volume%2015/85/018.jpg"
                },
                {
                    "href": "019.jpg",
                    "text": " 019.jpg",
                    "imageUrl": "http://thewalkingdead-online.com/hq/albums/HQ/15%20-%20Volume%2015/85/019.jpg"
                },
                {
                    "href": "020.jpg",
                    "text": " 020.jpg",
                    "imageUrl": "http://thewalkingdead-online.com/hq/albums/HQ/15%20-%20Volume%2015/85/020.jpg"
                },
                {
                    "href": "021.jpg",
                    "text": " 021.jpg",
                    "imageUrl": "http://thewalkingdead-online.com/hq/albums/HQ/15%20-%20Volume%2015/85/021.jpg"
                },
                {
                    "href": "022.jpg",
                    "text": " 022.jpg",
                    "imageUrl": "http://thewalkingdead-online.com/hq/albums/HQ/15%20-%20Volume%2015/85/022.jpg"
                },
                {
                    "href": "023.jpg",
                    "text": " 023.jpg",
                    "imageUrl": "http://thewalkingdead-online.com/hq/albums/HQ/15%20-%20Volume%2015/85/023.jpg"
                },
                {
                    "href": "024.jpg",
                    "text": " 024.jpg",
                    "imageUrl": "http://thewalkingdead-online.com/hq/albums/HQ/15%20-%20Volume%2015/85/024.jpg"
                },
                {
                    "href": "025.jpg",
                    "text": " 025.jpg",
                    "imageUrl": "http://thewalkingdead-online.com/hq/albums/HQ/15%20-%20Volume%2015/85/025.jpg"
                },
                {
                    "href": "026.jpg",
                    "text": " 026.jpg",
                    "imageUrl": "http://thewalkingdead-online.com/hq/albums/HQ/15%20-%20Volume%2015/85/026.jpg"
                },
                {
                    "href": "thumb_001.jpg",
                    "text": " thumb_001.jpg",
                    "imageUrl": "http://thewalkingdead-online.com/hq/albums/HQ/15%20-%20Volume%2015/85/thumb_001.jpg"
                },
                {
                    "href": "thumb_001a.jpg",
                    "text": " thumb_001a.jpg",
                    "imageUrl": "http://thewalkingdead-online.com/hq/albums/HQ/15%20-%20Volume%2015/85/thumb_001a.jpg"
                },
                {
                    "href": "thumb_002.jpg",
                    "text": " thumb_002.jpg",
                    "imageUrl": "http://thewalkingdead-online.com/hq/albums/HQ/15%20-%20Volume%2015/85/thumb_002.jpg"
                },
                {
                    "href": "thumb_003.jpg",
                    "text": " thumb_003.jpg",
                    "imageUrl": "http://thewalkingdead-online.com/hq/albums/HQ/15%20-%20Volume%2015/85/thumb_003.jpg"
                },
                {
                    "href": "thumb_004.jpg",
                    "text": " thumb_004.jpg",
                    "imageUrl": "http://thewalkingdead-online.com/hq/albums/HQ/15%20-%20Volume%2015/85/thumb_004.jpg"
                },
                {
                    "href": "thumb_005.jpg",
                    "text": " thumb_005.jpg",
                    "imageUrl": "http://thewalkingdead-online.com/hq/albums/HQ/15%20-%20Volume%2015/85/thumb_005.jpg"
                },
                {
                    "href": "thumb_006.jpg",
                    "text": " thumb_006.jpg",
                    "imageUrl": "http://thewalkingdead-online.com/hq/albums/HQ/15%20-%20Volume%2015/85/thumb_006.jpg"
                },
                {
                    "href": "thumb_007.jpg",
                    "text": " thumb_007.jpg",
                    "imageUrl": "http://thewalkingdead-online.com/hq/albums/HQ/15%20-%20Volume%2015/85/thumb_007.jpg"
                },
                {
                    "href": "thumb_008-009.jpg",
                    "text": " thumb_008-009.jpg",
                    "imageUrl": "http://thewalkingdead-online.com/hq/albums/HQ/15%20-%20Volume%2015/85/thumb_008-009.jpg"
                },
                {
                    "href": "thumb_010.jpg",
                    "text": " thumb_010.jpg",
                    "imageUrl": "http://thewalkingdead-online.com/hq/albums/HQ/15%20-%20Volume%2015/85/thumb_010.jpg"
                },
                {
                    "href": "thumb_011.jpg",
                    "text": " thumb_011.jpg",
                    "imageUrl": "http://thewalkingdead-online.com/hq/albums/HQ/15%20-%20Volume%2015/85/thumb_011.jpg"
                },
                {
                    "href": "thumb_012.jpg",
                    "text": " thumb_012.jpg",
                    "imageUrl": "http://thewalkingdead-online.com/hq/albums/HQ/15%20-%20Volume%2015/85/thumb_012.jpg"
                },
                {
                    "href": "thumb_013.jpg",
                    "text": " thumb_013.jpg",
                    "imageUrl": "http://thewalkingdead-online.com/hq/albums/HQ/15%20-%20Volume%2015/85/thumb_013.jpg"
                },
                {
                    "href": "thumb_014.jpg",
                    "text": " thumb_014.jpg",
                    "imageUrl": "http://thewalkingdead-online.com/hq/albums/HQ/15%20-%20Volume%2015/85/thumb_014.jpg"
                },
                {
                    "href": "thumb_015.jpg",
                    "text": " thumb_015.jpg",
                    "imageUrl": "http://thewalkingdead-online.com/hq/albums/HQ/15%20-%20Volume%2015/85/thumb_015.jpg"
                },
                {
                    "href": "thumb_016-017.jpg",
                    "text": " thumb_016-017.jpg",
                    "imageUrl": "http://thewalkingdead-online.com/hq/albums/HQ/15%20-%20Volume%2015/85/thumb_016-017.jpg"
                },
                {
                    "href": "thumb_018.jpg",
                    "text": " thumb_018.jpg",
                    "imageUrl": "http://thewalkingdead-online.com/hq/albums/HQ/15%20-%20Volume%2015/85/thumb_018.jpg"
                },
                {
                    "href": "thumb_019.jpg",
                    "text": " thumb_019.jpg",
                    "imageUrl": "http://thewalkingdead-online.com/hq/albums/HQ/15%20-%20Volume%2015/85/thumb_019.jpg"
                },
                {
                    "href": "thumb_020.jpg",
                    "text": " thumb_020.jpg",
                    "imageUrl": "http://thewalkingdead-online.com/hq/albums/HQ/15%20-%20Volume%2015/85/thumb_020.jpg"
                },
                {
                    "href": "thumb_021.jpg",
                    "text": " thumb_021.jpg",
                    "imageUrl": "http://thewalkingdead-online.com/hq/albums/HQ/15%20-%20Volume%2015/85/thumb_021.jpg"
                },
                {
                    "href": "thumb_022.jpg",
                    "text": " thumb_022.jpg",
                    "imageUrl": "http://thewalkingdead-online.com/hq/albums/HQ/15%20-%20Volume%2015/85/thumb_022.jpg"
                },
                {
                    "href": "thumb_023.jpg",
                    "text": " thumb_023.jpg",
                    "imageUrl": "http://thewalkingdead-online.com/hq/albums/HQ/15%20-%20Volume%2015/85/thumb_023.jpg"
                },
                {
                    "href": "thumb_024.jpg",
                    "text": " thumb_024.jpg",
                    "imageUrl": "http://thewalkingdead-online.com/hq/albums/HQ/15%20-%20Volume%2015/85/thumb_024.jpg"
                },
                {
                    "href": "thumb_025.jpg",
                    "text": " thumb_025.jpg",
                    "imageUrl": "http://thewalkingdead-online.com/hq/albums/HQ/15%20-%20Volume%2015/85/thumb_025.jpg"
                },
                {
                    "href": "thumb_026.jpg",
                    "text": " thumb_026.jpg",
                    "imageUrl": "http://thewalkingdead-online.com/hq/albums/HQ/15%20-%20Volume%2015/85/thumb_026.jpg"
                }
            ]
        },
        {
            "href": "86/",
            "text": " 86/",
            "images": [
                {
                    "href": "001.jpg",
                    "text": " 001.jpg",
                    "imageUrl": "http://thewalkingdead-online.com/hq/albums/userpics/10001/001~0.jpg"
                },
                {
                    "href": "002.jpg",
                    "text": " 002.jpg",
                    "imageUrl": "http://thewalkingdead-online.com/hq/albums/userpics/10001/002~0.jpg"
                },
                {
                    "href": "003.jpg",
                    "text": " 003.jpg",
                    "imageUrl": "http://thewalkingdead-online.com/hq/albums/userpics/10001/003~0.jpg"
                },
                {
                    "href": "004.jpg",
                    "text": " 004.jpg",
                    "imageUrl": "http://thewalkingdead-online.com/hq/albums/userpics/10001/004~0.jpg"
                },
                {
                    "href": "005.jpg",
                    "text": " 005.jpg",
                    "imageUrl": "http://thewalkingdead-online.com/hq/albums/userpics/10001/005~0.jpg"
                },
                {
                    "href": "006.jpg",
                    "text": " 006.jpg",
                    "imageUrl": "http://thewalkingdead-online.com/hq/albums/userpics/10001/006~0.jpg"
                },
                {
                    "href": "007.jpg",
                    "text": " 007.jpg",
                    "imageUrl": "http://thewalkingdead-online.com/hq/albums/userpics/10001/007~0.jpg"
                },
                {
                    "href": "008.jpg",
                    "text": " 008.jpg",
                    "imageUrl": "http://thewalkingdead-online.com/hq/albums/userpics/10001/008~0.jpg"
                },
                {
                    "href": "009.jpg",
                    "text": " 009.jpg",
                    "imageUrl": "http://thewalkingdead-online.com/hq/albums/userpics/10001/009~0.jpg"
                },
                {
                    "href": "010.jpg",
                    "text": " 010.jpg",
                    "imageUrl": "http://thewalkingdead-online.com/hq/albums/userpics/10001/010~0.jpg"
                },
                {
                    "href": "011.jpg",
                    "text": " 011.jpg",
                    "imageUrl": "http://thewalkingdead-online.com/hq/albums/userpics/10001/011~0.jpg"
                },
                {
                    "href": "012.jpg",
                    "text": " 012.jpg",
                    "imageUrl": "http://thewalkingdead-online.com/hq/albums/userpics/10001/012~0.jpg"
                },
                {
                    "href": "013.jpg",
                    "text": " 013.jpg",
                    "imageUrl": "http://thewalkingdead-online.com/hq/albums/userpics/10001/013~0.jpg"
                },
                {
                    "href": "014.jpg",
                    "text": " 014.jpg",
                    "imageUrl": "http://thewalkingdead-online.com/hq/albums/userpics/10001/014~0.jpg"
                },
                {
                    "href": "015.jpg",
                    "text": " 015.jpg",
                    "imageUrl": "http://thewalkingdead-online.com/hq/albums/userpics/10001/015~0.jpg"
                },
                {
                    "href": "016.jpg",
                    "text": " 016.jpg",
                    "imageUrl": "http://thewalkingdead-online.com/hq/albums/userpics/10001/016~0.jpg"
                },
                {
                    "href": "017.jpg",
                    "text": " 017.jpg",
                    "imageUrl": "http://thewalkingdead-online.com/hq/albums/userpics/10001/017~0.jpg"
                },
                {
                    "href": "018.jpg",
                    "text": " 018.jpg",
                    "imageUrl": "http://thewalkingdead-online.com/hq/albums/userpics/10001/018~0.jpg"
                },
                {
                    "href": "019.jpg",
                    "text": " 019.jpg",
                    "imageUrl": "http://thewalkingdead-online.com/hq/albums/userpics/10001/019~0.jpg"
                },
                {
                    "href": "020.jpg",
                    "text": " 020.jpg",
                    "imageUrl": "http://thewalkingdead-online.com/hq/albums/userpics/10001/020~0.jpg"
                },
                {
                    "href": "021.jpg",
                    "text": " 021.jpg",
                    "imageUrl": "http://thewalkingdead-online.com/hq/albums/userpics/10001/021~0.jpg"
                },
                {
                    "href": "022.jpg",
                    "text": " 022.jpg",
                    "imageUrl": "http://thewalkingdead-online.com/hq/albums/userpics/10001/022~0.jpg"
                },
                {
                    "href": "023.jpg",
                    "text": " 023.jpg",
                    "imageUrl": "http://thewalkingdead-online.com/hq/albums/userpics/10001/023~0.jpg"
                },
                {
                    "href": "024.jpg",
                    "text": " 024.jpg",
                    "imageUrl": "http://thewalkingdead-online.com/hq/albums/userpics/10001/024~0.jpg"
                },
                {
                    "href": "025.jpg",
                    "text": " 025.jpg",
                    "imageUrl": "http://thewalkingdead-online.com/hq/albums/userpics/10001/025~0.jpg"
                },
                {
                    "href": "026.jpg",
                    "text": " 026.jpg",
                    "imageUrl": "http://thewalkingdead-online.com/hq/albums/userpics/10001/026.jpg"
                },
                {
                    "href": "027.jpg",
                    "text": " 027.jpg",
                    "imageUrl": "http://thewalkingdead-online.com/hq/albums/userpics/10001/027.jpg"
                },
                {
                    "href": "028.jpg",
                    "text": " 028.jpg",
                    "imageUrl": "http://thewalkingdead-online.com/hq/albums/userpics/10001/028.jpg"
                },
                {
                    "href": "029.jpg",
                    "text": " 029.jpg",
                    "imageUrl": "http://thewalkingdead-online.com/hq/albums/userpics/10001/029.jpg"
                },
                {
                    "href": "030.jpg",
                    "text": " 030.jpg",
                    "imageUrl": "http://thewalkingdead-online.com/hq/albums/userpics/10001/030.jpg"
                }
            ]
        }
    ]
}