{
    "href": "16/",
    "text": " 16/",
    "chapters": [
        {
            "href": "93/",
            "text": " 93/",
            "images": [
                {
                    "href": "001.jpg",
                    "text": " 001.jpg",
                    "imageUrl": "http://thewalkingdead-online.com/hq/albums/HQ/16/93/001.jpg"
                },
                {
                    "href": "002.jpg",
                    "text": " 002.jpg",
                    "imageUrl": "http://thewalkingdead-online.com/hq/albums/HQ/16/93/002.jpg"
                },
                {
                    "href": "003.jpg",
                    "text": " 003.jpg",
                    "imageUrl": "http://thewalkingdead-online.com/hq/albums/HQ/16/93/003.jpg"
                },
                {
                    "href": "004.jpg",
                    "text": " 004.jpg",
                    "imageUrl": "http://thewalkingdead-online.com/hq/albums/HQ/16/93/004.jpg"
                },
                {
                    "href": "005.jpg",
                    "text": " 005.jpg",
                    "imageUrl": "http://thewalkingdead-online.com/hq/albums/HQ/16/93/005.jpg"
                },
                {
                    "href": "006.jpg",
                    "text": " 006.jpg",
                    "imageUrl": "http://thewalkingdead-online.com/hq/albums/HQ/16/93/006.jpg"
                },
                {
                    "href": "007.jpg",
                    "text": " 007.jpg",
                    "imageUrl": "http://thewalkingdead-online.com/hq/albums/HQ/16/93/007.jpg"
                },
                {
                    "href": "008.jpg",
                    "text": " 008.jpg",
                    "imageUrl": "http://thewalkingdead-online.com/hq/albums/HQ/16/93/008.jpg"
                },
                {
                    "href": "009.jpg",
                    "text": " 009.jpg",
                    "imageUrl": "http://thewalkingdead-online.com/hq/albums/HQ/16/93/009.jpg"
                },
                {
                    "href": "010.jpg",
                    "text": " 010.jpg",
                    "imageUrl": "http://thewalkingdead-online.com/hq/albums/HQ/16/93/010.jpg"
                },
                {
                    "href": "011.jpg",
                    "text": " 011.jpg",
                    "imageUrl": "http://thewalkingdead-online.com/hq/albums/HQ/16/93/011.jpg"
                },
                {
                    "href": "012.jpg",
                    "text": " 012.jpg",
                    "imageUrl": "http://thewalkingdead-online.com/hq/albums/HQ/16/93/012.jpg"
                },
                {
                    "href": "013.jpg",
                    "text": " 013.jpg",
                    "imageUrl": "http://thewalkingdead-online.com/hq/albums/HQ/16/93/013.jpg"
                },
                {
                    "href": "014.jpg",
                    "text": " 014.jpg",
                    "imageUrl": "http://thewalkingdead-online.com/hq/albums/HQ/16/93/014.jpg"
                },
                {
                    "href": "015.jpg",
                    "text": " 015.jpg",
                    "imageUrl": "http://thewalkingdead-online.com/hq/albums/HQ/16/93/015.jpg"
                },
                {
                    "href": "016.jpg",
                    "text": " 016.jpg",
                    "imageUrl": "http://thewalkingdead-online.com/hq/albums/HQ/16/93/016.jpg"
                },
                {
                    "href": "017.jpg",
                    "text": " 017.jpg",
                    "imageUrl": "http://thewalkingdead-online.com/hq/albums/HQ/16/93/017.jpg"
                },
                {
                    "href": "018.jpg",
                    "text": " 018.jpg",
                    "imageUrl": "http://thewalkingdead-online.com/hq/albums/HQ/16/93/018.jpg"
                },
                {
                    "href": "019.jpg",
                    "text": " 019.jpg",
                    "imageUrl": "http://thewalkingdead-online.com/hq/albums/HQ/16/93/019.jpg"
                },
                {
                    "href": "020.jpg",
                    "text": " 020.jpg",
                    "imageUrl": "http://thewalkingdead-online.com/hq/albums/HQ/16/93/020.jpg"
                },
                {
                    "href": "021.jpg",
                    "text": " 021.jpg",
                    "imageUrl": "http://thewalkingdead-online.com/hq/albums/HQ/16/93/021.jpg"
                },
                {
                    "href": "022-023.jpg",
                    "text": " 022-023.jpg",
                    "imageUrl": "http://thewalkingdead-online.com/hq/albums/HQ/16/93/022-023.jpg"
                },
                {
                    "href": "024.jpg",
                    "text": " 024.jpg",
                    "imageUrl": "http://thewalkingdead-online.com/hq/albums/HQ/16/93/024.jpg"
                },
                {
                    "href": "025-026.jpg",
                    "text": " 025-026.jpg",
                    "imageUrl": "http://thewalkingdead-online.com/hq/albums/HQ/16/93/025-026.jpg"
                },
                {
                    "href": "027.jpg",
                    "text": " 027.jpg",
                    "imageUrl": "http://thewalkingdead-online.com/hq/albums/HQ/16/93/027.jpg"
                },
                {
                    "href": "thumb_001.jpg",
                    "text": " thumb_001.jpg",
                    "imageUrl": "http://thewalkingdead-online.com/hq/albums/HQ/16/93/thumb_001.jpg"
                },
                {
                    "href": "thumb_002.jpg",
                    "text": " thumb_002.jpg",
                    "imageUrl": "http://thewalkingdead-online.com/hq/albums/HQ/16/93/thumb_002.jpg"
                },
                {
                    "href": "thumb_003.jpg",
                    "text": " thumb_003.jpg",
                    "imageUrl": "http://thewalkingdead-online.com/hq/albums/HQ/16/93/thumb_003.jpg"
                },
                {
                    "href": "thumb_004.jpg",
                    "text": " thumb_004.jpg",
                    "imageUrl": "http://thewalkingdead-online.com/hq/albums/HQ/16/93/thumb_004.jpg"
                },
                {
                    "href": "thumb_005.jpg",
                    "text": " thumb_005.jpg",
                    "imageUrl": "http://thewalkingdead-online.com/hq/albums/HQ/16/93/thumb_005.jpg"
                },
                {
                    "href": "thumb_006.jpg",
                    "text": " thumb_006.jpg",
                    "imageUrl": "http://thewalkingdead-online.com/hq/albums/HQ/16/93/thumb_006.jpg"
                },
                {
                    "href": "thumb_007.jpg",
                    "text": " thumb_007.jpg",
                    "imageUrl": "http://thewalkingdead-online.com/hq/albums/HQ/16/93/thumb_007.jpg"
                },
                {
                    "href": "thumb_008.jpg",
                    "text": " thumb_008.jpg",
                    "imageUrl": "http://thewalkingdead-online.com/hq/albums/HQ/16/93/thumb_008.jpg"
                },
                {
                    "href": "thumb_009.jpg",
                    "text": " thumb_009.jpg",
                    "imageUrl": "http://thewalkingdead-online.com/hq/albums/HQ/16/93/thumb_009.jpg"
                },
                {
                    "href": "thumb_010.jpg",
                    "text": " thumb_010.jpg",
                    "imageUrl": "http://thewalkingdead-online.com/hq/albums/HQ/16/93/thumb_010.jpg"
                },
                {
                    "href": "thumb_011.jpg",
                    "text": " thumb_011.jpg",
                    "imageUrl": "http://thewalkingdead-online.com/hq/albums/HQ/16/93/thumb_011.jpg"
                },
                {
                    "href": "thumb_012.jpg",
                    "text": " thumb_012.jpg",
                    "imageUrl": "http://thewalkingdead-online.com/hq/albums/HQ/16/93/thumb_012.jpg"
                },
                {
                    "href": "thumb_013.jpg",
                    "text": " thumb_013.jpg",
                    "imageUrl": "http://thewalkingdead-online.com/hq/albums/HQ/16/93/thumb_013.jpg"
                },
                {
                    "href": "thumb_014.jpg",
                    "text": " thumb_014.jpg",
                    "imageUrl": "http://thewalkingdead-online.com/hq/albums/HQ/16/93/thumb_014.jpg"
                },
                {
                    "href": "thumb_015.jpg",
                    "text": " thumb_015.jpg",
                    "imageUrl": "http://thewalkingdead-online.com/hq/albums/HQ/16/93/thumb_015.jpg"
                },
                {
                    "href": "thumb_016.jpg",
                    "text": " thumb_016.jpg",
                    "imageUrl": "http://thewalkingdead-online.com/hq/albums/HQ/16/93/thumb_016.jpg"
                },
                {
                    "href": "thumb_017.jpg",
                    "text": " thumb_017.jpg",
                    "imageUrl": "http://thewalkingdead-online.com/hq/albums/HQ/16/93/thumb_017.jpg"
                },
                {
                    "href": "thumb_018.jpg",
                    "text": " thumb_018.jpg",
                    "imageUrl": "http://thewalkingdead-online.com/hq/albums/HQ/16/93/thumb_018.jpg"
                },
                {
                    "href": "thumb_019.jpg",
                    "text": " thumb_019.jpg",
                    "imageUrl": "http://thewalkingdead-online.com/hq/albums/HQ/16/93/thumb_019.jpg"
                },
                {
                    "href": "thumb_020.jpg",
                    "text": " thumb_020.jpg",
                    "imageUrl": "http://thewalkingdead-online.com/hq/albums/HQ/16/93/thumb_020.jpg"
                },
                {
                    "href": "thumb_021.jpg",
                    "text": " thumb_021.jpg",
                    "imageUrl": "http://thewalkingdead-online.com/hq/albums/HQ/16/93/thumb_021.jpg"
                },
                {
                    "href": "thumb_022-023.jpg",
                    "text": " thumb_022-023.jpg",
                    "imageUrl": "http://thewalkingdead-online.com/hq/albums/HQ/16/93/thumb_022-023.jpg"
                },
                {
                    "href": "thumb_024.jpg",
                    "text": " thumb_024.jpg",
                    "imageUrl": "http://thewalkingdead-online.com/hq/albums/HQ/16/93/thumb_024.jpg"
                },
                {
                    "href": "thumb_025-026.jpg",
                    "text": " thumb_025-026.jpg",
                    "imageUrl": "http://thewalkingdead-online.com/hq/albums/HQ/16/93/thumb_025-026.jpg"
                },
                {
                    "href": "thumb_027.jpg",
                    "text": " thumb_027.jpg",
                    "imageUrl": "http://thewalkingdead-online.com/hq/albums/HQ/16/93/thumb_027.jpg"
                }
            ]
        },
        {
            "href": "94/",
            "text": " 94/",
            "images": [
                {
                    "href": "001.jpg",
                    "text": " 001.jpg",
                    "imageUrl": "http://thewalkingdead-online.com/hq/albums/HQ/16/94/001.jpg"
                },
                {
                    "href": "002.jpg",
                    "text": " 002.jpg",
                    "imageUrl": "http://thewalkingdead-online.com/hq/albums/HQ/16/94/002.jpg"
                },
                {
                    "href": "003.jpg",
                    "text": " 003.jpg",
                    "imageUrl": "http://thewalkingdead-online.com/hq/albums/HQ/16/94/003.jpg"
                },
                {
                    "href": "004.jpg",
                    "text": " 004.jpg",
                    "imageUrl": "http://thewalkingdead-online.com/hq/albums/HQ/16/94/004.jpg"
                },
                {
                    "href": "005.jpg",
                    "text": " 005.jpg",
                    "imageUrl": "http://thewalkingdead-online.com/hq/albums/HQ/16/94/005.jpg"
                },
                {
                    "href": "006.jpg",
                    "text": " 006.jpg",
                    "imageUrl": "http://thewalkingdead-online.com/hq/albums/HQ/16/94/006.jpg"
                },
                {
                    "href": "007.jpg",
                    "text": " 007.jpg",
                    "imageUrl": "http://thewalkingdead-online.com/hq/albums/HQ/16/94/007.jpg"
                },
                {
                    "href": "008.jpg",
                    "text": " 008.jpg",
                    "imageUrl": "http://thewalkingdead-online.com/hq/albums/HQ/16/94/008.jpg"
                },
                {
                    "href": "009.jpg",
                    "text": " 009.jpg",
                    "imageUrl": "http://thewalkingdead-online.com/hq/albums/HQ/16/94/009.jpg"
                },
                {
                    "href": "010.jpg",
                    "text": " 010.jpg",
                    "imageUrl": "http://thewalkingdead-online.com/hq/albums/HQ/16/94/010.jpg"
                },
                {
                    "href": "011.jpg",
                    "text": " 011.jpg",
                    "imageUrl": "http://thewalkingdead-online.com/hq/albums/HQ/16/94/011.jpg"
                },
                {
                    "href": "012.jpg",
                    "text": " 012.jpg",
                    "imageUrl": "http://thewalkingdead-online.com/hq/albums/HQ/16/94/012.jpg"
                },
                {
                    "href": "013.jpg",
                    "text": " 013.jpg",
                    "imageUrl": "http://thewalkingdead-online.com/hq/albums/HQ/16/94/013.jpg"
                },
                {
                    "href": "014.jpg",
                    "text": " 014.jpg",
                    "imageUrl": "http://thewalkingdead-online.com/hq/albums/HQ/16/94/014.jpg"
                },
                {
                    "href": "015.jpg",
                    "text": " 015.jpg",
                    "imageUrl": "http://thewalkingdead-online.com/hq/albums/HQ/16/94/015.jpg"
                },
                {
                    "href": "016.jpg",
                    "text": " 016.jpg",
                    "imageUrl": "http://thewalkingdead-online.com/hq/albums/HQ/16/94/016.jpg"
                },
                {
                    "href": "017.jpg",
                    "text": " 017.jpg",
                    "imageUrl": "http://thewalkingdead-online.com/hq/albums/HQ/16/94/017.jpg"
                },
                {
                    "href": "018.jpg",
                    "text": " 018.jpg",
                    "imageUrl": "http://thewalkingdead-online.com/hq/albums/HQ/16/94/018.jpg"
                },
                {
                    "href": "019.jpg",
                    "text": " 019.jpg",
                    "imageUrl": "http://thewalkingdead-online.com/hq/albums/HQ/16/94/019.jpg"
                },
                {
                    "href": "020.jpg",
                    "text": " 020.jpg",
                    "imageUrl": "http://thewalkingdead-online.com/hq/albums/HQ/16/94/020.jpg"
                },
                {
                    "href": "021.jpg",
                    "text": " 021.jpg",
                    "imageUrl": "http://thewalkingdead-online.com/hq/albums/HQ/16/94/021.jpg"
                },
                {
                    "href": "022.jpg",
                    "text": " 022.jpg",
                    "imageUrl": "http://thewalkingdead-online.com/hq/albums/HQ/16/94/022.jpg"
                },
                {
                    "href": "023.jpg",
                    "text": " 023.jpg",
                    "imageUrl": "http://thewalkingdead-online.com/hq/albums/HQ/16/94/023.jpg"
                },
                {
                    "href": "024.jpg",
                    "text": " 024.jpg",
                    "imageUrl": "http://thewalkingdead-online.com/hq/albums/HQ/16/94/024.jpg"
                },
                {
                    "href": "thumb_001.jpg",
                    "text": " thumb_001.jpg",
                    "imageUrl": "http://thewalkingdead-online.com/hq/albums/HQ/16/94/thumb_001.jpg"
                },
                {
                    "href": "thumb_002.jpg",
                    "text": " thumb_002.jpg",
                    "imageUrl": "http://thewalkingdead-online.com/hq/albums/HQ/16/94/thumb_002.jpg"
                },
                {
                    "href": "thumb_003.jpg",
                    "text": " thumb_003.jpg",
                    "imageUrl": "http://thewalkingdead-online.com/hq/albums/HQ/16/94/thumb_003.jpg"
                },
                {
                    "href": "thumb_004.jpg",
                    "text": " thumb_004.jpg",
                    "imageUrl": "http://thewalkingdead-online.com/hq/albums/HQ/16/94/thumb_004.jpg"
                },
                {
                    "href": "thumb_005.jpg",
                    "text": " thumb_005.jpg",
                    "imageUrl": "http://thewalkingdead-online.com/hq/albums/HQ/16/94/thumb_005.jpg"
                },
                {
                    "href": "thumb_006.jpg",
                    "text": " thumb_006.jpg",
                    "imageUrl": "http://thewalkingdead-online.com/hq/albums/HQ/16/94/thumb_006.jpg"
                },
                {
                    "href": "thumb_007.jpg",
                    "text": " thumb_007.jpg",
                    "imageUrl": "http://thewalkingdead-online.com/hq/albums/HQ/16/94/thumb_007.jpg"
                },
                {
                    "href": "thumb_008.jpg",
                    "text": " thumb_008.jpg",
                    "imageUrl": "http://thewalkingdead-online.com/hq/albums/HQ/16/94/thumb_008.jpg"
                },
                {
                    "href": "thumb_009.jpg",
                    "text": " thumb_009.jpg",
                    "imageUrl": "http://thewalkingdead-online.com/hq/albums/HQ/16/94/thumb_009.jpg"
                },
                {
                    "href": "thumb_010.jpg",
                    "text": " thumb_010.jpg",
                    "imageUrl": "http://thewalkingdead-online.com/hq/albums/HQ/16/94/thumb_010.jpg"
                },
                {
                    "href": "thumb_011.jpg",
                    "text": " thumb_011.jpg",
                    "imageUrl": "http://thewalkingdead-online.com/hq/albums/HQ/16/94/thumb_011.jpg"
                },
                {
                    "href": "thumb_012.jpg",
                    "text": " thumb_012.jpg",
                    "imageUrl": "http://thewalkingdead-online.com/hq/albums/HQ/16/94/thumb_012.jpg"
                },
                {
                    "href": "thumb_013.jpg",
                    "text": " thumb_013.jpg",
                    "imageUrl": "http://thewalkingdead-online.com/hq/albums/HQ/16/94/thumb_013.jpg"
                },
                {
                    "href": "thumb_014.jpg",
                    "text": " thumb_014.jpg",
                    "imageUrl": "http://thewalkingdead-online.com/hq/albums/HQ/16/94/thumb_014.jpg"
                },
                {
                    "href": "thumb_015.jpg",
                    "text": " thumb_015.jpg",
                    "imageUrl": "http://thewalkingdead-online.com/hq/albums/HQ/16/94/thumb_015.jpg"
                },
                {
                    "href": "thumb_016.jpg",
                    "text": " thumb_016.jpg",
                    "imageUrl": "http://thewalkingdead-online.com/hq/albums/HQ/16/94/thumb_016.jpg"
                },
                {
                    "href": "thumb_017.jpg",
                    "text": " thumb_017.jpg",
                    "imageUrl": "http://thewalkingdead-online.com/hq/albums/HQ/16/94/thumb_017.jpg"
                },
                {
                    "href": "thumb_018.jpg",
                    "text": " thumb_018.jpg",
                    "imageUrl": "http://thewalkingdead-online.com/hq/albums/HQ/16/94/thumb_018.jpg"
                },
                {
                    "href": "thumb_019.jpg",
                    "text": " thumb_019.jpg",
                    "imageUrl": "http://thewalkingdead-online.com/hq/albums/HQ/16/94/thumb_019.jpg"
                },
                {
                    "href": "thumb_020.jpg",
                    "text": " thumb_020.jpg",
                    "imageUrl": "http://thewalkingdead-online.com/hq/albums/HQ/16/94/thumb_020.jpg"
                },
                {
                    "href": "thumb_021.jpg",
                    "text": " thumb_021.jpg",
                    "imageUrl": "http://thewalkingdead-online.com/hq/albums/HQ/16/94/thumb_021.jpg"
                },
                {
                    "href": "thumb_022.jpg",
                    "text": " thumb_022.jpg",
                    "imageUrl": "http://thewalkingdead-online.com/hq/albums/HQ/16/94/thumb_022.jpg"
                },
                {
                    "href": "thumb_023.jpg",
                    "text": " thumb_023.jpg",
                    "imageUrl": "http://thewalkingdead-online.com/hq/albums/HQ/16/94/thumb_023.jpg"
                },
                {
                    "href": "thumb_024.jpg",
                    "text": " thumb_024.jpg",
                    "imageUrl": "http://thewalkingdead-online.com/hq/albums/HQ/16/94/thumb_024.jpg"
                },
                {
                    "href": "thumb_x_cr_ditos.jpg",
                    "text": " thumb_x_cr_ditos.jpg",
                    "imageUrl": "http://thewalkingdead-online.com/hq/albums/HQ/16/94/thumb_x_cr_ditos.jpg"
                },
                {
                    "href": "x_cr_ditos.jpg",
                    "text": " x_cr_ditos.jpg",
                    "imageUrl": "http://thewalkingdead-online.com/hq/albums/HQ/16/94/x_cr_ditos.jpg"
                }
            ]
        },
        {
            "href": "95/",
            "text": " 95/",
            "images": [
                {
                    "href": "thumb_wd_95_001.jpg",
                    "text": " thumb_wd_95_001.jpg",
                    "imageUrl": "http://thewalkingdead-online.com/hq/albums/HQ/16/95/thumb_wd_95_001.jpg"
                },
                {
                    "href": "thumb_wd_95_002.png",
                    "text": " thumb_wd_95_002.png",
                    "imageUrl": "http://thewalkingdead-online.com/hq/albums/HQ/16/95/thumb_wd_95_002.png"
                },
                {
                    "href": "thumb_wd_95_003.png",
                    "text": " thumb_wd_95_003.png",
                    "imageUrl": "http://thewalkingdead-online.com/hq/albums/HQ/16/95/thumb_wd_95_003.png"
                },
                {
                    "href": "thumb_wd_95_004.png",
                    "text": " thumb_wd_95_004.png",
                    "imageUrl": "http://thewalkingdead-online.com/hq/albums/HQ/16/95/thumb_wd_95_004.png"
                },
                {
                    "href": "thumb_wd_95_005.png",
                    "text": " thumb_wd_95_005.png",
                    "imageUrl": "http://thewalkingdead-online.com/hq/albums/HQ/16/95/thumb_wd_95_005.png"
                },
                {
                    "href": "thumb_wd_95_006-007.png",
                    "text": " thumb_wd_95_006-007.png",
                    "imageUrl": "http://thewalkingdead-online.com/hq/albums/HQ/16/95/thumb_wd_95_006-007.png"
                },
                {
                    "href": "thumb_wd_95_008.png",
                    "text": " thumb_wd_95_008.png",
                    "imageUrl": "http://thewalkingdead-online.com/hq/albums/HQ/16/95/thumb_wd_95_008.png"
                },
                {
                    "href": "thumb_wd_95_009.png",
                    "text": " thumb_wd_95_009.png",
                    "imageUrl": "http://thewalkingdead-online.com/hq/albums/HQ/16/95/thumb_wd_95_009.png"
                },
                {
                    "href": "thumb_wd_95_010-011.png",
                    "text": " thumb_wd_95_010-011.png",
                    "imageUrl": "http://thewalkingdead-online.com/hq/albums/HQ/16/95/thumb_wd_95_010-011.png"
                },
                {
                    "href": "thumb_wd_95_012.png",
                    "text": " thumb_wd_95_012.png",
                    "imageUrl": "http://thewalkingdead-online.com/hq/albums/HQ/16/95/thumb_wd_95_012.png"
                },
                {
                    "href": "thumb_wd_95_013.png",
                    "text": " thumb_wd_95_013.png",
                    "imageUrl": "http://thewalkingdead-online.com/hq/albums/HQ/16/95/thumb_wd_95_013.png"
                },
                {
                    "href": "thumb_wd_95_014.png",
                    "text": " thumb_wd_95_014.png",
                    "imageUrl": "http://thewalkingdead-online.com/hq/albums/HQ/16/95/thumb_wd_95_014.png"
                },
                {
                    "href": "thumb_wd_95_015.png",
                    "text": " thumb_wd_95_015.png",
                    "imageUrl": "http://thewalkingdead-online.com/hq/albums/HQ/16/95/thumb_wd_95_015.png"
                },
                {
                    "href": "thumb_wd_95_016.png",
                    "text": " thumb_wd_95_016.png",
                    "imageUrl": "http://thewalkingdead-online.com/hq/albums/HQ/16/95/thumb_wd_95_016.png"
                },
                {
                    "href": "thumb_wd_95_017.png",
                    "text": " thumb_wd_95_017.png",
                    "imageUrl": "http://thewalkingdead-online.com/hq/albums/HQ/16/95/thumb_wd_95_017.png"
                },
                {
                    "href": "thumb_wd_95_018.png",
                    "text": " thumb_wd_95_018.png",
                    "imageUrl": "http://thewalkingdead-online.com/hq/albums/HQ/16/95/thumb_wd_95_018.png"
                },
                {
                    "href": "thumb_wd_95_019.png",
                    "text": " thumb_wd_95_019.png",
                    "imageUrl": "http://thewalkingdead-online.com/hq/albums/HQ/16/95/thumb_wd_95_019.png"
                },
                {
                    "href": "thumb_wd_95_020.png",
                    "text": " thumb_wd_95_020.png",
                    "imageUrl": "http://thewalkingdead-online.com/hq/albums/HQ/16/95/thumb_wd_95_020.png"
                },
                {
                    "href": "thumb_wd_95_021.png",
                    "text": " thumb_wd_95_021.png",
                    "imageUrl": "http://thewalkingdead-online.com/hq/albums/HQ/16/95/thumb_wd_95_021.png"
                },
                {
                    "href": "thumb_wd_95_022.png",
                    "text": " thumb_wd_95_022.png",
                    "imageUrl": "http://thewalkingdead-online.com/hq/albums/HQ/16/95/thumb_wd_95_022.png"
                },
                {
                    "href": "thumb_wd_95_023.png",
                    "text": " thumb_wd_95_023.png",
                    "imageUrl": "http://thewalkingdead-online.com/hq/albums/HQ/16/95/thumb_wd_95_023.png"
                },
                {
                    "href": "thumb_wd_95_024.png",
                    "text": " thumb_wd_95_024.png",
                    "imageUrl": "http://thewalkingdead-online.com/hq/albums/HQ/16/95/thumb_wd_95_024.png"
                },
                {
                    "href": "thumb_wd_95_cr_ditos.jpg",
                    "text": " thumb_wd_95_cr_ditos.jpg",
                    "imageUrl": "http://thewalkingdead-online.com/hq/albums/HQ/16/95/thumb_wd_95_cr_ditos.jpg"
                },
                {
                    "href": "wd_95_001.jpg",
                    "text": " wd_95_001.jpg",
                    "imageUrl": "http://thewalkingdead-online.com/hq/albums/HQ/16/95/wd_95_001.jpg"
                },
                {
                    "href": "wd_95_002.png",
                    "text": " wd_95_002.png",
                    "imageUrl": "http://thewalkingdead-online.com/hq/albums/HQ/16/95/wd_95_002.png"
                },
                {
                    "href": "wd_95_003.png",
                    "text": " wd_95_003.png",
                    "imageUrl": "http://thewalkingdead-online.com/hq/albums/HQ/16/95/wd_95_003.png"
                },
                {
                    "href": "wd_95_004.png",
                    "text": " wd_95_004.png",
                    "imageUrl": "http://thewalkingdead-online.com/hq/albums/HQ/16/95/wd_95_004.png"
                },
                {
                    "href": "wd_95_005.png",
                    "text": " wd_95_005.png",
                    "imageUrl": "http://thewalkingdead-online.com/hq/albums/HQ/16/95/wd_95_005.png"
                },
                {
                    "href": "wd_95_006-007.png",
                    "text": " wd_95_006-007.png",
                    "imageUrl": "http://thewalkingdead-online.com/hq/albums/HQ/16/95/wd_95_006-007.png"
                },
                {
                    "href": "wd_95_008.png",
                    "text": " wd_95_008.png",
                    "imageUrl": "http://thewalkingdead-online.com/hq/albums/HQ/16/95/wd_95_008.png"
                },
                {
                    "href": "wd_95_009.png",
                    "text": " wd_95_009.png",
                    "imageUrl": "http://thewalkingdead-online.com/hq/albums/HQ/16/95/wd_95_009.png"
                },
                {
                    "href": "wd_95_010-011.png",
                    "text": " wd_95_010-011.png",
                    "imageUrl": "http://thewalkingdead-online.com/hq/albums/HQ/16/95/wd_95_010-011.png"
                },
                {
                    "href": "wd_95_012.png",
                    "text": " wd_95_012.png",
                    "imageUrl": "http://thewalkingdead-online.com/hq/albums/HQ/16/95/wd_95_012.png"
                },
                {
                    "href": "wd_95_013.png",
                    "text": " wd_95_013.png",
                    "imageUrl": "http://thewalkingdead-online.com/hq/albums/HQ/16/95/wd_95_013.png"
                },
                {
                    "href": "wd_95_014.png",
                    "text": " wd_95_014.png",
                    "imageUrl": "http://thewalkingdead-online.com/hq/albums/HQ/16/95/wd_95_014.png"
                },
                {
                    "href": "wd_95_015.png",
                    "text": " wd_95_015.png",
                    "imageUrl": "http://thewalkingdead-online.com/hq/albums/HQ/16/95/wd_95_015.png"
                },
                {
                    "href": "wd_95_016.png",
                    "text": " wd_95_016.png",
                    "imageUrl": "http://thewalkingdead-online.com/hq/albums/HQ/16/95/wd_95_016.png"
                },
                {
                    "href": "wd_95_017.png",
                    "text": " wd_95_017.png",
                    "imageUrl": "http://thewalkingdead-online.com/hq/albums/HQ/16/95/wd_95_017.png"
                },
                {
                    "href": "wd_95_018.png",
                    "text": " wd_95_018.png",
                    "imageUrl": "http://thewalkingdead-online.com/hq/albums/HQ/16/95/wd_95_018.png"
                },
                {
                    "href": "wd_95_019.png",
                    "text": " wd_95_019.png",
                    "imageUrl": "http://thewalkingdead-online.com/hq/albums/HQ/16/95/wd_95_019.png"
                },
                {
                    "href": "wd_95_020.png",
                    "text": " wd_95_020.png",
                    "imageUrl": "http://thewalkingdead-online.com/hq/albums/HQ/16/95/wd_95_020.png"
                },
                {
                    "href": "wd_95_021.png",
                    "text": " wd_95_021.png",
                    "imageUrl": "http://thewalkingdead-online.com/hq/albums/HQ/16/95/wd_95_021.png"
                },
                {
                    "href": "wd_95_022.png",
                    "text": " wd_95_022.png",
                    "imageUrl": "http://thewalkingdead-online.com/hq/albums/HQ/16/95/wd_95_022.png"
                },
                {
                    "href": "wd_95_023.png",
                    "text": " wd_95_023.png",
                    "imageUrl": "http://thewalkingdead-online.com/hq/albums/HQ/16/95/wd_95_023.png"
                },
                {
                    "href": "wd_95_024.png",
                    "text": " wd_95_024.png",
                    "imageUrl": "http://thewalkingdead-online.com/hq/albums/HQ/16/95/wd_95_024.png"
                },
                {
                    "href": "wd_95_cr_ditos.jpg",
                    "text": " wd_95_cr_ditos.jpg",
                    "imageUrl": "http://thewalkingdead-online.com/hq/albums/HQ/16/95/wd_95_cr_ditos.jpg"
                }
            ]
        },
        {
            "href": "96/",
            "text": " 96/",
            "images": [
                {
                    "href": "001.jpg",
                    "text": " 001.jpg",
                    "imageUrl": "http://thewalkingdead-online.com/hq/albums/HQ/16/96/001.jpg"
                },
                {
                    "href": "002.png",
                    "text": " 002.png",
                    "imageUrl": "http://thewalkingdead-online.com/hq/albums/HQ/16/96/002.png"
                },
                {
                    "href": "003.png",
                    "text": " 003.png",
                    "imageUrl": "http://thewalkingdead-online.com/hq/albums/HQ/16/96/003.png"
                },
                {
                    "href": "004.png",
                    "text": " 004.png",
                    "imageUrl": "http://thewalkingdead-online.com/hq/albums/HQ/16/96/004.png"
                },
                {
                    "href": "005.png",
                    "text": " 005.png",
                    "imageUrl": "http://thewalkingdead-online.com/hq/albums/HQ/16/96/005.png"
                },
                {
                    "href": "006.png",
                    "text": " 006.png",
                    "imageUrl": "http://thewalkingdead-online.com/hq/albums/HQ/16/96/006.png"
                },
                {
                    "href": "007.png",
                    "text": " 007.png",
                    "imageUrl": "http://thewalkingdead-online.com/hq/albums/HQ/16/96/007.png"
                },
                {
                    "href": "008.png",
                    "text": " 008.png",
                    "imageUrl": "http://thewalkingdead-online.com/hq/albums/HQ/16/96/008.png"
                },
                {
                    "href": "009.png",
                    "text": " 009.png",
                    "imageUrl": "http://thewalkingdead-online.com/hq/albums/HQ/16/96/009.png"
                },
                {
                    "href": "010.png",
                    "text": " 010.png",
                    "imageUrl": "http://thewalkingdead-online.com/hq/albums/HQ/16/96/010.png"
                },
                {
                    "href": "011.png",
                    "text": " 011.png",
                    "imageUrl": "http://thewalkingdead-online.com/hq/albums/HQ/16/96/011.png"
                },
                {
                    "href": "012.png",
                    "text": " 012.png",
                    "imageUrl": "http://thewalkingdead-online.com/hq/albums/HQ/16/96/012.png"
                },
                {
                    "href": "013.png",
                    "text": " 013.png",
                    "imageUrl": "http://thewalkingdead-online.com/hq/albums/HQ/16/96/013.png"
                },
                {
                    "href": "014.png",
                    "text": " 014.png",
                    "imageUrl": "http://thewalkingdead-online.com/hq/albums/HQ/16/96/014.png"
                },
                {
                    "href": "015.png",
                    "text": " 015.png",
                    "imageUrl": "http://thewalkingdead-online.com/hq/albums/HQ/16/96/015.png"
                },
                {
                    "href": "016.png",
                    "text": " 016.png",
                    "imageUrl": "http://thewalkingdead-online.com/hq/albums/HQ/16/96/016.png"
                },
                {
                    "href": "017.png",
                    "text": " 017.png",
                    "imageUrl": "http://thewalkingdead-online.com/hq/albums/HQ/16/96/017.png"
                },
                {
                    "href": "018.png",
                    "text": " 018.png",
                    "imageUrl": "http://thewalkingdead-online.com/hq/albums/HQ/16/96/018.png"
                },
                {
                    "href": "019.png",
                    "text": " 019.png",
                    "imageUrl": "http://thewalkingdead-online.com/hq/albums/HQ/16/96/019.png"
                },
                {
                    "href": "020-021.png",
                    "text": " 020-021.png",
                    "imageUrl": "http://thewalkingdead-online.com/hq/albums/HQ/16/96/020-021.png"
                },
                {
                    "href": "022-023.png",
                    "text": " 022-023.png",
                    "imageUrl": "http://thewalkingdead-online.com/hq/albums/HQ/16/96/022-023.png"
                },
                {
                    "href": "024.png",
                    "text": " 024.png",
                    "imageUrl": "http://thewalkingdead-online.com/hq/albums/HQ/16/96/024.png"
                },
                {
                    "href": "thumb_001.jpg",
                    "text": " thumb_001.jpg",
                    "imageUrl": "http://thewalkingdead-online.com/hq/albums/HQ/16/96/thumb_001.jpg"
                },
                {
                    "href": "thumb_002.png",
                    "text": " thumb_002.png",
                    "imageUrl": "http://thewalkingdead-online.com/hq/albums/HQ/16/96/thumb_002.png"
                },
                {
                    "href": "thumb_003.png",
                    "text": " thumb_003.png",
                    "imageUrl": "http://thewalkingdead-online.com/hq/albums/HQ/16/96/thumb_003.png"
                },
                {
                    "href": "thumb_004.png",
                    "text": " thumb_004.png",
                    "imageUrl": "http://thewalkingdead-online.com/hq/albums/HQ/16/96/thumb_004.png"
                },
                {
                    "href": "thumb_005.png",
                    "text": " thumb_005.png",
                    "imageUrl": "http://thewalkingdead-online.com/hq/albums/HQ/16/96/thumb_005.png"
                },
                {
                    "href": "thumb_006.png",
                    "text": " thumb_006.png",
                    "imageUrl": "http://thewalkingdead-online.com/hq/albums/HQ/16/96/thumb_006.png"
                },
                {
                    "href": "thumb_007.png",
                    "text": " thumb_007.png",
                    "imageUrl": "http://thewalkingdead-online.com/hq/albums/HQ/16/96/thumb_007.png"
                },
                {
                    "href": "thumb_008.png",
                    "text": " thumb_008.png",
                    "imageUrl": "http://thewalkingdead-online.com/hq/albums/HQ/16/96/thumb_008.png"
                },
                {
                    "href": "thumb_009.png",
                    "text": " thumb_009.png",
                    "imageUrl": "http://thewalkingdead-online.com/hq/albums/HQ/16/96/thumb_009.png"
                },
                {
                    "href": "thumb_010.png",
                    "text": " thumb_010.png",
                    "imageUrl": "http://thewalkingdead-online.com/hq/albums/HQ/16/96/thumb_010.png"
                },
                {
                    "href": "thumb_011.png",
                    "text": " thumb_011.png",
                    "imageUrl": "http://thewalkingdead-online.com/hq/albums/HQ/16/96/thumb_011.png"
                },
                {
                    "href": "thumb_012.png",
                    "text": " thumb_012.png",
                    "imageUrl": "http://thewalkingdead-online.com/hq/albums/HQ/16/96/thumb_012.png"
                },
                {
                    "href": "thumb_013.png",
                    "text": " thumb_013.png",
                    "imageUrl": "http://thewalkingdead-online.com/hq/albums/HQ/16/96/thumb_013.png"
                },
                {
                    "href": "thumb_014.png",
                    "text": " thumb_014.png",
                    "imageUrl": "http://thewalkingdead-online.com/hq/albums/HQ/16/96/thumb_014.png"
                },
                {
                    "href": "thumb_015.png",
                    "text": " thumb_015.png",
                    "imageUrl": "http://thewalkingdead-online.com/hq/albums/HQ/16/96/thumb_015.png"
                },
                {
                    "href": "thumb_016.png",
                    "text": " thumb_016.png",
                    "imageUrl": "http://thewalkingdead-online.com/hq/albums/HQ/16/96/thumb_016.png"
                },
                {
                    "href": "thumb_017.png",
                    "text": " thumb_017.png",
                    "imageUrl": "http://thewalkingdead-online.com/hq/albums/HQ/16/96/thumb_017.png"
                },
                {
                    "href": "thumb_018.png",
                    "text": " thumb_018.png",
                    "imageUrl": "http://thewalkingdead-online.com/hq/albums/HQ/16/96/thumb_018.png"
                },
                {
                    "href": "thumb_019.png",
                    "text": " thumb_019.png",
                    "imageUrl": "http://thewalkingdead-online.com/hq/albums/HQ/16/96/thumb_019.png"
                },
                {
                    "href": "thumb_020-021.png",
                    "text": " thumb_020-021.png",
                    "imageUrl": "http://thewalkingdead-online.com/hq/albums/HQ/16/96/thumb_020-021.png"
                },
                {
                    "href": "thumb_022-023.png",
                    "text": " thumb_022-023.png",
                    "imageUrl": "http://thewalkingdead-online.com/hq/albums/HQ/16/96/thumb_022-023.png"
                },
                {
                    "href": "thumb_024.png",
                    "text": " thumb_024.png",
                    "imageUrl": "http://thewalkingdead-online.com/hq/albums/HQ/16/96/thumb_024.png"
                }
            ]
        }
    ]
}