{
    "href": "17/",
    "text": " 17/",
    "chapters": [
        {
            "href": "Edicao%20097/",
            "text": " Edicao 097/",
            "images": [
                {
                    "href": "001.jpg",
                    "text": " 001.jpg",
                    "imageUrl": "http://thewalkingdead-online.com/hq/albums/HQ/17/Edicao%20097/001.jpg"
                },
                {
                    "href": "002.png",
                    "text": " 002.png",
                    "imageUrl": "http://thewalkingdead-online.com/hq/albums/HQ/17/Edicao%20097/002.png"
                },
                {
                    "href": "003.png",
                    "text": " 003.png",
                    "imageUrl": "http://thewalkingdead-online.com/hq/albums/HQ/17/Edicao%20097/003.png"
                },
                {
                    "href": "004.png",
                    "text": " 004.png",
                    "imageUrl": "http://thewalkingdead-online.com/hq/albums/HQ/17/Edicao%20097/004.png"
                },
                {
                    "href": "005.png",
                    "text": " 005.png",
                    "imageUrl": "http://thewalkingdead-online.com/hq/albums/HQ/17/Edicao%20097/005.png"
                },
                {
                    "href": "006.png",
                    "text": " 006.png",
                    "imageUrl": "http://thewalkingdead-online.com/hq/albums/HQ/17/Edicao%20097/006.png"
                },
                {
                    "href": "007.png",
                    "text": " 007.png",
                    "imageUrl": "http://thewalkingdead-online.com/hq/albums/HQ/17/Edicao%20097/007.png"
                },
                {
                    "href": "008.png",
                    "text": " 008.png",
                    "imageUrl": "http://thewalkingdead-online.com/hq/albums/HQ/17/Edicao%20097/008.png"
                },
                {
                    "href": "009.png",
                    "text": " 009.png",
                    "imageUrl": "http://thewalkingdead-online.com/hq/albums/HQ/17/Edicao%20097/009.png"
                },
                {
                    "href": "010.png",
                    "text": " 010.png",
                    "imageUrl": "http://thewalkingdead-online.com/hq/albums/HQ/17/Edicao%20097/010.png"
                },
                {
                    "href": "011.png",
                    "text": " 011.png",
                    "imageUrl": "http://thewalkingdead-online.com/hq/albums/HQ/17/Edicao%20097/011.png"
                },
                {
                    "href": "012.png",
                    "text": " 012.png",
                    "imageUrl": "http://thewalkingdead-online.com/hq/albums/HQ/17/Edicao%20097/012.png"
                },
                {
                    "href": "013.png",
                    "text": " 013.png",
                    "imageUrl": "http://thewalkingdead-online.com/hq/albums/HQ/17/Edicao%20097/013.png"
                },
                {
                    "href": "014.png",
                    "text": " 014.png",
                    "imageUrl": "http://thewalkingdead-online.com/hq/albums/HQ/17/Edicao%20097/014.png"
                },
                {
                    "href": "015.png",
                    "text": " 015.png",
                    "imageUrl": "http://thewalkingdead-online.com/hq/albums/HQ/17/Edicao%20097/015.png"
                },
                {
                    "href": "016.png",
                    "text": " 016.png",
                    "imageUrl": "http://thewalkingdead-online.com/hq/albums/HQ/17/Edicao%20097/016.png"
                },
                {
                    "href": "017.png",
                    "text": " 017.png",
                    "imageUrl": "http://thewalkingdead-online.com/hq/albums/HQ/17/Edicao%20097/017.png"
                },
                {
                    "href": "018.png",
                    "text": " 018.png",
                    "imageUrl": "http://thewalkingdead-online.com/hq/albums/HQ/17/Edicao%20097/018.png"
                },
                {
                    "href": "019.png",
                    "text": " 019.png",
                    "imageUrl": "http://thewalkingdead-online.com/hq/albums/HQ/17/Edicao%20097/019.png"
                },
                {
                    "href": "020.png",
                    "text": " 020.png",
                    "imageUrl": "http://thewalkingdead-online.com/hq/albums/HQ/17/Edicao%20097/020.png"
                },
                {
                    "href": "021.png",
                    "text": " 021.png",
                    "imageUrl": "http://thewalkingdead-online.com/hq/albums/HQ/17/Edicao%20097/021.png"
                },
                {
                    "href": "022.png",
                    "text": " 022.png",
                    "imageUrl": "http://thewalkingdead-online.com/hq/albums/HQ/17/Edicao%20097/022.png"
                },
                {
                    "href": "023.png",
                    "text": " 023.png",
                    "imageUrl": "http://thewalkingdead-online.com/hq/albums/HQ/17/Edicao%20097/023.png"
                },
                {
                    "href": "024.png",
                    "text": " 024.png",
                    "imageUrl": "http://thewalkingdead-online.com/hq/albums/HQ/17/Edicao%20097/024.png"
                },
                {
                    "href": "thumb_001.jpg",
                    "text": " thumb_001.jpg",
                    "imageUrl": "http://thewalkingdead-online.com/hq/albums/HQ/17/Edicao%20097/thumb_001.jpg"
                },
                {
                    "href": "thumb_002.png",
                    "text": " thumb_002.png",
                    "imageUrl": "http://thewalkingdead-online.com/hq/albums/HQ/17/Edicao%20097/thumb_002.png"
                },
                {
                    "href": "thumb_003.png",
                    "text": " thumb_003.png",
                    "imageUrl": "http://thewalkingdead-online.com/hq/albums/HQ/17/Edicao%20097/thumb_003.png"
                },
                {
                    "href": "thumb_004.png",
                    "text": " thumb_004.png",
                    "imageUrl": "http://thewalkingdead-online.com/hq/albums/HQ/17/Edicao%20097/thumb_004.png"
                },
                {
                    "href": "thumb_005.png",
                    "text": " thumb_005.png",
                    "imageUrl": "http://thewalkingdead-online.com/hq/albums/HQ/17/Edicao%20097/thumb_005.png"
                },
                {
                    "href": "thumb_006.png",
                    "text": " thumb_006.png",
                    "imageUrl": "http://thewalkingdead-online.com/hq/albums/HQ/17/Edicao%20097/thumb_006.png"
                },
                {
                    "href": "thumb_007.png",
                    "text": " thumb_007.png",
                    "imageUrl": "http://thewalkingdead-online.com/hq/albums/HQ/17/Edicao%20097/thumb_007.png"
                },
                {
                    "href": "thumb_008.png",
                    "text": " thumb_008.png",
                    "imageUrl": "http://thewalkingdead-online.com/hq/albums/HQ/17/Edicao%20097/thumb_008.png"
                },
                {
                    "href": "thumb_009.png",
                    "text": " thumb_009.png",
                    "imageUrl": "http://thewalkingdead-online.com/hq/albums/HQ/17/Edicao%20097/thumb_009.png"
                },
                {
                    "href": "thumb_010.png",
                    "text": " thumb_010.png",
                    "imageUrl": "http://thewalkingdead-online.com/hq/albums/HQ/17/Edicao%20097/thumb_010.png"
                },
                {
                    "href": "thumb_011.png",
                    "text": " thumb_011.png",
                    "imageUrl": "http://thewalkingdead-online.com/hq/albums/HQ/17/Edicao%20097/thumb_011.png"
                },
                {
                    "href": "thumb_012.png",
                    "text": " thumb_012.png",
                    "imageUrl": "http://thewalkingdead-online.com/hq/albums/HQ/17/Edicao%20097/thumb_012.png"
                },
                {
                    "href": "thumb_013.png",
                    "text": " thumb_013.png",
                    "imageUrl": "http://thewalkingdead-online.com/hq/albums/HQ/17/Edicao%20097/thumb_013.png"
                },
                {
                    "href": "thumb_014.png",
                    "text": " thumb_014.png",
                    "imageUrl": "http://thewalkingdead-online.com/hq/albums/HQ/17/Edicao%20097/thumb_014.png"
                },
                {
                    "href": "thumb_015.png",
                    "text": " thumb_015.png",
                    "imageUrl": "http://thewalkingdead-online.com/hq/albums/HQ/17/Edicao%20097/thumb_015.png"
                },
                {
                    "href": "thumb_016.png",
                    "text": " thumb_016.png",
                    "imageUrl": "http://thewalkingdead-online.com/hq/albums/HQ/17/Edicao%20097/thumb_016.png"
                },
                {
                    "href": "thumb_017.png",
                    "text": " thumb_017.png",
                    "imageUrl": "http://thewalkingdead-online.com/hq/albums/HQ/17/Edicao%20097/thumb_017.png"
                },
                {
                    "href": "thumb_018.png",
                    "text": " thumb_018.png",
                    "imageUrl": "http://thewalkingdead-online.com/hq/albums/HQ/17/Edicao%20097/thumb_018.png"
                },
                {
                    "href": "thumb_019.png",
                    "text": " thumb_019.png",
                    "imageUrl": "http://thewalkingdead-online.com/hq/albums/HQ/17/Edicao%20097/thumb_019.png"
                },
                {
                    "href": "thumb_020.png",
                    "text": " thumb_020.png",
                    "imageUrl": "http://thewalkingdead-online.com/hq/albums/HQ/17/Edicao%20097/thumb_020.png"
                },
                {
                    "href": "thumb_021.png",
                    "text": " thumb_021.png",
                    "imageUrl": "http://thewalkingdead-online.com/hq/albums/HQ/17/Edicao%20097/thumb_021.png"
                },
                {
                    "href": "thumb_022.png",
                    "text": " thumb_022.png",
                    "imageUrl": "http://thewalkingdead-online.com/hq/albums/HQ/17/Edicao%20097/thumb_022.png"
                },
                {
                    "href": "thumb_023.png",
                    "text": " thumb_023.png",
                    "imageUrl": "http://thewalkingdead-online.com/hq/albums/HQ/17/Edicao%20097/thumb_023.png"
                },
                {
                    "href": "thumb_024.png",
                    "text": " thumb_024.png",
                    "imageUrl": "http://thewalkingdead-online.com/hq/albums/HQ/17/Edicao%20097/thumb_024.png"
                }
            ]
        },
        {
            "href": "Edicao%20098/",
            "text": " Edicao 098/",
            "images": []
        },
        {
            "href": "Edicao%20099/",
            "text": " Edicao 099/",
            "images": [
                {
                    "href": "001.jpg",
                    "text": " 001.jpg",
                    "imageUrl": "http://thewalkingdead-online.com/hq/albums/HQ/17/Edicao%20099/001.jpg"
                },
                {
                    "href": "002.jpg",
                    "text": " 002.jpg",
                    "imageUrl": "http://thewalkingdead-online.com/hq/albums/HQ/17/Edicao%20099/002.jpg"
                },
                {
                    "href": "003.jpg",
                    "text": " 003.jpg",
                    "imageUrl": "http://thewalkingdead-online.com/hq/albums/HQ/17/Edicao%20099/003.jpg"
                },
                {
                    "href": "004.jpg",
                    "text": " 004.jpg",
                    "imageUrl": "http://thewalkingdead-online.com/hq/albums/HQ/17/Edicao%20099/004.jpg"
                },
                {
                    "href": "005.jpg",
                    "text": " 005.jpg",
                    "imageUrl": "http://thewalkingdead-online.com/hq/albums/HQ/17/Edicao%20099/005.jpg"
                },
                {
                    "href": "006.jpg",
                    "text": " 006.jpg",
                    "imageUrl": "http://thewalkingdead-online.com/hq/albums/HQ/17/Edicao%20099/006.jpg"
                },
                {
                    "href": "007.jpg",
                    "text": " 007.jpg",
                    "imageUrl": "http://thewalkingdead-online.com/hq/albums/HQ/17/Edicao%20099/007.jpg"
                },
                {
                    "href": "008.jpg",
                    "text": " 008.jpg",
                    "imageUrl": "http://thewalkingdead-online.com/hq/albums/HQ/17/Edicao%20099/008.jpg"
                },
                {
                    "href": "009.jpg",
                    "text": " 009.jpg",
                    "imageUrl": "http://thewalkingdead-online.com/hq/albums/HQ/17/Edicao%20099/009.jpg"
                },
                {
                    "href": "010.jpg",
                    "text": " 010.jpg",
                    "imageUrl": "http://thewalkingdead-online.com/hq/albums/HQ/17/Edicao%20099/010.jpg"
                },
                {
                    "href": "011.jpg",
                    "text": " 011.jpg",
                    "imageUrl": "http://thewalkingdead-online.com/hq/albums/HQ/17/Edicao%20099/011.jpg"
                },
                {
                    "href": "012.jpg",
                    "text": " 012.jpg",
                    "imageUrl": "http://thewalkingdead-online.com/hq/albums/HQ/17/Edicao%20099/012.jpg"
                },
                {
                    "href": "013.jpg",
                    "text": " 013.jpg",
                    "imageUrl": "http://thewalkingdead-online.com/hq/albums/HQ/17/Edicao%20099/013.jpg"
                },
                {
                    "href": "014.jpg",
                    "text": " 014.jpg",
                    "imageUrl": "http://thewalkingdead-online.com/hq/albums/HQ/17/Edicao%20099/014.jpg"
                },
                {
                    "href": "015.jpg",
                    "text": " 015.jpg",
                    "imageUrl": "http://thewalkingdead-online.com/hq/albums/HQ/17/Edicao%20099/015.jpg"
                },
                {
                    "href": "016.jpg",
                    "text": " 016.jpg",
                    "imageUrl": "http://thewalkingdead-online.com/hq/albums/HQ/17/Edicao%20099/016.jpg"
                },
                {
                    "href": "017.jpg",
                    "text": " 017.jpg",
                    "imageUrl": "http://thewalkingdead-online.com/hq/albums/HQ/17/Edicao%20099/017.jpg"
                },
                {
                    "href": "018.jpg",
                    "text": " 018.jpg",
                    "imageUrl": "http://thewalkingdead-online.com/hq/albums/HQ/17/Edicao%20099/018.jpg"
                },
                {
                    "href": "019.jpg",
                    "text": " 019.jpg",
                    "imageUrl": "http://thewalkingdead-online.com/hq/albums/HQ/17/Edicao%20099/019.jpg"
                },
                {
                    "href": "020.jpg",
                    "text": " 020.jpg",
                    "imageUrl": "http://thewalkingdead-online.com/hq/albums/HQ/17/Edicao%20099/020.jpg"
                },
                {
                    "href": "021.jpg",
                    "text": " 021.jpg",
                    "imageUrl": "http://thewalkingdead-online.com/hq/albums/HQ/17/Edicao%20099/021.jpg"
                },
                {
                    "href": "022.jpg",
                    "text": " 022.jpg",
                    "imageUrl": "http://thewalkingdead-online.com/hq/albums/HQ/17/Edicao%20099/022.jpg"
                },
                {
                    "href": "023.jpg",
                    "text": " 023.jpg",
                    "imageUrl": "http://thewalkingdead-online.com/hq/albums/HQ/17/Edicao%20099/023.jpg"
                },
                {
                    "href": "thumb_001.jpg",
                    "text": " thumb_001.jpg",
                    "imageUrl": "http://thewalkingdead-online.com/hq/albums/HQ/17/Edicao%20099/thumb_001.jpg"
                },
                {
                    "href": "thumb_002.jpg",
                    "text": " thumb_002.jpg",
                    "imageUrl": "http://thewalkingdead-online.com/hq/albums/HQ/17/Edicao%20099/thumb_002.jpg"
                },
                {
                    "href": "thumb_003.jpg",
                    "text": " thumb_003.jpg",
                    "imageUrl": "http://thewalkingdead-online.com/hq/albums/HQ/17/Edicao%20099/thumb_003.jpg"
                },
                {
                    "href": "thumb_004.jpg",
                    "text": " thumb_004.jpg",
                    "imageUrl": "http://thewalkingdead-online.com/hq/albums/HQ/17/Edicao%20099/thumb_004.jpg"
                },
                {
                    "href": "thumb_005.jpg",
                    "text": " thumb_005.jpg",
                    "imageUrl": "http://thewalkingdead-online.com/hq/albums/HQ/17/Edicao%20099/thumb_005.jpg"
                },
                {
                    "href": "thumb_006.jpg",
                    "text": " thumb_006.jpg",
                    "imageUrl": "http://thewalkingdead-online.com/hq/albums/HQ/17/Edicao%20099/thumb_006.jpg"
                },
                {
                    "href": "thumb_007.jpg",
                    "text": " thumb_007.jpg",
                    "imageUrl": "http://thewalkingdead-online.com/hq/albums/HQ/17/Edicao%20099/thumb_007.jpg"
                },
                {
                    "href": "thumb_008.jpg",
                    "text": " thumb_008.jpg",
                    "imageUrl": "http://thewalkingdead-online.com/hq/albums/HQ/17/Edicao%20099/thumb_008.jpg"
                },
                {
                    "href": "thumb_009.jpg",
                    "text": " thumb_009.jpg",
                    "imageUrl": "http://thewalkingdead-online.com/hq/albums/HQ/17/Edicao%20099/thumb_009.jpg"
                },
                {
                    "href": "thumb_010.jpg",
                    "text": " thumb_010.jpg",
                    "imageUrl": "http://thewalkingdead-online.com/hq/albums/HQ/17/Edicao%20099/thumb_010.jpg"
                },
                {
                    "href": "thumb_011.jpg",
                    "text": " thumb_011.jpg",
                    "imageUrl": "http://thewalkingdead-online.com/hq/albums/HQ/17/Edicao%20099/thumb_011.jpg"
                },
                {
                    "href": "thumb_012.jpg",
                    "text": " thumb_012.jpg",
                    "imageUrl": "http://thewalkingdead-online.com/hq/albums/HQ/17/Edicao%20099/thumb_012.jpg"
                },
                {
                    "href": "thumb_013.jpg",
                    "text": " thumb_013.jpg",
                    "imageUrl": "http://thewalkingdead-online.com/hq/albums/HQ/17/Edicao%20099/thumb_013.jpg"
                },
                {
                    "href": "thumb_014.jpg",
                    "text": " thumb_014.jpg",
                    "imageUrl": "http://thewalkingdead-online.com/hq/albums/HQ/17/Edicao%20099/thumb_014.jpg"
                },
                {
                    "href": "thumb_015.jpg",
                    "text": " thumb_015.jpg",
                    "imageUrl": "http://thewalkingdead-online.com/hq/albums/HQ/17/Edicao%20099/thumb_015.jpg"
                },
                {
                    "href": "thumb_016.jpg",
                    "text": " thumb_016.jpg",
                    "imageUrl": "http://thewalkingdead-online.com/hq/albums/HQ/17/Edicao%20099/thumb_016.jpg"
                },
                {
                    "href": "thumb_017.jpg",
                    "text": " thumb_017.jpg",
                    "imageUrl": "http://thewalkingdead-online.com/hq/albums/HQ/17/Edicao%20099/thumb_017.jpg"
                },
                {
                    "href": "thumb_018.jpg",
                    "text": " thumb_018.jpg",
                    "imageUrl": "http://thewalkingdead-online.com/hq/albums/HQ/17/Edicao%20099/thumb_018.jpg"
                },
                {
                    "href": "thumb_019.jpg",
                    "text": " thumb_019.jpg",
                    "imageUrl": "http://thewalkingdead-online.com/hq/albums/HQ/17/Edicao%20099/thumb_019.jpg"
                },
                {
                    "href": "thumb_020.jpg",
                    "text": " thumb_020.jpg",
                    "imageUrl": "http://thewalkingdead-online.com/hq/albums/HQ/17/Edicao%20099/thumb_020.jpg"
                },
                {
                    "href": "thumb_021.jpg",
                    "text": " thumb_021.jpg",
                    "imageUrl": "http://thewalkingdead-online.com/hq/albums/HQ/17/Edicao%20099/thumb_021.jpg"
                },
                {
                    "href": "thumb_022.jpg",
                    "text": " thumb_022.jpg",
                    "imageUrl": "http://thewalkingdead-online.com/hq/albums/HQ/17/Edicao%20099/thumb_022.jpg"
                },
                {
                    "href": "thumb_023.jpg",
                    "text": " thumb_023.jpg",
                    "imageUrl": "http://thewalkingdead-online.com/hq/albums/HQ/17/Edicao%20099/thumb_023.jpg"
                }
            ]
        },
        {
            "href": "Edicao%20100/",
            "text": " Edicao 100/",
            "images": [
                {
                    "href": "001.jpg",
                    "text": " 001.jpg",
                    "imageUrl": "http://thewalkingdead-online.com/hq/albums/HQ/17/Edicao%20100/001.jpg"
                },
                {
                    "href": "002.jpg",
                    "text": " 002.jpg",
                    "imageUrl": "http://thewalkingdead-online.com/hq/albums/HQ/17/Edicao%20100/002.jpg"
                },
                {
                    "href": "003.jpg",
                    "text": " 003.jpg",
                    "imageUrl": "http://thewalkingdead-online.com/hq/albums/HQ/17/Edicao%20100/003.jpg"
                },
                {
                    "href": "004.jpg",
                    "text": " 004.jpg",
                    "imageUrl": "http://thewalkingdead-online.com/hq/albums/HQ/17/Edicao%20100/004.jpg"
                },
                {
                    "href": "005.jpg",
                    "text": " 005.jpg",
                    "imageUrl": "http://thewalkingdead-online.com/hq/albums/HQ/17/Edicao%20100/005.jpg"
                },
                {
                    "href": "006.jpg",
                    "text": " 006.jpg",
                    "imageUrl": "http://thewalkingdead-online.com/hq/albums/HQ/17/Edicao%20100/006.jpg"
                },
                {
                    "href": "007.jpg",
                    "text": " 007.jpg",
                    "imageUrl": "http://thewalkingdead-online.com/hq/albums/HQ/17/Edicao%20100/007.jpg"
                },
                {
                    "href": "008.jpg",
                    "text": " 008.jpg",
                    "imageUrl": "http://thewalkingdead-online.com/hq/albums/HQ/17/Edicao%20100/008.jpg"
                },
                {
                    "href": "009.jpg",
                    "text": " 009.jpg",
                    "imageUrl": "http://thewalkingdead-online.com/hq/albums/HQ/17/Edicao%20100/009.jpg"
                },
                {
                    "href": "010.jpg",
                    "text": " 010.jpg",
                    "imageUrl": "http://thewalkingdead-online.com/hq/albums/HQ/17/Edicao%20100/010.jpg"
                },
                {
                    "href": "011.jpg",
                    "text": " 011.jpg",
                    "imageUrl": "http://thewalkingdead-online.com/hq/albums/HQ/17/Edicao%20100/011.jpg"
                },
                {
                    "href": "012.jpg",
                    "text": " 012.jpg",
                    "imageUrl": "http://thewalkingdead-online.com/hq/albums/HQ/17/Edicao%20100/012.jpg"
                },
                {
                    "href": "013.jpg",
                    "text": " 013.jpg",
                    "imageUrl": "http://thewalkingdead-online.com/hq/albums/HQ/17/Edicao%20100/013.jpg"
                },
                {
                    "href": "014-015.jpg",
                    "text": " 014-015.jpg",
                    "imageUrl": "http://thewalkingdead-online.com/hq/albums/HQ/17/Edicao%20100/014-015.jpg"
                },
                {
                    "href": "016.jpg",
                    "text": " 016.jpg",
                    "imageUrl": "http://thewalkingdead-online.com/hq/albums/HQ/17/Edicao%20100/016.jpg"
                },
                {
                    "href": "017.jpg",
                    "text": " 017.jpg",
                    "imageUrl": "http://thewalkingdead-online.com/hq/albums/HQ/17/Edicao%20100/017.jpg"
                },
                {
                    "href": "018.jpg",
                    "text": " 018.jpg",
                    "imageUrl": "http://thewalkingdead-online.com/hq/albums/HQ/17/Edicao%20100/018.jpg"
                },
                {
                    "href": "019.jpg",
                    "text": " 019.jpg",
                    "imageUrl": "http://thewalkingdead-online.com/hq/albums/HQ/17/Edicao%20100/019.jpg"
                },
                {
                    "href": "020.jpg",
                    "text": " 020.jpg",
                    "imageUrl": "http://thewalkingdead-online.com/hq/albums/HQ/17/Edicao%20100/020.jpg"
                },
                {
                    "href": "021.jpg",
                    "text": " 021.jpg",
                    "imageUrl": "http://thewalkingdead-online.com/hq/albums/HQ/17/Edicao%20100/021.jpg"
                },
                {
                    "href": "022.jpg",
                    "text": " 022.jpg",
                    "imageUrl": "http://thewalkingdead-online.com/hq/albums/HQ/17/Edicao%20100/022.jpg"
                },
                {
                    "href": "023.jpg",
                    "text": " 023.jpg",
                    "imageUrl": "http://thewalkingdead-online.com/hq/albums/HQ/17/Edicao%20100/023.jpg"
                },
                {
                    "href": "024.jpg",
                    "text": " 024.jpg",
                    "imageUrl": "http://thewalkingdead-online.com/hq/albums/HQ/17/Edicao%20100/024.jpg"
                },
                {
                    "href": "025.jpg",
                    "text": " 025.jpg",
                    "imageUrl": "http://thewalkingdead-online.com/hq/albums/HQ/17/Edicao%20100/025.jpg"
                },
                {
                    "href": "026.jpg",
                    "text": " 026.jpg",
                    "imageUrl": "http://thewalkingdead-online.com/hq/albums/HQ/17/Edicao%20100/026.jpg"
                },
                {
                    "href": "027.jpg",
                    "text": " 027.jpg",
                    "imageUrl": "http://thewalkingdead-online.com/hq/albums/HQ/17/Edicao%20100/027.jpg"
                },
                {
                    "href": "028.jpg",
                    "text": " 028.jpg",
                    "imageUrl": "http://thewalkingdead-online.com/hq/albums/HQ/17/Edicao%20100/028.jpg"
                },
                {
                    "href": "029.jpg",
                    "text": " 029.jpg",
                    "imageUrl": "http://thewalkingdead-online.com/hq/albums/HQ/17/Edicao%20100/029.jpg"
                },
                {
                    "href": "030.jpg",
                    "text": " 030.jpg",
                    "imageUrl": "http://thewalkingdead-online.com/hq/albums/HQ/17/Edicao%20100/030.jpg"
                },
                {
                    "href": "031.jpg",
                    "text": " 031.jpg",
                    "imageUrl": "http://thewalkingdead-online.com/hq/albums/HQ/17/Edicao%20100/031.jpg"
                },
                {
                    "href": "032.jpg",
                    "text": " 032.jpg",
                    "imageUrl": "http://thewalkingdead-online.com/hq/albums/HQ/17/Edicao%20100/032.jpg"
                },
                {
                    "href": "036.jpg",
                    "text": " 036.jpg",
                    "imageUrl": "http://thewalkingdead-online.com/hq/albums/HQ/17/Edicao%20100/036.jpg"
                },
                {
                    "href": "037.jpg",
                    "text": " 037.jpg",
                    "imageUrl": "http://thewalkingdead-online.com/hq/albums/HQ/17/Edicao%20100/037.jpg"
                },
                {
                    "href": "038_-_creditos.jpg",
                    "text": " 038_-_creditos.jpg",
                    "imageUrl": "http://thewalkingdead-online.com/hq/albums/HQ/17/Edicao%20100/038_-_creditos.jpg"
                },
                {
                    "href": "thumb_001.jpg",
                    "text": " thumb_001.jpg",
                    "imageUrl": "http://thewalkingdead-online.com/hq/albums/HQ/17/Edicao%20100/thumb_001.jpg"
                },
                {
                    "href": "thumb_002.jpg",
                    "text": " thumb_002.jpg",
                    "imageUrl": "http://thewalkingdead-online.com/hq/albums/HQ/17/Edicao%20100/thumb_002.jpg"
                },
                {
                    "href": "thumb_003.jpg",
                    "text": " thumb_003.jpg",
                    "imageUrl": "http://thewalkingdead-online.com/hq/albums/HQ/17/Edicao%20100/thumb_003.jpg"
                },
                {
                    "href": "thumb_004.jpg",
                    "text": " thumb_004.jpg",
                    "imageUrl": "http://thewalkingdead-online.com/hq/albums/HQ/17/Edicao%20100/thumb_004.jpg"
                },
                {
                    "href": "thumb_005.jpg",
                    "text": " thumb_005.jpg",
                    "imageUrl": "http://thewalkingdead-online.com/hq/albums/HQ/17/Edicao%20100/thumb_005.jpg"
                },
                {
                    "href": "thumb_006.jpg",
                    "text": " thumb_006.jpg",
                    "imageUrl": "http://thewalkingdead-online.com/hq/albums/HQ/17/Edicao%20100/thumb_006.jpg"
                },
                {
                    "href": "thumb_007.jpg",
                    "text": " thumb_007.jpg",
                    "imageUrl": "http://thewalkingdead-online.com/hq/albums/HQ/17/Edicao%20100/thumb_007.jpg"
                },
                {
                    "href": "thumb_008.jpg",
                    "text": " thumb_008.jpg",
                    "imageUrl": "http://thewalkingdead-online.com/hq/albums/HQ/17/Edicao%20100/thumb_008.jpg"
                },
                {
                    "href": "thumb_009.jpg",
                    "text": " thumb_009.jpg",
                    "imageUrl": "http://thewalkingdead-online.com/hq/albums/HQ/17/Edicao%20100/thumb_009.jpg"
                },
                {
                    "href": "thumb_010.jpg",
                    "text": " thumb_010.jpg",
                    "imageUrl": "http://thewalkingdead-online.com/hq/albums/HQ/17/Edicao%20100/thumb_010.jpg"
                },
                {
                    "href": "thumb_011.jpg",
                    "text": " thumb_011.jpg",
                    "imageUrl": "http://thewalkingdead-online.com/hq/albums/HQ/17/Edicao%20100/thumb_011.jpg"
                },
                {
                    "href": "thumb_012.jpg",
                    "text": " thumb_012.jpg",
                    "imageUrl": "http://thewalkingdead-online.com/hq/albums/HQ/17/Edicao%20100/thumb_012.jpg"
                },
                {
                    "href": "thumb_013.jpg",
                    "text": " thumb_013.jpg",
                    "imageUrl": "http://thewalkingdead-online.com/hq/albums/HQ/17/Edicao%20100/thumb_013.jpg"
                },
                {
                    "href": "thumb_014-015.jpg",
                    "text": " thumb_014-015.jpg",
                    "imageUrl": "http://thewalkingdead-online.com/hq/albums/HQ/17/Edicao%20100/thumb_014-015.jpg"
                },
                {
                    "href": "thumb_016.jpg",
                    "text": " thumb_016.jpg",
                    "imageUrl": "http://thewalkingdead-online.com/hq/albums/HQ/17/Edicao%20100/thumb_016.jpg"
                },
                {
                    "href": "thumb_017.jpg",
                    "text": " thumb_017.jpg",
                    "imageUrl": "http://thewalkingdead-online.com/hq/albums/HQ/17/Edicao%20100/thumb_017.jpg"
                },
                {
                    "href": "thumb_018.jpg",
                    "text": " thumb_018.jpg",
                    "imageUrl": "http://thewalkingdead-online.com/hq/albums/HQ/17/Edicao%20100/thumb_018.jpg"
                },
                {
                    "href": "thumb_019.jpg",
                    "text": " thumb_019.jpg",
                    "imageUrl": "http://thewalkingdead-online.com/hq/albums/HQ/17/Edicao%20100/thumb_019.jpg"
                },
                {
                    "href": "thumb_020.jpg",
                    "text": " thumb_020.jpg",
                    "imageUrl": "http://thewalkingdead-online.com/hq/albums/HQ/17/Edicao%20100/thumb_020.jpg"
                },
                {
                    "href": "thumb_021.jpg",
                    "text": " thumb_021.jpg",
                    "imageUrl": "http://thewalkingdead-online.com/hq/albums/HQ/17/Edicao%20100/thumb_021.jpg"
                },
                {
                    "href": "thumb_022.jpg",
                    "text": " thumb_022.jpg",
                    "imageUrl": "http://thewalkingdead-online.com/hq/albums/HQ/17/Edicao%20100/thumb_022.jpg"
                },
                {
                    "href": "thumb_023.jpg",
                    "text": " thumb_023.jpg",
                    "imageUrl": "http://thewalkingdead-online.com/hq/albums/HQ/17/Edicao%20100/thumb_023.jpg"
                },
                {
                    "href": "thumb_024.jpg",
                    "text": " thumb_024.jpg",
                    "imageUrl": "http://thewalkingdead-online.com/hq/albums/HQ/17/Edicao%20100/thumb_024.jpg"
                },
                {
                    "href": "thumb_025.jpg",
                    "text": " thumb_025.jpg",
                    "imageUrl": "http://thewalkingdead-online.com/hq/albums/HQ/17/Edicao%20100/thumb_025.jpg"
                },
                {
                    "href": "thumb_026.jpg",
                    "text": " thumb_026.jpg",
                    "imageUrl": "http://thewalkingdead-online.com/hq/albums/HQ/17/Edicao%20100/thumb_026.jpg"
                },
                {
                    "href": "thumb_027.jpg",
                    "text": " thumb_027.jpg",
                    "imageUrl": "http://thewalkingdead-online.com/hq/albums/HQ/17/Edicao%20100/thumb_027.jpg"
                },
                {
                    "href": "thumb_028.jpg",
                    "text": " thumb_028.jpg",
                    "imageUrl": "http://thewalkingdead-online.com/hq/albums/HQ/17/Edicao%20100/thumb_028.jpg"
                },
                {
                    "href": "thumb_029.jpg",
                    "text": " thumb_029.jpg",
                    "imageUrl": "http://thewalkingdead-online.com/hq/albums/HQ/17/Edicao%20100/thumb_029.jpg"
                },
                {
                    "href": "thumb_030.jpg",
                    "text": " thumb_030.jpg",
                    "imageUrl": "http://thewalkingdead-online.com/hq/albums/HQ/17/Edicao%20100/thumb_030.jpg"
                },
                {
                    "href": "thumb_031.jpg",
                    "text": " thumb_031.jpg",
                    "imageUrl": "http://thewalkingdead-online.com/hq/albums/HQ/17/Edicao%20100/thumb_031.jpg"
                },
                {
                    "href": "thumb_032.jpg",
                    "text": " thumb_032.jpg",
                    "imageUrl": "http://thewalkingdead-online.com/hq/albums/HQ/17/Edicao%20100/thumb_032.jpg"
                },
                {
                    "href": "thumb_036.jpg",
                    "text": " thumb_036.jpg",
                    "imageUrl": "http://thewalkingdead-online.com/hq/albums/HQ/17/Edicao%20100/thumb_036.jpg"
                },
                {
                    "href": "thumb_037.jpg",
                    "text": " thumb_037.jpg",
                    "imageUrl": "http://thewalkingdead-online.com/hq/albums/HQ/17/Edicao%20100/thumb_037.jpg"
                },
                {
                    "href": "thumb_038_-_creditos.jpg",
                    "text": " thumb_038_-_creditos.jpg",
                    "imageUrl": "http://thewalkingdead-online.com/hq/albums/HQ/17/Edicao%20100/thumb_038_-_creditos.jpg"
                }
            ]
        },
        {
            "href": "Edicao%20101/",
            "text": " Edicao 101/",
            "images": [
                {
                    "href": "001.jpg",
                    "text": " 001.jpg",
                    "imageUrl": "http://thewalkingdead-online.com/hq/albums/HQ/17/Edicao%20101/001.jpg"
                },
                {
                    "href": "002.jpg",
                    "text": " 002.jpg",
                    "imageUrl": "http://thewalkingdead-online.com/hq/albums/HQ/17/Edicao%20101/002.jpg"
                },
                {
                    "href": "003.jpg",
                    "text": " 003.jpg",
                    "imageUrl": "http://thewalkingdead-online.com/hq/albums/HQ/17/Edicao%20101/003.jpg"
                },
                {
                    "href": "004.jpg",
                    "text": " 004.jpg",
                    "imageUrl": "http://thewalkingdead-online.com/hq/albums/HQ/17/Edicao%20101/004.jpg"
                },
                {
                    "href": "005.jpg",
                    "text": " 005.jpg",
                    "imageUrl": "http://thewalkingdead-online.com/hq/albums/HQ/17/Edicao%20101/005.jpg"
                },
                {
                    "href": "006.jpg",
                    "text": " 006.jpg",
                    "imageUrl": "http://thewalkingdead-online.com/hq/albums/HQ/17/Edicao%20101/006.jpg"
                },
                {
                    "href": "007.jpg",
                    "text": " 007.jpg",
                    "imageUrl": "http://thewalkingdead-online.com/hq/albums/HQ/17/Edicao%20101/007.jpg"
                },
                {
                    "href": "008.jpg",
                    "text": " 008.jpg",
                    "imageUrl": "http://thewalkingdead-online.com/hq/albums/HQ/17/Edicao%20101/008.jpg"
                },
                {
                    "href": "009.jpg",
                    "text": " 009.jpg",
                    "imageUrl": "http://thewalkingdead-online.com/hq/albums/HQ/17/Edicao%20101/009.jpg"
                },
                {
                    "href": "010.jpg",
                    "text": " 010.jpg",
                    "imageUrl": "http://thewalkingdead-online.com/hq/albums/HQ/17/Edicao%20101/010.jpg"
                },
                {
                    "href": "011.jpg",
                    "text": " 011.jpg",
                    "imageUrl": "http://thewalkingdead-online.com/hq/albums/HQ/17/Edicao%20101/011.jpg"
                },
                {
                    "href": "012.jpg",
                    "text": " 012.jpg",
                    "imageUrl": "http://thewalkingdead-online.com/hq/albums/HQ/17/Edicao%20101/012.jpg"
                },
                {
                    "href": "013.jpg",
                    "text": " 013.jpg",
                    "imageUrl": "http://thewalkingdead-online.com/hq/albums/HQ/17/Edicao%20101/013.jpg"
                },
                {
                    "href": "014.jpg",
                    "text": " 014.jpg",
                    "imageUrl": "http://thewalkingdead-online.com/hq/albums/HQ/17/Edicao%20101/014.jpg"
                },
                {
                    "href": "015.jpg",
                    "text": " 015.jpg",
                    "imageUrl": "http://thewalkingdead-online.com/hq/albums/HQ/17/Edicao%20101/015.jpg"
                },
                {
                    "href": "016.jpg",
                    "text": " 016.jpg",
                    "imageUrl": "http://thewalkingdead-online.com/hq/albums/HQ/17/Edicao%20101/016.jpg"
                },
                {
                    "href": "017.jpg",
                    "text": " 017.jpg",
                    "imageUrl": "http://thewalkingdead-online.com/hq/albums/HQ/17/Edicao%20101/017.jpg"
                },
                {
                    "href": "018.jpg",
                    "text": " 018.jpg",
                    "imageUrl": "http://thewalkingdead-online.com/hq/albums/HQ/17/Edicao%20101/018.jpg"
                },
                {
                    "href": "019.jpg",
                    "text": " 019.jpg",
                    "imageUrl": "http://thewalkingdead-online.com/hq/albums/HQ/17/Edicao%20101/019.jpg"
                },
                {
                    "href": "020.jpg",
                    "text": " 020.jpg",
                    "imageUrl": "http://thewalkingdead-online.com/hq/albums/HQ/17/Edicao%20101/020.jpg"
                },
                {
                    "href": "021.jpg",
                    "text": " 021.jpg",
                    "imageUrl": "http://thewalkingdead-online.com/hq/albums/HQ/17/Edicao%20101/021.jpg"
                },
                {
                    "href": "022.jpg",
                    "text": " 022.jpg",
                    "imageUrl": "http://thewalkingdead-online.com/hq/albums/HQ/17/Edicao%20101/022.jpg"
                },
                {
                    "href": "thumb_001.jpg",
                    "text": " thumb_001.jpg",
                    "imageUrl": "http://thewalkingdead-online.com/hq/albums/HQ/17/Edicao%20101/thumb_001.jpg"
                },
                {
                    "href": "thumb_002.jpg",
                    "text": " thumb_002.jpg",
                    "imageUrl": "http://thewalkingdead-online.com/hq/albums/HQ/17/Edicao%20101/thumb_002.jpg"
                },
                {
                    "href": "thumb_003.jpg",
                    "text": " thumb_003.jpg",
                    "imageUrl": "http://thewalkingdead-online.com/hq/albums/HQ/17/Edicao%20101/thumb_003.jpg"
                },
                {
                    "href": "thumb_004.jpg",
                    "text": " thumb_004.jpg",
                    "imageUrl": "http://thewalkingdead-online.com/hq/albums/HQ/17/Edicao%20101/thumb_004.jpg"
                },
                {
                    "href": "thumb_005.jpg",
                    "text": " thumb_005.jpg",
                    "imageUrl": "http://thewalkingdead-online.com/hq/albums/HQ/17/Edicao%20101/thumb_005.jpg"
                },
                {
                    "href": "thumb_006.jpg",
                    "text": " thumb_006.jpg",
                    "imageUrl": "http://thewalkingdead-online.com/hq/albums/HQ/17/Edicao%20101/thumb_006.jpg"
                },
                {
                    "href": "thumb_007.jpg",
                    "text": " thumb_007.jpg",
                    "imageUrl": "http://thewalkingdead-online.com/hq/albums/HQ/17/Edicao%20101/thumb_007.jpg"
                },
                {
                    "href": "thumb_008.jpg",
                    "text": " thumb_008.jpg",
                    "imageUrl": "http://thewalkingdead-online.com/hq/albums/HQ/17/Edicao%20101/thumb_008.jpg"
                },
                {
                    "href": "thumb_009.jpg",
                    "text": " thumb_009.jpg",
                    "imageUrl": "http://thewalkingdead-online.com/hq/albums/HQ/17/Edicao%20101/thumb_009.jpg"
                },
                {
                    "href": "thumb_010.jpg",
                    "text": " thumb_010.jpg",
                    "imageUrl": "http://thewalkingdead-online.com/hq/albums/HQ/17/Edicao%20101/thumb_010.jpg"
                },
                {
                    "href": "thumb_011.jpg",
                    "text": " thumb_011.jpg",
                    "imageUrl": "http://thewalkingdead-online.com/hq/albums/HQ/17/Edicao%20101/thumb_011.jpg"
                },
                {
                    "href": "thumb_012.jpg",
                    "text": " thumb_012.jpg",
                    "imageUrl": "http://thewalkingdead-online.com/hq/albums/HQ/17/Edicao%20101/thumb_012.jpg"
                },
                {
                    "href": "thumb_013.jpg",
                    "text": " thumb_013.jpg",
                    "imageUrl": "http://thewalkingdead-online.com/hq/albums/HQ/17/Edicao%20101/thumb_013.jpg"
                },
                {
                    "href": "thumb_014.jpg",
                    "text": " thumb_014.jpg",
                    "imageUrl": "http://thewalkingdead-online.com/hq/albums/HQ/17/Edicao%20101/thumb_014.jpg"
                },
                {
                    "href": "thumb_015.jpg",
                    "text": " thumb_015.jpg",
                    "imageUrl": "http://thewalkingdead-online.com/hq/albums/HQ/17/Edicao%20101/thumb_015.jpg"
                },
                {
                    "href": "thumb_016.jpg",
                    "text": " thumb_016.jpg",
                    "imageUrl": "http://thewalkingdead-online.com/hq/albums/HQ/17/Edicao%20101/thumb_016.jpg"
                },
                {
                    "href": "thumb_017.jpg",
                    "text": " thumb_017.jpg",
                    "imageUrl": "http://thewalkingdead-online.com/hq/albums/HQ/17/Edicao%20101/thumb_017.jpg"
                },
                {
                    "href": "thumb_018.jpg",
                    "text": " thumb_018.jpg",
                    "imageUrl": "http://thewalkingdead-online.com/hq/albums/HQ/17/Edicao%20101/thumb_018.jpg"
                },
                {
                    "href": "thumb_019.jpg",
                    "text": " thumb_019.jpg",
                    "imageUrl": "http://thewalkingdead-online.com/hq/albums/HQ/17/Edicao%20101/thumb_019.jpg"
                },
                {
                    "href": "thumb_020.jpg",
                    "text": " thumb_020.jpg",
                    "imageUrl": "http://thewalkingdead-online.com/hq/albums/HQ/17/Edicao%20101/thumb_020.jpg"
                },
                {
                    "href": "thumb_021.jpg",
                    "text": " thumb_021.jpg",
                    "imageUrl": "http://thewalkingdead-online.com/hq/albums/HQ/17/Edicao%20101/thumb_021.jpg"
                },
                {
                    "href": "thumb_022.jpg",
                    "text": " thumb_022.jpg",
                    "imageUrl": "http://thewalkingdead-online.com/hq/albums/HQ/17/Edicao%20101/thumb_022.jpg"
                }
            ]
        },
        {
            "href": "Edicao%20102/",
            "text": " Edicao 102/",
            "images": [
                {
                    "href": "001.jpg",
                    "text": " 001.jpg",
                    "imageUrl": "http://thewalkingdead-online.com/hq/albums/HQ/17/Edicao%20102/001.jpg"
                },
                {
                    "href": "002.jpg",
                    "text": " 002.jpg",
                    "imageUrl": "http://thewalkingdead-online.com/hq/albums/HQ/17/Edicao%20102/002.jpg"
                },
                {
                    "href": "003.jpg",
                    "text": " 003.jpg",
                    "imageUrl": "http://thewalkingdead-online.com/hq/albums/HQ/17/Edicao%20102/003.jpg"
                },
                {
                    "href": "004.jpg",
                    "text": " 004.jpg",
                    "imageUrl": "http://thewalkingdead-online.com/hq/albums/HQ/17/Edicao%20102/004.jpg"
                },
                {
                    "href": "005.jpg",
                    "text": " 005.jpg",
                    "imageUrl": "http://thewalkingdead-online.com/hq/albums/HQ/17/Edicao%20102/005.jpg"
                },
                {
                    "href": "006.jpg",
                    "text": " 006.jpg",
                    "imageUrl": "http://thewalkingdead-online.com/hq/albums/HQ/17/Edicao%20102/006.jpg"
                },
                {
                    "href": "007.jpg",
                    "text": " 007.jpg",
                    "imageUrl": "http://thewalkingdead-online.com/hq/albums/HQ/17/Edicao%20102/007.jpg"
                },
                {
                    "href": "008.jpg",
                    "text": " 008.jpg",
                    "imageUrl": "http://thewalkingdead-online.com/hq/albums/HQ/17/Edicao%20102/008.jpg"
                },
                {
                    "href": "009.jpg",
                    "text": " 009.jpg",
                    "imageUrl": "http://thewalkingdead-online.com/hq/albums/HQ/17/Edicao%20102/009.jpg"
                },
                {
                    "href": "010.jpg",
                    "text": " 010.jpg",
                    "imageUrl": "http://thewalkingdead-online.com/hq/albums/HQ/17/Edicao%20102/010.jpg"
                },
                {
                    "href": "011.jpg",
                    "text": " 011.jpg",
                    "imageUrl": "http://thewalkingdead-online.com/hq/albums/HQ/17/Edicao%20102/011.jpg"
                },
                {
                    "href": "012.jpg",
                    "text": " 012.jpg",
                    "imageUrl": "http://thewalkingdead-online.com/hq/albums/HQ/17/Edicao%20102/012.jpg"
                },
                {
                    "href": "013.jpg",
                    "text": " 013.jpg",
                    "imageUrl": "http://thewalkingdead-online.com/hq/albums/HQ/17/Edicao%20102/013.jpg"
                },
                {
                    "href": "014.jpg",
                    "text": " 014.jpg",
                    "imageUrl": "http://thewalkingdead-online.com/hq/albums/HQ/17/Edicao%20102/014.jpg"
                },
                {
                    "href": "015.jpg",
                    "text": " 015.jpg",
                    "imageUrl": "http://thewalkingdead-online.com/hq/albums/HQ/17/Edicao%20102/015.jpg"
                },
                {
                    "href": "016.jpg",
                    "text": " 016.jpg",
                    "imageUrl": "http://thewalkingdead-online.com/hq/albums/HQ/17/Edicao%20102/016.jpg"
                },
                {
                    "href": "017.jpg",
                    "text": " 017.jpg",
                    "imageUrl": "http://thewalkingdead-online.com/hq/albums/HQ/17/Edicao%20102/017.jpg"
                },
                {
                    "href": "018.jpg",
                    "text": " 018.jpg",
                    "imageUrl": "http://thewalkingdead-online.com/hq/albums/HQ/17/Edicao%20102/018.jpg"
                },
                {
                    "href": "019.jpg",
                    "text": " 019.jpg",
                    "imageUrl": "http://thewalkingdead-online.com/hq/albums/HQ/17/Edicao%20102/019.jpg"
                },
                {
                    "href": "020.jpg",
                    "text": " 020.jpg",
                    "imageUrl": "http://thewalkingdead-online.com/hq/albums/HQ/17/Edicao%20102/020.jpg"
                },
                {
                    "href": "021.jpg",
                    "text": " 021.jpg",
                    "imageUrl": "http://thewalkingdead-online.com/hq/albums/HQ/17/Edicao%20102/021.jpg"
                },
                {
                    "href": "022.jpg",
                    "text": " 022.jpg",
                    "imageUrl": "http://thewalkingdead-online.com/hq/albums/HQ/17/Edicao%20102/022.jpg"
                },
                {
                    "href": "023.jpg",
                    "text": " 023.jpg",
                    "imageUrl": "http://thewalkingdead-online.com/hq/albums/HQ/17/Edicao%20102/023.jpg"
                },
                {
                    "href": "024.jpg",
                    "text": " 024.jpg",
                    "imageUrl": "http://thewalkingdead-online.com/hq/albums/HQ/17/Edicao%20102/024.jpg"
                },
                {
                    "href": "X-creditos.jpg",
                    "text": " X-creditos.jpg",
                    "imageUrl": "http://thewalkingdead-online.com/hq/albums/HQ/17/Edicao%20102/X-creditos.jpg"
                },
                {
                    "href": "thumb_001.jpg",
                    "text": " thumb_001.jpg",
                    "imageUrl": "http://thewalkingdead-online.com/hq/albums/HQ/17/Edicao%20102/thumb_001.jpg"
                },
                {
                    "href": "thumb_002.jpg",
                    "text": " thumb_002.jpg",
                    "imageUrl": "http://thewalkingdead-online.com/hq/albums/HQ/17/Edicao%20102/thumb_002.jpg"
                },
                {
                    "href": "thumb_003.jpg",
                    "text": " thumb_003.jpg",
                    "imageUrl": "http://thewalkingdead-online.com/hq/albums/HQ/17/Edicao%20102/thumb_003.jpg"
                },
                {
                    "href": "thumb_004.jpg",
                    "text": " thumb_004.jpg",
                    "imageUrl": "http://thewalkingdead-online.com/hq/albums/HQ/17/Edicao%20102/thumb_004.jpg"
                },
                {
                    "href": "thumb_005.jpg",
                    "text": " thumb_005.jpg",
                    "imageUrl": "http://thewalkingdead-online.com/hq/albums/HQ/17/Edicao%20102/thumb_005.jpg"
                },
                {
                    "href": "thumb_006.jpg",
                    "text": " thumb_006.jpg",
                    "imageUrl": "http://thewalkingdead-online.com/hq/albums/HQ/17/Edicao%20102/thumb_006.jpg"
                },
                {
                    "href": "thumb_007.jpg",
                    "text": " thumb_007.jpg",
                    "imageUrl": "http://thewalkingdead-online.com/hq/albums/HQ/17/Edicao%20102/thumb_007.jpg"
                },
                {
                    "href": "thumb_008.jpg",
                    "text": " thumb_008.jpg",
                    "imageUrl": "http://thewalkingdead-online.com/hq/albums/HQ/17/Edicao%20102/thumb_008.jpg"
                },
                {
                    "href": "thumb_009.jpg",
                    "text": " thumb_009.jpg",
                    "imageUrl": "http://thewalkingdead-online.com/hq/albums/HQ/17/Edicao%20102/thumb_009.jpg"
                },
                {
                    "href": "thumb_010.jpg",
                    "text": " thumb_010.jpg",
                    "imageUrl": "http://thewalkingdead-online.com/hq/albums/HQ/17/Edicao%20102/thumb_010.jpg"
                },
                {
                    "href": "thumb_011.jpg",
                    "text": " thumb_011.jpg",
                    "imageUrl": "http://thewalkingdead-online.com/hq/albums/HQ/17/Edicao%20102/thumb_011.jpg"
                },
                {
                    "href": "thumb_012.jpg",
                    "text": " thumb_012.jpg",
                    "imageUrl": "http://thewalkingdead-online.com/hq/albums/HQ/17/Edicao%20102/thumb_012.jpg"
                },
                {
                    "href": "thumb_013.jpg",
                    "text": " thumb_013.jpg",
                    "imageUrl": "http://thewalkingdead-online.com/hq/albums/HQ/17/Edicao%20102/thumb_013.jpg"
                },
                {
                    "href": "thumb_014.jpg",
                    "text": " thumb_014.jpg",
                    "imageUrl": "http://thewalkingdead-online.com/hq/albums/HQ/17/Edicao%20102/thumb_014.jpg"
                },
                {
                    "href": "thumb_015.jpg",
                    "text": " thumb_015.jpg",
                    "imageUrl": "http://thewalkingdead-online.com/hq/albums/HQ/17/Edicao%20102/thumb_015.jpg"
                },
                {
                    "href": "thumb_016.jpg",
                    "text": " thumb_016.jpg",
                    "imageUrl": "http://thewalkingdead-online.com/hq/albums/HQ/17/Edicao%20102/thumb_016.jpg"
                },
                {
                    "href": "thumb_017.jpg",
                    "text": " thumb_017.jpg",
                    "imageUrl": "http://thewalkingdead-online.com/hq/albums/HQ/17/Edicao%20102/thumb_017.jpg"
                },
                {
                    "href": "thumb_018.jpg",
                    "text": " thumb_018.jpg",
                    "imageUrl": "http://thewalkingdead-online.com/hq/albums/HQ/17/Edicao%20102/thumb_018.jpg"
                },
                {
                    "href": "thumb_019.jpg",
                    "text": " thumb_019.jpg",
                    "imageUrl": "http://thewalkingdead-online.com/hq/albums/HQ/17/Edicao%20102/thumb_019.jpg"
                },
                {
                    "href": "thumb_020.jpg",
                    "text": " thumb_020.jpg",
                    "imageUrl": "http://thewalkingdead-online.com/hq/albums/HQ/17/Edicao%20102/thumb_020.jpg"
                },
                {
                    "href": "thumb_021.jpg",
                    "text": " thumb_021.jpg",
                    "imageUrl": "http://thewalkingdead-online.com/hq/albums/HQ/17/Edicao%20102/thumb_021.jpg"
                },
                {
                    "href": "thumb_022.jpg",
                    "text": " thumb_022.jpg",
                    "imageUrl": "http://thewalkingdead-online.com/hq/albums/HQ/17/Edicao%20102/thumb_022.jpg"
                },
                {
                    "href": "thumb_023.jpg",
                    "text": " thumb_023.jpg",
                    "imageUrl": "http://thewalkingdead-online.com/hq/albums/HQ/17/Edicao%20102/thumb_023.jpg"
                },
                {
                    "href": "thumb_024.jpg",
                    "text": " thumb_024.jpg",
                    "imageUrl": "http://thewalkingdead-online.com/hq/albums/HQ/17/Edicao%20102/thumb_024.jpg"
                },
                {
                    "href": "thumb_X-creditos.jpg",
                    "text": " thumb_X-creditos.jpg",
                    "imageUrl": "http://thewalkingdead-online.com/hq/albums/HQ/17/Edicao%20102/thumb_X-creditos.jpg"
                }
            ]
        }
    ]
}