{
    "href": "18/",
    "text": " 18/",
    "chapters": [
        {
            "href": "",
            "text": "18/",
            "images": [
                {
                    "href": "001.jpg",
                    "text": " 001.jpg",
                    "imageUrl": "http://thewalkingdead-online.com/hq/albums/HQ/18/001.jpg"
                },
                {
                    "href": "002.jpg",
                    "text": " 002.jpg",
                    "imageUrl": "http://thewalkingdead-online.com/hq/albums/HQ/18/002.jpg"
                },
                {
                    "href": "003.jpg",
                    "text": " 003.jpg",
                    "imageUrl": "http://thewalkingdead-online.com/hq/albums/HQ/18/003.jpg"
                },
                {
                    "href": "004.jpg",
                    "text": " 004.jpg",
                    "imageUrl": "http://thewalkingdead-online.com/hq/albums/HQ/18/004.jpg"
                },
                {
                    "href": "005.jpg",
                    "text": " 005.jpg",
                    "imageUrl": "http://thewalkingdead-online.com/hq/albums/HQ/18/005.jpg"
                },
                {
                    "href": "006.jpg",
                    "text": " 006.jpg",
                    "imageUrl": "http://thewalkingdead-online.com/hq/albums/HQ/18/006.jpg"
                },
                {
                    "href": "007.jpg",
                    "text": " 007.jpg",
                    "imageUrl": "http://thewalkingdead-online.com/hq/albums/HQ/18/007.jpg"
                },
                {
                    "href": "008.jpg",
                    "text": " 008.jpg",
                    "imageUrl": "http://thewalkingdead-online.com/hq/albums/HQ/18/008.jpg"
                },
                {
                    "href": "009.jpg",
                    "text": " 009.jpg",
                    "imageUrl": "http://thewalkingdead-online.com/hq/albums/HQ/18/009.jpg"
                },
                {
                    "href": "010.jpg",
                    "text": " 010.jpg",
                    "imageUrl": "http://thewalkingdead-online.com/hq/albums/HQ/18/010.jpg"
                },
                {
                    "href": "011.jpg",
                    "text": " 011.jpg",
                    "imageUrl": "http://thewalkingdead-online.com/hq/albums/HQ/18/011.jpg"
                },
                {
                    "href": "012.jpg",
                    "text": " 012.jpg",
                    "imageUrl": "http://thewalkingdead-online.com/hq/albums/HQ/18/012.jpg"
                },
                {
                    "href": "013.jpg",
                    "text": " 013.jpg",
                    "imageUrl": "http://thewalkingdead-online.com/hq/albums/HQ/18/013.jpg"
                },
                {
                    "href": "014.jpg",
                    "text": " 014.jpg",
                    "imageUrl": "http://thewalkingdead-online.com/hq/albums/HQ/18/014.jpg"
                },
                {
                    "href": "015.jpg",
                    "text": " 015.jpg",
                    "imageUrl": "http://thewalkingdead-online.com/hq/albums/HQ/18/015.jpg"
                },
                {
                    "href": "016.jpg",
                    "text": " 016.jpg",
                    "imageUrl": "http://thewalkingdead-online.com/hq/albums/HQ/18/016.jpg"
                },
                {
                    "href": "017.jpg",
                    "text": " 017.jpg",
                    "imageUrl": "http://thewalkingdead-online.com/hq/albums/HQ/18/017.jpg"
                },
                {
                    "href": "018.jpg",
                    "text": " 018.jpg",
                    "imageUrl": "http://thewalkingdead-online.com/hq/albums/HQ/18/018.jpg"
                },
                {
                    "href": "019.jpg",
                    "text": " 019.jpg",
                    "imageUrl": "http://thewalkingdead-online.com/hq/albums/HQ/18/019.jpg"
                },
                {
                    "href": "020.jpg",
                    "text": " 020.jpg",
                    "imageUrl": "http://thewalkingdead-online.com/hq/albums/HQ/18/020.jpg"
                },
                {
                    "href": "021.jpg",
                    "text": " 021.jpg",
                    "imageUrl": "http://thewalkingdead-online.com/hq/albums/HQ/18/021.jpg"
                },
                {
                    "href": "022.jpg",
                    "text": " 022.jpg",
                    "imageUrl": "http://thewalkingdead-online.com/hq/albums/HQ/18/022.jpg"
                },
                {
                    "href": "023.jpg",
                    "text": " 023.jpg",
                    "imageUrl": "http://thewalkingdead-online.com/hq/albums/HQ/18/023.jpg"
                },
                {
                    "href": "024.jpg",
                    "text": " 024.jpg",
                    "imageUrl": "http://thewalkingdead-online.com/hq/albums/HQ/18/024.jpg"
                },
                {
                    "href": "Edicao104/",
                    "text": " Edicao104/",
                    "imageUrl": "http://thewalkingdead-online.com/hq/albums/HQ/18/Edicao104/"
                },
                {
                    "href": "Edicao105/",
                    "text": " Edicao105/",
                    "imageUrl": "http://thewalkingdead-online.com/hq/albums/HQ/18/Edicao105/"
                },
                {
                    "href": "Edicao106/",
                    "text": " Edicao106/",
                    "imageUrl": "http://thewalkingdead-online.com/hq/albums/HQ/18/Edicao106/"
                },
                {
                    "href": "Edicao107/",
                    "text": " Edicao107/",
                    "imageUrl": "http://thewalkingdead-online.com/hq/albums/HQ/18/Edicao107/"
                },
                {
                    "href": "Edicao108/",
                    "text": " Edicao108/",
                    "imageUrl": "http://thewalkingdead-online.com/hq/albums/HQ/18/Edicao108/"
                },
                {
                    "href": "thumb_001.jpg",
                    "text": " thumb_001.jpg",
                    "imageUrl": "http://thewalkingdead-online.com/hq/albums/HQ/18/thumb_001.jpg"
                },
                {
                    "href": "thumb_002.jpg",
                    "text": " thumb_002.jpg",
                    "imageUrl": "http://thewalkingdead-online.com/hq/albums/HQ/18/thumb_002.jpg"
                },
                {
                    "href": "thumb_003.jpg",
                    "text": " thumb_003.jpg",
                    "imageUrl": "http://thewalkingdead-online.com/hq/albums/HQ/18/thumb_003.jpg"
                },
                {
                    "href": "thumb_004.jpg",
                    "text": " thumb_004.jpg",
                    "imageUrl": "http://thewalkingdead-online.com/hq/albums/HQ/18/thumb_004.jpg"
                },
                {
                    "href": "thumb_005.jpg",
                    "text": " thumb_005.jpg",
                    "imageUrl": "http://thewalkingdead-online.com/hq/albums/HQ/18/thumb_005.jpg"
                },
                {
                    "href": "thumb_006.jpg",
                    "text": " thumb_006.jpg",
                    "imageUrl": "http://thewalkingdead-online.com/hq/albums/HQ/18/thumb_006.jpg"
                },
                {
                    "href": "thumb_007.jpg",
                    "text": " thumb_007.jpg",
                    "imageUrl": "http://thewalkingdead-online.com/hq/albums/HQ/18/thumb_007.jpg"
                },
                {
                    "href": "thumb_008.jpg",
                    "text": " thumb_008.jpg",
                    "imageUrl": "http://thewalkingdead-online.com/hq/albums/HQ/18/thumb_008.jpg"
                },
                {
                    "href": "thumb_009.jpg",
                    "text": " thumb_009.jpg",
                    "imageUrl": "http://thewalkingdead-online.com/hq/albums/HQ/18/thumb_009.jpg"
                },
                {
                    "href": "thumb_010.jpg",
                    "text": " thumb_010.jpg",
                    "imageUrl": "http://thewalkingdead-online.com/hq/albums/HQ/18/thumb_010.jpg"
                },
                {
                    "href": "thumb_011.jpg",
                    "text": " thumb_011.jpg",
                    "imageUrl": "http://thewalkingdead-online.com/hq/albums/HQ/18/thumb_011.jpg"
                },
                {
                    "href": "thumb_012.jpg",
                    "text": " thumb_012.jpg",
                    "imageUrl": "http://thewalkingdead-online.com/hq/albums/HQ/18/thumb_012.jpg"
                },
                {
                    "href": "thumb_013.jpg",
                    "text": " thumb_013.jpg",
                    "imageUrl": "http://thewalkingdead-online.com/hq/albums/HQ/18/thumb_013.jpg"
                },
                {
                    "href": "thumb_014.jpg",
                    "text": " thumb_014.jpg",
                    "imageUrl": "http://thewalkingdead-online.com/hq/albums/HQ/18/thumb_014.jpg"
                },
                {
                    "href": "thumb_015.jpg",
                    "text": " thumb_015.jpg",
                    "imageUrl": "http://thewalkingdead-online.com/hq/albums/HQ/18/thumb_015.jpg"
                },
                {
                    "href": "thumb_016.jpg",
                    "text": " thumb_016.jpg",
                    "imageUrl": "http://thewalkingdead-online.com/hq/albums/HQ/18/thumb_016.jpg"
                },
                {
                    "href": "thumb_017.jpg",
                    "text": " thumb_017.jpg",
                    "imageUrl": "http://thewalkingdead-online.com/hq/albums/HQ/18/thumb_017.jpg"
                },
                {
                    "href": "thumb_018.jpg",
                    "text": " thumb_018.jpg",
                    "imageUrl": "http://thewalkingdead-online.com/hq/albums/HQ/18/thumb_018.jpg"
                },
                {
                    "href": "thumb_019.jpg",
                    "text": " thumb_019.jpg",
                    "imageUrl": "http://thewalkingdead-online.com/hq/albums/HQ/18/thumb_019.jpg"
                },
                {
                    "href": "thumb_020.jpg",
                    "text": " thumb_020.jpg",
                    "imageUrl": "http://thewalkingdead-online.com/hq/albums/HQ/18/thumb_020.jpg"
                },
                {
                    "href": "thumb_021.jpg",
                    "text": " thumb_021.jpg",
                    "imageUrl": "http://thewalkingdead-online.com/hq/albums/HQ/18/thumb_021.jpg"
                },
                {
                    "href": "thumb_022.jpg",
                    "text": " thumb_022.jpg",
                    "imageUrl": "http://thewalkingdead-online.com/hq/albums/HQ/18/thumb_022.jpg"
                },
                {
                    "href": "thumb_023.jpg",
                    "text": " thumb_023.jpg",
                    "imageUrl": "http://thewalkingdead-online.com/hq/albums/HQ/18/thumb_023.jpg"
                },
                {
                    "href": "thumb_024.jpg",
                    "text": " thumb_024.jpg",
                    "imageUrl": "http://thewalkingdead-online.com/hq/albums/HQ/18/thumb_024.jpg"
                }
            ]
        }
    ]
}