{
    "href": "19/",
    "text": " 19/",
    "chapters": [
        {
            "href": "Edicao109/",
            "text": " Edicao109/",
            "images": [
                {
                    "href": "The_Walking_Dead_109-000.jpg",
                    "text": " The_Walking_Dead_109-000.jpg",
                    "imageUrl": "http://thewalkingdead-online.com/hq/albums/HQ/19/Edicao109/The_Walking_Dead_109-000.jpg"
                },
                {
                    "href": "The_Walking_Dead_109-001.jpg",
                    "text": " The_Walking_Dead_109-001.jpg",
                    "imageUrl": "http://thewalkingdead-online.com/hq/albums/HQ/19/Edicao109/The_Walking_Dead_109-001.jpg"
                },
                {
                    "href": "The_Walking_Dead_109-002.jpg",
                    "text": " The_Walking_Dead_109-002.jpg",
                    "imageUrl": "http://thewalkingdead-online.com/hq/albums/HQ/19/Edicao109/The_Walking_Dead_109-002.jpg"
                },
                {
                    "href": "The_Walking_Dead_109-003.jpg",
                    "text": " The_Walking_Dead_109-003.jpg",
                    "imageUrl": "http://thewalkingdead-online.com/hq/albums/HQ/19/Edicao109/The_Walking_Dead_109-003.jpg"
                },
                {
                    "href": "The_Walking_Dead_109-004.jpg",
                    "text": " The_Walking_Dead_109-004.jpg",
                    "imageUrl": "http://thewalkingdead-online.com/hq/albums/HQ/19/Edicao109/The_Walking_Dead_109-004.jpg"
                },
                {
                    "href": "The_Walking_Dead_109-005.jpg",
                    "text": " The_Walking_Dead_109-005.jpg",
                    "imageUrl": "http://thewalkingdead-online.com/hq/albums/HQ/19/Edicao109/The_Walking_Dead_109-005.jpg"
                },
                {
                    "href": "The_Walking_Dead_109-006.jpg",
                    "text": " The_Walking_Dead_109-006.jpg",
                    "imageUrl": "http://thewalkingdead-online.com/hq/albums/HQ/19/Edicao109/The_Walking_Dead_109-006.jpg"
                },
                {
                    "href": "The_Walking_Dead_109-007.jpg",
                    "text": " The_Walking_Dead_109-007.jpg",
                    "imageUrl": "http://thewalkingdead-online.com/hq/albums/HQ/19/Edicao109/The_Walking_Dead_109-007.jpg"
                },
                {
                    "href": "The_Walking_Dead_109-008.jpg",
                    "text": " The_Walking_Dead_109-008.jpg",
                    "imageUrl": "http://thewalkingdead-online.com/hq/albums/HQ/19/Edicao109/The_Walking_Dead_109-008.jpg"
                },
                {
                    "href": "The_Walking_Dead_109-009.jpg",
                    "text": " The_Walking_Dead_109-009.jpg",
                    "imageUrl": "http://thewalkingdead-online.com/hq/albums/HQ/19/Edicao109/The_Walking_Dead_109-009.jpg"
                },
                {
                    "href": "The_Walking_Dead_109-010.jpg",
                    "text": " The_Walking_Dead_109-010.jpg",
                    "imageUrl": "http://thewalkingdead-online.com/hq/albums/HQ/19/Edicao109/The_Walking_Dead_109-010.jpg"
                },
                {
                    "href": "The_Walking_Dead_109-011.jpg",
                    "text": " The_Walking_Dead_109-011.jpg",
                    "imageUrl": "http://thewalkingdead-online.com/hq/albums/HQ/19/Edicao109/The_Walking_Dead_109-011.jpg"
                },
                {
                    "href": "The_Walking_Dead_109-012.jpg",
                    "text": " The_Walking_Dead_109-012.jpg",
                    "imageUrl": "http://thewalkingdead-online.com/hq/albums/HQ/19/Edicao109/The_Walking_Dead_109-012.jpg"
                },
                {
                    "href": "The_Walking_Dead_109-013.jpg",
                    "text": " The_Walking_Dead_109-013.jpg",
                    "imageUrl": "http://thewalkingdead-online.com/hq/albums/HQ/19/Edicao109/The_Walking_Dead_109-013.jpg"
                },
                {
                    "href": "The_Walking_Dead_109-014.jpg",
                    "text": " The_Walking_Dead_109-014.jpg",
                    "imageUrl": "http://thewalkingdead-online.com/hq/albums/HQ/19/Edicao109/The_Walking_Dead_109-014.jpg"
                },
                {
                    "href": "The_Walking_Dead_109-015.jpg",
                    "text": " The_Walking_Dead_109-015.jpg",
                    "imageUrl": "http://thewalkingdead-online.com/hq/albums/HQ/19/Edicao109/The_Walking_Dead_109-015.jpg"
                },
                {
                    "href": "The_Walking_Dead_109-016.jpg",
                    "text": " The_Walking_Dead_109-016.jpg",
                    "imageUrl": "http://thewalkingdead-online.com/hq/albums/HQ/19/Edicao109/The_Walking_Dead_109-016.jpg"
                },
                {
                    "href": "The_Walking_Dead_109-017.jpg",
                    "text": " The_Walking_Dead_109-017.jpg",
                    "imageUrl": "http://thewalkingdead-online.com/hq/albums/HQ/19/Edicao109/The_Walking_Dead_109-017.jpg"
                },
                {
                    "href": "The_Walking_Dead_109-018.jpg",
                    "text": " The_Walking_Dead_109-018.jpg",
                    "imageUrl": "http://thewalkingdead-online.com/hq/albums/HQ/19/Edicao109/The_Walking_Dead_109-018.jpg"
                },
                {
                    "href": "The_Walking_Dead_109-019.jpg",
                    "text": " The_Walking_Dead_109-019.jpg",
                    "imageUrl": "http://thewalkingdead-online.com/hq/albums/HQ/19/Edicao109/The_Walking_Dead_109-019.jpg"
                },
                {
                    "href": "The_Walking_Dead_109-020.jpg",
                    "text": " The_Walking_Dead_109-020.jpg",
                    "imageUrl": "http://thewalkingdead-online.com/hq/albums/HQ/19/Edicao109/The_Walking_Dead_109-020.jpg"
                },
                {
                    "href": "The_Walking_Dead_109-021.jpg",
                    "text": " The_Walking_Dead_109-021.jpg",
                    "imageUrl": "http://thewalkingdead-online.com/hq/albums/HQ/19/Edicao109/The_Walking_Dead_109-021.jpg"
                },
                {
                    "href": "The_Walking_Dead_109-022.jpg",
                    "text": " The_Walking_Dead_109-022.jpg",
                    "imageUrl": "http://thewalkingdead-online.com/hq/albums/HQ/19/Edicao109/The_Walking_Dead_109-022.jpg"
                },
                {
                    "href": "The_Walking_Dead_109-023.jpg",
                    "text": " The_Walking_Dead_109-023.jpg",
                    "imageUrl": "http://thewalkingdead-online.com/hq/albums/HQ/19/Edicao109/The_Walking_Dead_109-023.jpg"
                },
                {
                    "href": "X_-_creditos.jpg",
                    "text": " X_-_creditos.jpg",
                    "imageUrl": "http://thewalkingdead-online.com/hq/albums/HQ/19/Edicao109/X_-_creditos.jpg"
                },
                {
                    "href": "thumb_The_Walking_Dead_109-000.jpg",
                    "text": " thumb_The_Walking_Dead_109-000.jpg",
                    "imageUrl": "http://thewalkingdead-online.com/hq/albums/HQ/19/Edicao109/thumb_The_Walking_Dead_109-000.jpg"
                },
                {
                    "href": "thumb_The_Walking_Dead_109-001.jpg",
                    "text": " thumb_The_Walking_Dead_109-001.jpg",
                    "imageUrl": "http://thewalkingdead-online.com/hq/albums/HQ/19/Edicao109/thumb_The_Walking_Dead_109-001.jpg"
                },
                {
                    "href": "thumb_The_Walking_Dead_109-002.jpg",
                    "text": " thumb_The_Walking_Dead_109-002.jpg",
                    "imageUrl": "http://thewalkingdead-online.com/hq/albums/HQ/19/Edicao109/thumb_The_Walking_Dead_109-002.jpg"
                },
                {
                    "href": "thumb_The_Walking_Dead_109-003.jpg",
                    "text": " thumb_The_Walking_Dead_109-003.jpg",
                    "imageUrl": "http://thewalkingdead-online.com/hq/albums/HQ/19/Edicao109/thumb_The_Walking_Dead_109-003.jpg"
                },
                {
                    "href": "thumb_The_Walking_Dead_109-004.jpg",
                    "text": " thumb_The_Walking_Dead_109-004.jpg",
                    "imageUrl": "http://thewalkingdead-online.com/hq/albums/HQ/19/Edicao109/thumb_The_Walking_Dead_109-004.jpg"
                },
                {
                    "href": "thumb_The_Walking_Dead_109-005.jpg",
                    "text": " thumb_The_Walking_Dead_109-005.jpg",
                    "imageUrl": "http://thewalkingdead-online.com/hq/albums/HQ/19/Edicao109/thumb_The_Walking_Dead_109-005.jpg"
                },
                {
                    "href": "thumb_The_Walking_Dead_109-006.jpg",
                    "text": " thumb_The_Walking_Dead_109-006.jpg",
                    "imageUrl": "http://thewalkingdead-online.com/hq/albums/HQ/19/Edicao109/thumb_The_Walking_Dead_109-006.jpg"
                },
                {
                    "href": "thumb_The_Walking_Dead_109-007.jpg",
                    "text": " thumb_The_Walking_Dead_109-007.jpg",
                    "imageUrl": "http://thewalkingdead-online.com/hq/albums/HQ/19/Edicao109/thumb_The_Walking_Dead_109-007.jpg"
                },
                {
                    "href": "thumb_The_Walking_Dead_109-008.jpg",
                    "text": " thumb_The_Walking_Dead_109-008.jpg",
                    "imageUrl": "http://thewalkingdead-online.com/hq/albums/HQ/19/Edicao109/thumb_The_Walking_Dead_109-008.jpg"
                },
                {
                    "href": "thumb_The_Walking_Dead_109-009.jpg",
                    "text": " thumb_The_Walking_Dead_109-009.jpg",
                    "imageUrl": "http://thewalkingdead-online.com/hq/albums/HQ/19/Edicao109/thumb_The_Walking_Dead_109-009.jpg"
                },
                {
                    "href": "thumb_The_Walking_Dead_109-010.jpg",
                    "text": " thumb_The_Walking_Dead_109-010.jpg",
                    "imageUrl": "http://thewalkingdead-online.com/hq/albums/HQ/19/Edicao109/thumb_The_Walking_Dead_109-010.jpg"
                },
                {
                    "href": "thumb_The_Walking_Dead_109-011.jpg",
                    "text": " thumb_The_Walking_Dead_109-011.jpg",
                    "imageUrl": "http://thewalkingdead-online.com/hq/albums/HQ/19/Edicao109/thumb_The_Walking_Dead_109-011.jpg"
                },
                {
                    "href": "thumb_The_Walking_Dead_109-012.jpg",
                    "text": " thumb_The_Walking_Dead_109-012.jpg",
                    "imageUrl": "http://thewalkingdead-online.com/hq/albums/HQ/19/Edicao109/thumb_The_Walking_Dead_109-012.jpg"
                },
                {
                    "href": "thumb_The_Walking_Dead_109-013.jpg",
                    "text": " thumb_The_Walking_Dead_109-013.jpg",
                    "imageUrl": "http://thewalkingdead-online.com/hq/albums/HQ/19/Edicao109/thumb_The_Walking_Dead_109-013.jpg"
                },
                {
                    "href": "thumb_The_Walking_Dead_109-014.jpg",
                    "text": " thumb_The_Walking_Dead_109-014.jpg",
                    "imageUrl": "http://thewalkingdead-online.com/hq/albums/HQ/19/Edicao109/thumb_The_Walking_Dead_109-014.jpg"
                },
                {
                    "href": "thumb_The_Walking_Dead_109-015.jpg",
                    "text": " thumb_The_Walking_Dead_109-015.jpg",
                    "imageUrl": "http://thewalkingdead-online.com/hq/albums/HQ/19/Edicao109/thumb_The_Walking_Dead_109-015.jpg"
                },
                {
                    "href": "thumb_The_Walking_Dead_109-016.jpg",
                    "text": " thumb_The_Walking_Dead_109-016.jpg",
                    "imageUrl": "http://thewalkingdead-online.com/hq/albums/HQ/19/Edicao109/thumb_The_Walking_Dead_109-016.jpg"
                },
                {
                    "href": "thumb_The_Walking_Dead_109-017.jpg",
                    "text": " thumb_The_Walking_Dead_109-017.jpg",
                    "imageUrl": "http://thewalkingdead-online.com/hq/albums/HQ/19/Edicao109/thumb_The_Walking_Dead_109-017.jpg"
                },
                {
                    "href": "thumb_The_Walking_Dead_109-018.jpg",
                    "text": " thumb_The_Walking_Dead_109-018.jpg",
                    "imageUrl": "http://thewalkingdead-online.com/hq/albums/HQ/19/Edicao109/thumb_The_Walking_Dead_109-018.jpg"
                },
                {
                    "href": "thumb_The_Walking_Dead_109-019.jpg",
                    "text": " thumb_The_Walking_Dead_109-019.jpg",
                    "imageUrl": "http://thewalkingdead-online.com/hq/albums/HQ/19/Edicao109/thumb_The_Walking_Dead_109-019.jpg"
                },
                {
                    "href": "thumb_The_Walking_Dead_109-020.jpg",
                    "text": " thumb_The_Walking_Dead_109-020.jpg",
                    "imageUrl": "http://thewalkingdead-online.com/hq/albums/HQ/19/Edicao109/thumb_The_Walking_Dead_109-020.jpg"
                },
                {
                    "href": "thumb_The_Walking_Dead_109-021.jpg",
                    "text": " thumb_The_Walking_Dead_109-021.jpg",
                    "imageUrl": "http://thewalkingdead-online.com/hq/albums/HQ/19/Edicao109/thumb_The_Walking_Dead_109-021.jpg"
                },
                {
                    "href": "thumb_The_Walking_Dead_109-022.jpg",
                    "text": " thumb_The_Walking_Dead_109-022.jpg",
                    "imageUrl": "http://thewalkingdead-online.com/hq/albums/HQ/19/Edicao109/thumb_The_Walking_Dead_109-022.jpg"
                },
                {
                    "href": "thumb_The_Walking_Dead_109-023.jpg",
                    "text": " thumb_The_Walking_Dead_109-023.jpg",
                    "imageUrl": "http://thewalkingdead-online.com/hq/albums/HQ/19/Edicao109/thumb_The_Walking_Dead_109-023.jpg"
                },
                {
                    "href": "thumb_X_-_creditos.jpg",
                    "text": " thumb_X_-_creditos.jpg",
                    "imageUrl": "http://thewalkingdead-online.com/hq/albums/HQ/19/Edicao109/thumb_X_-_creditos.jpg"
                }
            ]
        },
        {
            "href": "Edicao110/",
            "text": " Edicao110/",
            "images": [
                {
                    "href": "The_Walking_Dead_110-000.jpg",
                    "text": " The_Walking_Dead_110-000.jpg",
                    "imageUrl": "http://thewalkingdead-online.com/hq/albums/HQ/19/Edicao110/The_Walking_Dead_110-000.jpg"
                },
                {
                    "href": "The_Walking_Dead_110-001.jpg",
                    "text": " The_Walking_Dead_110-001.jpg",
                    "imageUrl": "http://thewalkingdead-online.com/hq/albums/HQ/19/Edicao110/The_Walking_Dead_110-001.jpg"
                },
                {
                    "href": "The_Walking_Dead_110-002.jpg",
                    "text": " The_Walking_Dead_110-002.jpg",
                    "imageUrl": "http://thewalkingdead-online.com/hq/albums/HQ/19/Edicao110/The_Walking_Dead_110-002.jpg"
                },
                {
                    "href": "The_Walking_Dead_110-003.jpg",
                    "text": " The_Walking_Dead_110-003.jpg",
                    "imageUrl": "http://thewalkingdead-online.com/hq/albums/HQ/19/Edicao110/The_Walking_Dead_110-003.jpg"
                },
                {
                    "href": "The_Walking_Dead_110-004.jpg",
                    "text": " The_Walking_Dead_110-004.jpg",
                    "imageUrl": "http://thewalkingdead-online.com/hq/albums/HQ/19/Edicao110/The_Walking_Dead_110-004.jpg"
                },
                {
                    "href": "The_Walking_Dead_110-005.jpg",
                    "text": " The_Walking_Dead_110-005.jpg",
                    "imageUrl": "http://thewalkingdead-online.com/hq/albums/HQ/19/Edicao110/The_Walking_Dead_110-005.jpg"
                },
                {
                    "href": "The_Walking_Dead_110-006.jpg",
                    "text": " The_Walking_Dead_110-006.jpg",
                    "imageUrl": "http://thewalkingdead-online.com/hq/albums/HQ/19/Edicao110/The_Walking_Dead_110-006.jpg"
                },
                {
                    "href": "The_Walking_Dead_110-007.jpg",
                    "text": " The_Walking_Dead_110-007.jpg",
                    "imageUrl": "http://thewalkingdead-online.com/hq/albums/HQ/19/Edicao110/The_Walking_Dead_110-007.jpg"
                },
                {
                    "href": "The_Walking_Dead_110-008.jpg",
                    "text": " The_Walking_Dead_110-008.jpg",
                    "imageUrl": "http://thewalkingdead-online.com/hq/albums/HQ/19/Edicao110/The_Walking_Dead_110-008.jpg"
                },
                {
                    "href": "The_Walking_Dead_110-009.jpg",
                    "text": " The_Walking_Dead_110-009.jpg",
                    "imageUrl": "http://thewalkingdead-online.com/hq/albums/HQ/19/Edicao110/The_Walking_Dead_110-009.jpg"
                },
                {
                    "href": "The_Walking_Dead_110-010.jpg",
                    "text": " The_Walking_Dead_110-010.jpg",
                    "imageUrl": "http://thewalkingdead-online.com/hq/albums/HQ/19/Edicao110/The_Walking_Dead_110-010.jpg"
                },
                {
                    "href": "The_Walking_Dead_110-011.jpg",
                    "text": " The_Walking_Dead_110-011.jpg",
                    "imageUrl": "http://thewalkingdead-online.com/hq/albums/HQ/19/Edicao110/The_Walking_Dead_110-011.jpg"
                },
                {
                    "href": "The_Walking_Dead_110-012.jpg",
                    "text": " The_Walking_Dead_110-012.jpg",
                    "imageUrl": "http://thewalkingdead-online.com/hq/albums/HQ/19/Edicao110/The_Walking_Dead_110-012.jpg"
                },
                {
                    "href": "The_Walking_Dead_110-013.jpg",
                    "text": " The_Walking_Dead_110-013.jpg",
                    "imageUrl": "http://thewalkingdead-online.com/hq/albums/HQ/19/Edicao110/The_Walking_Dead_110-013.jpg"
                },
                {
                    "href": "The_Walking_Dead_110-014.jpg",
                    "text": " The_Walking_Dead_110-014.jpg",
                    "imageUrl": "http://thewalkingdead-online.com/hq/albums/HQ/19/Edicao110/The_Walking_Dead_110-014.jpg"
                },
                {
                    "href": "The_Walking_Dead_110-015.jpg",
                    "text": " The_Walking_Dead_110-015.jpg",
                    "imageUrl": "http://thewalkingdead-online.com/hq/albums/HQ/19/Edicao110/The_Walking_Dead_110-015.jpg"
                },
                {
                    "href": "The_Walking_Dead_110-016.jpg",
                    "text": " The_Walking_Dead_110-016.jpg",
                    "imageUrl": "http://thewalkingdead-online.com/hq/albums/HQ/19/Edicao110/The_Walking_Dead_110-016.jpg"
                },
                {
                    "href": "The_Walking_Dead_110-017.jpg",
                    "text": " The_Walking_Dead_110-017.jpg",
                    "imageUrl": "http://thewalkingdead-online.com/hq/albums/HQ/19/Edicao110/The_Walking_Dead_110-017.jpg"
                },
                {
                    "href": "The_Walking_Dead_110-018.jpg",
                    "text": " The_Walking_Dead_110-018.jpg",
                    "imageUrl": "http://thewalkingdead-online.com/hq/albums/HQ/19/Edicao110/The_Walking_Dead_110-018.jpg"
                },
                {
                    "href": "The_Walking_Dead_110-019.jpg",
                    "text": " The_Walking_Dead_110-019.jpg",
                    "imageUrl": "http://thewalkingdead-online.com/hq/albums/HQ/19/Edicao110/The_Walking_Dead_110-019.jpg"
                },
                {
                    "href": "The_Walking_Dead_110-020.jpg",
                    "text": " The_Walking_Dead_110-020.jpg",
                    "imageUrl": "http://thewalkingdead-online.com/hq/albums/HQ/19/Edicao110/The_Walking_Dead_110-020.jpg"
                },
                {
                    "href": "The_Walking_Dead_110-021.jpg",
                    "text": " The_Walking_Dead_110-021.jpg",
                    "imageUrl": "http://thewalkingdead-online.com/hq/albums/HQ/19/Edicao110/The_Walking_Dead_110-021.jpg"
                },
                {
                    "href": "The_Walking_Dead_110-022.jpg",
                    "text": " The_Walking_Dead_110-022.jpg",
                    "imageUrl": "http://thewalkingdead-online.com/hq/albums/HQ/19/Edicao110/The_Walking_Dead_110-022.jpg"
                },
                {
                    "href": "The_Walking_Dead_110-023.jpg",
                    "text": " The_Walking_Dead_110-023.jpg",
                    "imageUrl": "http://thewalkingdead-online.com/hq/albums/HQ/19/Edicao110/The_Walking_Dead_110-023.jpg"
                },
                {
                    "href": "The_Walking_Dead_110-026.jpg",
                    "text": " The_Walking_Dead_110-026.jpg",
                    "imageUrl": "http://thewalkingdead-online.com/hq/albums/HQ/19/Edicao110/The_Walking_Dead_110-026.jpg"
                },
                {
                    "href": "X_-_creditos.jpg",
                    "text": " X_-_creditos.jpg",
                    "imageUrl": "http://thewalkingdead-online.com/hq/albums/HQ/19/Edicao110/X_-_creditos.jpg"
                },
                {
                    "href": "thumb_The_Walking_Dead_110-000.jpg",
                    "text": " thumb_The_Walking_Dead_110-000.jpg",
                    "imageUrl": "http://thewalkingdead-online.com/hq/albums/HQ/19/Edicao110/thumb_The_Walking_Dead_110-000.jpg"
                },
                {
                    "href": "thumb_The_Walking_Dead_110-001.jpg",
                    "text": " thumb_The_Walking_Dead_110-001.jpg",
                    "imageUrl": "http://thewalkingdead-online.com/hq/albums/HQ/19/Edicao110/thumb_The_Walking_Dead_110-001.jpg"
                },
                {
                    "href": "thumb_The_Walking_Dead_110-002.jpg",
                    "text": " thumb_The_Walking_Dead_110-002.jpg",
                    "imageUrl": "http://thewalkingdead-online.com/hq/albums/HQ/19/Edicao110/thumb_The_Walking_Dead_110-002.jpg"
                },
                {
                    "href": "thumb_The_Walking_Dead_110-003.jpg",
                    "text": " thumb_The_Walking_Dead_110-003.jpg",
                    "imageUrl": "http://thewalkingdead-online.com/hq/albums/HQ/19/Edicao110/thumb_The_Walking_Dead_110-003.jpg"
                },
                {
                    "href": "thumb_The_Walking_Dead_110-004.jpg",
                    "text": " thumb_The_Walking_Dead_110-004.jpg",
                    "imageUrl": "http://thewalkingdead-online.com/hq/albums/HQ/19/Edicao110/thumb_The_Walking_Dead_110-004.jpg"
                },
                {
                    "href": "thumb_The_Walking_Dead_110-005.jpg",
                    "text": " thumb_The_Walking_Dead_110-005.jpg",
                    "imageUrl": "http://thewalkingdead-online.com/hq/albums/HQ/19/Edicao110/thumb_The_Walking_Dead_110-005.jpg"
                },
                {
                    "href": "thumb_The_Walking_Dead_110-006.jpg",
                    "text": " thumb_The_Walking_Dead_110-006.jpg",
                    "imageUrl": "http://thewalkingdead-online.com/hq/albums/HQ/19/Edicao110/thumb_The_Walking_Dead_110-006.jpg"
                },
                {
                    "href": "thumb_The_Walking_Dead_110-007.jpg",
                    "text": " thumb_The_Walking_Dead_110-007.jpg",
                    "imageUrl": "http://thewalkingdead-online.com/hq/albums/HQ/19/Edicao110/thumb_The_Walking_Dead_110-007.jpg"
                },
                {
                    "href": "thumb_The_Walking_Dead_110-008.jpg",
                    "text": " thumb_The_Walking_Dead_110-008.jpg",
                    "imageUrl": "http://thewalkingdead-online.com/hq/albums/HQ/19/Edicao110/thumb_The_Walking_Dead_110-008.jpg"
                },
                {
                    "href": "thumb_The_Walking_Dead_110-009.jpg",
                    "text": " thumb_The_Walking_Dead_110-009.jpg",
                    "imageUrl": "http://thewalkingdead-online.com/hq/albums/HQ/19/Edicao110/thumb_The_Walking_Dead_110-009.jpg"
                },
                {
                    "href": "thumb_The_Walking_Dead_110-010.jpg",
                    "text": " thumb_The_Walking_Dead_110-010.jpg",
                    "imageUrl": "http://thewalkingdead-online.com/hq/albums/HQ/19/Edicao110/thumb_The_Walking_Dead_110-010.jpg"
                },
                {
                    "href": "thumb_The_Walking_Dead_110-011.jpg",
                    "text": " thumb_The_Walking_Dead_110-011.jpg",
                    "imageUrl": "http://thewalkingdead-online.com/hq/albums/HQ/19/Edicao110/thumb_The_Walking_Dead_110-011.jpg"
                },
                {
                    "href": "thumb_The_Walking_Dead_110-012.jpg",
                    "text": " thumb_The_Walking_Dead_110-012.jpg",
                    "imageUrl": "http://thewalkingdead-online.com/hq/albums/HQ/19/Edicao110/thumb_The_Walking_Dead_110-012.jpg"
                },
                {
                    "href": "thumb_The_Walking_Dead_110-013.jpg",
                    "text": " thumb_The_Walking_Dead_110-013.jpg",
                    "imageUrl": "http://thewalkingdead-online.com/hq/albums/HQ/19/Edicao110/thumb_The_Walking_Dead_110-013.jpg"
                },
                {
                    "href": "thumb_The_Walking_Dead_110-014.jpg",
                    "text": " thumb_The_Walking_Dead_110-014.jpg",
                    "imageUrl": "http://thewalkingdead-online.com/hq/albums/HQ/19/Edicao110/thumb_The_Walking_Dead_110-014.jpg"
                },
                {
                    "href": "thumb_The_Walking_Dead_110-015.jpg",
                    "text": " thumb_The_Walking_Dead_110-015.jpg",
                    "imageUrl": "http://thewalkingdead-online.com/hq/albums/HQ/19/Edicao110/thumb_The_Walking_Dead_110-015.jpg"
                },
                {
                    "href": "thumb_The_Walking_Dead_110-016.jpg",
                    "text": " thumb_The_Walking_Dead_110-016.jpg",
                    "imageUrl": "http://thewalkingdead-online.com/hq/albums/HQ/19/Edicao110/thumb_The_Walking_Dead_110-016.jpg"
                },
                {
                    "href": "thumb_The_Walking_Dead_110-017.jpg",
                    "text": " thumb_The_Walking_Dead_110-017.jpg",
                    "imageUrl": "http://thewalkingdead-online.com/hq/albums/HQ/19/Edicao110/thumb_The_Walking_Dead_110-017.jpg"
                },
                {
                    "href": "thumb_The_Walking_Dead_110-018.jpg",
                    "text": " thumb_The_Walking_Dead_110-018.jpg",
                    "imageUrl": "http://thewalkingdead-online.com/hq/albums/HQ/19/Edicao110/thumb_The_Walking_Dead_110-018.jpg"
                },
                {
                    "href": "thumb_The_Walking_Dead_110-019.jpg",
                    "text": " thumb_The_Walking_Dead_110-019.jpg",
                    "imageUrl": "http://thewalkingdead-online.com/hq/albums/HQ/19/Edicao110/thumb_The_Walking_Dead_110-019.jpg"
                },
                {
                    "href": "thumb_The_Walking_Dead_110-020.jpg",
                    "text": " thumb_The_Walking_Dead_110-020.jpg",
                    "imageUrl": "http://thewalkingdead-online.com/hq/albums/HQ/19/Edicao110/thumb_The_Walking_Dead_110-020.jpg"
                },
                {
                    "href": "thumb_The_Walking_Dead_110-021.jpg",
                    "text": " thumb_The_Walking_Dead_110-021.jpg",
                    "imageUrl": "http://thewalkingdead-online.com/hq/albums/HQ/19/Edicao110/thumb_The_Walking_Dead_110-021.jpg"
                },
                {
                    "href": "thumb_The_Walking_Dead_110-022.jpg",
                    "text": " thumb_The_Walking_Dead_110-022.jpg",
                    "imageUrl": "http://thewalkingdead-online.com/hq/albums/HQ/19/Edicao110/thumb_The_Walking_Dead_110-022.jpg"
                },
                {
                    "href": "thumb_The_Walking_Dead_110-023.jpg",
                    "text": " thumb_The_Walking_Dead_110-023.jpg",
                    "imageUrl": "http://thewalkingdead-online.com/hq/albums/HQ/19/Edicao110/thumb_The_Walking_Dead_110-023.jpg"
                },
                {
                    "href": "thumb_The_Walking_Dead_110-026.jpg",
                    "text": " thumb_The_Walking_Dead_110-026.jpg",
                    "imageUrl": "http://thewalkingdead-online.com/hq/albums/HQ/19/Edicao110/thumb_The_Walking_Dead_110-026.jpg"
                },
                {
                    "href": "thumb_X_-_creditos.jpg",
                    "text": " thumb_X_-_creditos.jpg",
                    "imageUrl": "http://thewalkingdead-online.com/hq/albums/HQ/19/Edicao110/thumb_X_-_creditos.jpg"
                }
            ]
        },
        {
            "href": "Edicao111/",
            "text": " Edicao111/",
            "images": [
                {
                    "href": "000.jpg",
                    "text": " 000.jpg",
                    "imageUrl": "http://thewalkingdead-online.com/hq/albums/HQ/19/Edicao111/000.jpg"
                },
                {
                    "href": "001.jpg",
                    "text": " 001.jpg",
                    "imageUrl": "http://thewalkingdead-online.com/hq/albums/HQ/19/Edicao111/001.jpg"
                },
                {
                    "href": "002.jpg",
                    "text": " 002.jpg",
                    "imageUrl": "http://thewalkingdead-online.com/hq/albums/HQ/19/Edicao111/002.jpg"
                },
                {
                    "href": "003.jpg",
                    "text": " 003.jpg",
                    "imageUrl": "http://thewalkingdead-online.com/hq/albums/HQ/19/Edicao111/003.jpg"
                },
                {
                    "href": "004.jpg",
                    "text": " 004.jpg",
                    "imageUrl": "http://thewalkingdead-online.com/hq/albums/HQ/19/Edicao111/004.jpg"
                },
                {
                    "href": "005.jpg",
                    "text": " 005.jpg",
                    "imageUrl": "http://thewalkingdead-online.com/hq/albums/HQ/19/Edicao111/005.jpg"
                },
                {
                    "href": "006.jpg",
                    "text": " 006.jpg",
                    "imageUrl": "http://thewalkingdead-online.com/hq/albums/HQ/19/Edicao111/006.jpg"
                },
                {
                    "href": "007.jpg",
                    "text": " 007.jpg",
                    "imageUrl": "http://thewalkingdead-online.com/hq/albums/HQ/19/Edicao111/007.jpg"
                },
                {
                    "href": "008.jpg",
                    "text": " 008.jpg",
                    "imageUrl": "http://thewalkingdead-online.com/hq/albums/HQ/19/Edicao111/008.jpg"
                },
                {
                    "href": "009.jpg",
                    "text": " 009.jpg",
                    "imageUrl": "http://thewalkingdead-online.com/hq/albums/HQ/19/Edicao111/009.jpg"
                },
                {
                    "href": "010.jpg",
                    "text": " 010.jpg",
                    "imageUrl": "http://thewalkingdead-online.com/hq/albums/HQ/19/Edicao111/010.jpg"
                },
                {
                    "href": "011.jpg",
                    "text": " 011.jpg",
                    "imageUrl": "http://thewalkingdead-online.com/hq/albums/HQ/19/Edicao111/011.jpg"
                },
                {
                    "href": "012.jpg",
                    "text": " 012.jpg",
                    "imageUrl": "http://thewalkingdead-online.com/hq/albums/HQ/19/Edicao111/012.jpg"
                },
                {
                    "href": "013.jpg",
                    "text": " 013.jpg",
                    "imageUrl": "http://thewalkingdead-online.com/hq/albums/HQ/19/Edicao111/013.jpg"
                },
                {
                    "href": "014.jpg",
                    "text": " 014.jpg",
                    "imageUrl": "http://thewalkingdead-online.com/hq/albums/HQ/19/Edicao111/014.jpg"
                },
                {
                    "href": "015.jpg",
                    "text": " 015.jpg",
                    "imageUrl": "http://thewalkingdead-online.com/hq/albums/HQ/19/Edicao111/015.jpg"
                },
                {
                    "href": "016.jpg",
                    "text": " 016.jpg",
                    "imageUrl": "http://thewalkingdead-online.com/hq/albums/HQ/19/Edicao111/016.jpg"
                },
                {
                    "href": "017.jpg",
                    "text": " 017.jpg",
                    "imageUrl": "http://thewalkingdead-online.com/hq/albums/HQ/19/Edicao111/017.jpg"
                },
                {
                    "href": "018.jpg",
                    "text": " 018.jpg",
                    "imageUrl": "http://thewalkingdead-online.com/hq/albums/HQ/19/Edicao111/018.jpg"
                },
                {
                    "href": "019.jpg",
                    "text": " 019.jpg",
                    "imageUrl": "http://thewalkingdead-online.com/hq/albums/HQ/19/Edicao111/019.jpg"
                },
                {
                    "href": "020.jpg",
                    "text": " 020.jpg",
                    "imageUrl": "http://thewalkingdead-online.com/hq/albums/HQ/19/Edicao111/020.jpg"
                },
                {
                    "href": "021.jpg",
                    "text": " 021.jpg",
                    "imageUrl": "http://thewalkingdead-online.com/hq/albums/HQ/19/Edicao111/021.jpg"
                },
                {
                    "href": "022.jpg",
                    "text": " 022.jpg",
                    "imageUrl": "http://thewalkingdead-online.com/hq/albums/HQ/19/Edicao111/022.jpg"
                },
                {
                    "href": "023.jpg",
                    "text": " 023.jpg",
                    "imageUrl": "http://thewalkingdead-online.com/hq/albums/HQ/19/Edicao111/023.jpg"
                },
                {
                    "href": "X_-_creditos.jpg",
                    "text": " X_-_creditos.jpg",
                    "imageUrl": "http://thewalkingdead-online.com/hq/albums/HQ/19/Edicao111/X_-_creditos.jpg"
                },
                {
                    "href": "thumb_000.jpg",
                    "text": " thumb_000.jpg",
                    "imageUrl": "http://thewalkingdead-online.com/hq/albums/HQ/19/Edicao111/thumb_000.jpg"
                },
                {
                    "href": "thumb_001.jpg",
                    "text": " thumb_001.jpg",
                    "imageUrl": "http://thewalkingdead-online.com/hq/albums/HQ/19/Edicao111/thumb_001.jpg"
                },
                {
                    "href": "thumb_002.jpg",
                    "text": " thumb_002.jpg",
                    "imageUrl": "http://thewalkingdead-online.com/hq/albums/HQ/19/Edicao111/thumb_002.jpg"
                },
                {
                    "href": "thumb_003.jpg",
                    "text": " thumb_003.jpg",
                    "imageUrl": "http://thewalkingdead-online.com/hq/albums/HQ/19/Edicao111/thumb_003.jpg"
                },
                {
                    "href": "thumb_004.jpg",
                    "text": " thumb_004.jpg",
                    "imageUrl": "http://thewalkingdead-online.com/hq/albums/HQ/19/Edicao111/thumb_004.jpg"
                },
                {
                    "href": "thumb_005.jpg",
                    "text": " thumb_005.jpg",
                    "imageUrl": "http://thewalkingdead-online.com/hq/albums/HQ/19/Edicao111/thumb_005.jpg"
                },
                {
                    "href": "thumb_006.jpg",
                    "text": " thumb_006.jpg",
                    "imageUrl": "http://thewalkingdead-online.com/hq/albums/HQ/19/Edicao111/thumb_006.jpg"
                },
                {
                    "href": "thumb_007.jpg",
                    "text": " thumb_007.jpg",
                    "imageUrl": "http://thewalkingdead-online.com/hq/albums/HQ/19/Edicao111/thumb_007.jpg"
                },
                {
                    "href": "thumb_008.jpg",
                    "text": " thumb_008.jpg",
                    "imageUrl": "http://thewalkingdead-online.com/hq/albums/HQ/19/Edicao111/thumb_008.jpg"
                },
                {
                    "href": "thumb_009.jpg",
                    "text": " thumb_009.jpg",
                    "imageUrl": "http://thewalkingdead-online.com/hq/albums/HQ/19/Edicao111/thumb_009.jpg"
                },
                {
                    "href": "thumb_010.jpg",
                    "text": " thumb_010.jpg",
                    "imageUrl": "http://thewalkingdead-online.com/hq/albums/HQ/19/Edicao111/thumb_010.jpg"
                },
                {
                    "href": "thumb_011.jpg",
                    "text": " thumb_011.jpg",
                    "imageUrl": "http://thewalkingdead-online.com/hq/albums/HQ/19/Edicao111/thumb_011.jpg"
                },
                {
                    "href": "thumb_012.jpg",
                    "text": " thumb_012.jpg",
                    "imageUrl": "http://thewalkingdead-online.com/hq/albums/HQ/19/Edicao111/thumb_012.jpg"
                },
                {
                    "href": "thumb_013.jpg",
                    "text": " thumb_013.jpg",
                    "imageUrl": "http://thewalkingdead-online.com/hq/albums/HQ/19/Edicao111/thumb_013.jpg"
                },
                {
                    "href": "thumb_014.jpg",
                    "text": " thumb_014.jpg",
                    "imageUrl": "http://thewalkingdead-online.com/hq/albums/HQ/19/Edicao111/thumb_014.jpg"
                },
                {
                    "href": "thumb_015.jpg",
                    "text": " thumb_015.jpg",
                    "imageUrl": "http://thewalkingdead-online.com/hq/albums/HQ/19/Edicao111/thumb_015.jpg"
                },
                {
                    "href": "thumb_016.jpg",
                    "text": " thumb_016.jpg",
                    "imageUrl": "http://thewalkingdead-online.com/hq/albums/HQ/19/Edicao111/thumb_016.jpg"
                },
                {
                    "href": "thumb_017.jpg",
                    "text": " thumb_017.jpg",
                    "imageUrl": "http://thewalkingdead-online.com/hq/albums/HQ/19/Edicao111/thumb_017.jpg"
                },
                {
                    "href": "thumb_018.jpg",
                    "text": " thumb_018.jpg",
                    "imageUrl": "http://thewalkingdead-online.com/hq/albums/HQ/19/Edicao111/thumb_018.jpg"
                },
                {
                    "href": "thumb_019.jpg",
                    "text": " thumb_019.jpg",
                    "imageUrl": "http://thewalkingdead-online.com/hq/albums/HQ/19/Edicao111/thumb_019.jpg"
                },
                {
                    "href": "thumb_020.jpg",
                    "text": " thumb_020.jpg",
                    "imageUrl": "http://thewalkingdead-online.com/hq/albums/HQ/19/Edicao111/thumb_020.jpg"
                },
                {
                    "href": "thumb_021.jpg",
                    "text": " thumb_021.jpg",
                    "imageUrl": "http://thewalkingdead-online.com/hq/albums/HQ/19/Edicao111/thumb_021.jpg"
                },
                {
                    "href": "thumb_022.jpg",
                    "text": " thumb_022.jpg",
                    "imageUrl": "http://thewalkingdead-online.com/hq/albums/HQ/19/Edicao111/thumb_022.jpg"
                },
                {
                    "href": "thumb_023.jpg",
                    "text": " thumb_023.jpg",
                    "imageUrl": "http://thewalkingdead-online.com/hq/albums/HQ/19/Edicao111/thumb_023.jpg"
                },
                {
                    "href": "thumb_X_-_creditos.jpg",
                    "text": " thumb_X_-_creditos.jpg",
                    "imageUrl": "http://thewalkingdead-online.com/hq/albums/HQ/19/Edicao111/thumb_X_-_creditos.jpg"
                }
            ]
        },
        {
            "href": "Edicao112/",
            "text": " Edicao112/",
            "images": [
                {
                    "href": "P00001.jpg",
                    "text": " P00001.jpg",
                    "imageUrl": "http://thewalkingdead-online.com/hq/albums/HQ/19/Edicao112/P00001.jpg"
                },
                {
                    "href": "P00002.jpg",
                    "text": " P00002.jpg",
                    "imageUrl": "http://thewalkingdead-online.com/hq/albums/HQ/19/Edicao112/P00002.jpg"
                },
                {
                    "href": "P00003.jpg",
                    "text": " P00003.jpg",
                    "imageUrl": "http://thewalkingdead-online.com/hq/albums/HQ/19/Edicao112/P00003.jpg"
                },
                {
                    "href": "P00004.jpg",
                    "text": " P00004.jpg",
                    "imageUrl": "http://thewalkingdead-online.com/hq/albums/HQ/19/Edicao112/P00004.jpg"
                },
                {
                    "href": "P00005.jpg",
                    "text": " P00005.jpg",
                    "imageUrl": "http://thewalkingdead-online.com/hq/albums/HQ/19/Edicao112/P00005.jpg"
                },
                {
                    "href": "P00006.jpg",
                    "text": " P00006.jpg",
                    "imageUrl": "http://thewalkingdead-online.com/hq/albums/HQ/19/Edicao112/P00006.jpg"
                },
                {
                    "href": "P00007.jpg",
                    "text": " P00007.jpg",
                    "imageUrl": "http://thewalkingdead-online.com/hq/albums/HQ/19/Edicao112/P00007.jpg"
                },
                {
                    "href": "P00008.jpg",
                    "text": " P00008.jpg",
                    "imageUrl": "http://thewalkingdead-online.com/hq/albums/HQ/19/Edicao112/P00008.jpg"
                },
                {
                    "href": "P00009.jpg",
                    "text": " P00009.jpg",
                    "imageUrl": "http://thewalkingdead-online.com/hq/albums/HQ/19/Edicao112/P00009.jpg"
                },
                {
                    "href": "P00010.jpg",
                    "text": " P00010.jpg",
                    "imageUrl": "http://thewalkingdead-online.com/hq/albums/HQ/19/Edicao112/P00010.jpg"
                },
                {
                    "href": "P00011.jpg",
                    "text": " P00011.jpg",
                    "imageUrl": "http://thewalkingdead-online.com/hq/albums/HQ/19/Edicao112/P00011.jpg"
                },
                {
                    "href": "P00012.jpg",
                    "text": " P00012.jpg",
                    "imageUrl": "http://thewalkingdead-online.com/hq/albums/HQ/19/Edicao112/P00012.jpg"
                },
                {
                    "href": "P00013.jpg",
                    "text": " P00013.jpg",
                    "imageUrl": "http://thewalkingdead-online.com/hq/albums/HQ/19/Edicao112/P00013.jpg"
                },
                {
                    "href": "P00014.jpg",
                    "text": " P00014.jpg",
                    "imageUrl": "http://thewalkingdead-online.com/hq/albums/HQ/19/Edicao112/P00014.jpg"
                },
                {
                    "href": "P00015.jpg",
                    "text": " P00015.jpg",
                    "imageUrl": "http://thewalkingdead-online.com/hq/albums/HQ/19/Edicao112/P00015.jpg"
                },
                {
                    "href": "P00016.jpg",
                    "text": " P00016.jpg",
                    "imageUrl": "http://thewalkingdead-online.com/hq/albums/HQ/19/Edicao112/P00016.jpg"
                },
                {
                    "href": "P00017.jpg",
                    "text": " P00017.jpg",
                    "imageUrl": "http://thewalkingdead-online.com/hq/albums/HQ/19/Edicao112/P00017.jpg"
                },
                {
                    "href": "P00018.jpg",
                    "text": " P00018.jpg",
                    "imageUrl": "http://thewalkingdead-online.com/hq/albums/HQ/19/Edicao112/P00018.jpg"
                },
                {
                    "href": "P00019.jpg",
                    "text": " P00019.jpg",
                    "imageUrl": "http://thewalkingdead-online.com/hq/albums/HQ/19/Edicao112/P00019.jpg"
                },
                {
                    "href": "P00020.jpg",
                    "text": " P00020.jpg",
                    "imageUrl": "http://thewalkingdead-online.com/hq/albums/HQ/19/Edicao112/P00020.jpg"
                },
                {
                    "href": "P00021.jpg",
                    "text": " P00021.jpg",
                    "imageUrl": "http://thewalkingdead-online.com/hq/albums/HQ/19/Edicao112/P00021.jpg"
                },
                {
                    "href": "P00022.jpg",
                    "text": " P00022.jpg",
                    "imageUrl": "http://thewalkingdead-online.com/hq/albums/HQ/19/Edicao112/P00022.jpg"
                },
                {
                    "href": "P00025.jpg",
                    "text": " P00025.jpg",
                    "imageUrl": "http://thewalkingdead-online.com/hq/albums/HQ/19/Edicao112/P00025.jpg"
                },
                {
                    "href": "P00030.jpg",
                    "text": " P00030.jpg",
                    "imageUrl": "http://thewalkingdead-online.com/hq/albums/HQ/19/Edicao112/P00030.jpg"
                },
                {
                    "href": "X_-_creditos.jpg",
                    "text": " X_-_creditos.jpg",
                    "imageUrl": "http://thewalkingdead-online.com/hq/albums/HQ/19/Edicao112/X_-_creditos.jpg"
                },
                {
                    "href": "thumb_P00001.jpg",
                    "text": " thumb_P00001.jpg",
                    "imageUrl": "http://thewalkingdead-online.com/hq/albums/HQ/19/Edicao112/thumb_P00001.jpg"
                },
                {
                    "href": "thumb_P00002.jpg",
                    "text": " thumb_P00002.jpg",
                    "imageUrl": "http://thewalkingdead-online.com/hq/albums/HQ/19/Edicao112/thumb_P00002.jpg"
                },
                {
                    "href": "thumb_P00003.jpg",
                    "text": " thumb_P00003.jpg",
                    "imageUrl": "http://thewalkingdead-online.com/hq/albums/HQ/19/Edicao112/thumb_P00003.jpg"
                },
                {
                    "href": "thumb_P00004.jpg",
                    "text": " thumb_P00004.jpg",
                    "imageUrl": "http://thewalkingdead-online.com/hq/albums/HQ/19/Edicao112/thumb_P00004.jpg"
                },
                {
                    "href": "thumb_P00005.jpg",
                    "text": " thumb_P00005.jpg",
                    "imageUrl": "http://thewalkingdead-online.com/hq/albums/HQ/19/Edicao112/thumb_P00005.jpg"
                },
                {
                    "href": "thumb_P00006.jpg",
                    "text": " thumb_P00006.jpg",
                    "imageUrl": "http://thewalkingdead-online.com/hq/albums/HQ/19/Edicao112/thumb_P00006.jpg"
                },
                {
                    "href": "thumb_P00007.jpg",
                    "text": " thumb_P00007.jpg",
                    "imageUrl": "http://thewalkingdead-online.com/hq/albums/HQ/19/Edicao112/thumb_P00007.jpg"
                },
                {
                    "href": "thumb_P00008.jpg",
                    "text": " thumb_P00008.jpg",
                    "imageUrl": "http://thewalkingdead-online.com/hq/albums/HQ/19/Edicao112/thumb_P00008.jpg"
                },
                {
                    "href": "thumb_P00009.jpg",
                    "text": " thumb_P00009.jpg",
                    "imageUrl": "http://thewalkingdead-online.com/hq/albums/HQ/19/Edicao112/thumb_P00009.jpg"
                },
                {
                    "href": "thumb_P00010.jpg",
                    "text": " thumb_P00010.jpg",
                    "imageUrl": "http://thewalkingdead-online.com/hq/albums/HQ/19/Edicao112/thumb_P00010.jpg"
                },
                {
                    "href": "thumb_P00011.jpg",
                    "text": " thumb_P00011.jpg",
                    "imageUrl": "http://thewalkingdead-online.com/hq/albums/HQ/19/Edicao112/thumb_P00011.jpg"
                },
                {
                    "href": "thumb_P00012.jpg",
                    "text": " thumb_P00012.jpg",
                    "imageUrl": "http://thewalkingdead-online.com/hq/albums/HQ/19/Edicao112/thumb_P00012.jpg"
                },
                {
                    "href": "thumb_P00013.jpg",
                    "text": " thumb_P00013.jpg",
                    "imageUrl": "http://thewalkingdead-online.com/hq/albums/HQ/19/Edicao112/thumb_P00013.jpg"
                },
                {
                    "href": "thumb_P00014.jpg",
                    "text": " thumb_P00014.jpg",
                    "imageUrl": "http://thewalkingdead-online.com/hq/albums/HQ/19/Edicao112/thumb_P00014.jpg"
                },
                {
                    "href": "thumb_P00015.jpg",
                    "text": " thumb_P00015.jpg",
                    "imageUrl": "http://thewalkingdead-online.com/hq/albums/HQ/19/Edicao112/thumb_P00015.jpg"
                },
                {
                    "href": "thumb_P00016.jpg",
                    "text": " thumb_P00016.jpg",
                    "imageUrl": "http://thewalkingdead-online.com/hq/albums/HQ/19/Edicao112/thumb_P00016.jpg"
                },
                {
                    "href": "thumb_P00017.jpg",
                    "text": " thumb_P00017.jpg",
                    "imageUrl": "http://thewalkingdead-online.com/hq/albums/HQ/19/Edicao112/thumb_P00017.jpg"
                },
                {
                    "href": "thumb_P00018.jpg",
                    "text": " thumb_P00018.jpg",
                    "imageUrl": "http://thewalkingdead-online.com/hq/albums/HQ/19/Edicao112/thumb_P00018.jpg"
                },
                {
                    "href": "thumb_P00019.jpg",
                    "text": " thumb_P00019.jpg",
                    "imageUrl": "http://thewalkingdead-online.com/hq/albums/HQ/19/Edicao112/thumb_P00019.jpg"
                },
                {
                    "href": "thumb_P00020.jpg",
                    "text": " thumb_P00020.jpg",
                    "imageUrl": "http://thewalkingdead-online.com/hq/albums/HQ/19/Edicao112/thumb_P00020.jpg"
                },
                {
                    "href": "thumb_P00021.jpg",
                    "text": " thumb_P00021.jpg",
                    "imageUrl": "http://thewalkingdead-online.com/hq/albums/HQ/19/Edicao112/thumb_P00021.jpg"
                },
                {
                    "href": "thumb_P00022.jpg",
                    "text": " thumb_P00022.jpg",
                    "imageUrl": "http://thewalkingdead-online.com/hq/albums/HQ/19/Edicao112/thumb_P00022.jpg"
                },
                {
                    "href": "thumb_P00025.jpg",
                    "text": " thumb_P00025.jpg",
                    "imageUrl": "http://thewalkingdead-online.com/hq/albums/HQ/19/Edicao112/thumb_P00025.jpg"
                },
                {
                    "href": "thumb_P00030.jpg",
                    "text": " thumb_P00030.jpg",
                    "imageUrl": "http://thewalkingdead-online.com/hq/albums/HQ/19/Edicao112/thumb_P00030.jpg"
                },
                {
                    "href": "thumb_X_-_creditos.jpg",
                    "text": " thumb_X_-_creditos.jpg",
                    "imageUrl": "http://thewalkingdead-online.com/hq/albums/HQ/19/Edicao112/thumb_X_-_creditos.jpg"
                }
            ]
        },
        {
            "href": "Edicao113/",
            "text": " Edicao113/",
            "images": [
                {
                    "href": "The_Walking_Dead_113-000.jpg",
                    "text": " The_Walking_Dead_113-000.jpg",
                    "imageUrl": "http://thewalkingdead-online.com/hq/albums/HQ/19/Edicao113/The_Walking_Dead_113-000.jpg"
                },
                {
                    "href": "The_Walking_Dead_113-001.jpg",
                    "text": " The_Walking_Dead_113-001.jpg",
                    "imageUrl": "http://thewalkingdead-online.com/hq/albums/HQ/19/Edicao113/The_Walking_Dead_113-001.jpg"
                },
                {
                    "href": "The_Walking_Dead_113-002.jpg",
                    "text": " The_Walking_Dead_113-002.jpg",
                    "imageUrl": "http://thewalkingdead-online.com/hq/albums/HQ/19/Edicao113/The_Walking_Dead_113-002.jpg"
                },
                {
                    "href": "The_Walking_Dead_113-003.jpg",
                    "text": " The_Walking_Dead_113-003.jpg",
                    "imageUrl": "http://thewalkingdead-online.com/hq/albums/HQ/19/Edicao113/The_Walking_Dead_113-003.jpg"
                },
                {
                    "href": "The_Walking_Dead_113-004.jpg",
                    "text": " The_Walking_Dead_113-004.jpg",
                    "imageUrl": "http://thewalkingdead-online.com/hq/albums/HQ/19/Edicao113/The_Walking_Dead_113-004.jpg"
                },
                {
                    "href": "The_Walking_Dead_113-005.jpg",
                    "text": " The_Walking_Dead_113-005.jpg",
                    "imageUrl": "http://thewalkingdead-online.com/hq/albums/HQ/19/Edicao113/The_Walking_Dead_113-005.jpg"
                },
                {
                    "href": "The_Walking_Dead_113-006.jpg",
                    "text": " The_Walking_Dead_113-006.jpg",
                    "imageUrl": "http://thewalkingdead-online.com/hq/albums/HQ/19/Edicao113/The_Walking_Dead_113-006.jpg"
                },
                {
                    "href": "The_Walking_Dead_113-007.jpg",
                    "text": " The_Walking_Dead_113-007.jpg",
                    "imageUrl": "http://thewalkingdead-online.com/hq/albums/HQ/19/Edicao113/The_Walking_Dead_113-007.jpg"
                },
                {
                    "href": "The_Walking_Dead_113-008.jpg",
                    "text": " The_Walking_Dead_113-008.jpg",
                    "imageUrl": "http://thewalkingdead-online.com/hq/albums/HQ/19/Edicao113/The_Walking_Dead_113-008.jpg"
                },
                {
                    "href": "The_Walking_Dead_113-009.jpg",
                    "text": " The_Walking_Dead_113-009.jpg",
                    "imageUrl": "http://thewalkingdead-online.com/hq/albums/HQ/19/Edicao113/The_Walking_Dead_113-009.jpg"
                },
                {
                    "href": "The_Walking_Dead_113-010.jpg",
                    "text": " The_Walking_Dead_113-010.jpg",
                    "imageUrl": "http://thewalkingdead-online.com/hq/albums/HQ/19/Edicao113/The_Walking_Dead_113-010.jpg"
                },
                {
                    "href": "The_Walking_Dead_113-011.jpg",
                    "text": " The_Walking_Dead_113-011.jpg",
                    "imageUrl": "http://thewalkingdead-online.com/hq/albums/HQ/19/Edicao113/The_Walking_Dead_113-011.jpg"
                },
                {
                    "href": "The_Walking_Dead_113-012.jpg",
                    "text": " The_Walking_Dead_113-012.jpg",
                    "imageUrl": "http://thewalkingdead-online.com/hq/albums/HQ/19/Edicao113/The_Walking_Dead_113-012.jpg"
                },
                {
                    "href": "The_Walking_Dead_113-013.jpg",
                    "text": " The_Walking_Dead_113-013.jpg",
                    "imageUrl": "http://thewalkingdead-online.com/hq/albums/HQ/19/Edicao113/The_Walking_Dead_113-013.jpg"
                },
                {
                    "href": "The_Walking_Dead_113-014.jpg",
                    "text": " The_Walking_Dead_113-014.jpg",
                    "imageUrl": "http://thewalkingdead-online.com/hq/albums/HQ/19/Edicao113/The_Walking_Dead_113-014.jpg"
                },
                {
                    "href": "The_Walking_Dead_113-015.jpg",
                    "text": " The_Walking_Dead_113-015.jpg",
                    "imageUrl": "http://thewalkingdead-online.com/hq/albums/HQ/19/Edicao113/The_Walking_Dead_113-015.jpg"
                },
                {
                    "href": "The_Walking_Dead_113-016.jpg",
                    "text": " The_Walking_Dead_113-016.jpg",
                    "imageUrl": "http://thewalkingdead-online.com/hq/albums/HQ/19/Edicao113/The_Walking_Dead_113-016.jpg"
                },
                {
                    "href": "The_Walking_Dead_113-017.jpg",
                    "text": " The_Walking_Dead_113-017.jpg",
                    "imageUrl": "http://thewalkingdead-online.com/hq/albums/HQ/19/Edicao113/The_Walking_Dead_113-017.jpg"
                },
                {
                    "href": "The_Walking_Dead_113-018.jpg",
                    "text": " The_Walking_Dead_113-018.jpg",
                    "imageUrl": "http://thewalkingdead-online.com/hq/albums/HQ/19/Edicao113/The_Walking_Dead_113-018.jpg"
                },
                {
                    "href": "The_Walking_Dead_113-019.jpg",
                    "text": " The_Walking_Dead_113-019.jpg",
                    "imageUrl": "http://thewalkingdead-online.com/hq/albums/HQ/19/Edicao113/The_Walking_Dead_113-019.jpg"
                },
                {
                    "href": "The_Walking_Dead_113-020.jpg",
                    "text": " The_Walking_Dead_113-020.jpg",
                    "imageUrl": "http://thewalkingdead-online.com/hq/albums/HQ/19/Edicao113/The_Walking_Dead_113-020.jpg"
                },
                {
                    "href": "The_Walking_Dead_113-021.jpg",
                    "text": " The_Walking_Dead_113-021.jpg",
                    "imageUrl": "http://thewalkingdead-online.com/hq/albums/HQ/19/Edicao113/The_Walking_Dead_113-021.jpg"
                },
                {
                    "href": "The_Walking_Dead_113-022.jpg",
                    "text": " The_Walking_Dead_113-022.jpg",
                    "imageUrl": "http://thewalkingdead-online.com/hq/albums/HQ/19/Edicao113/The_Walking_Dead_113-022.jpg"
                },
                {
                    "href": "The_Walking_Dead_113-025.jpg",
                    "text": " The_Walking_Dead_113-025.jpg",
                    "imageUrl": "http://thewalkingdead-online.com/hq/albums/HQ/19/Edicao113/The_Walking_Dead_113-025.jpg"
                },
                {
                    "href": "X_-_creditos.jpg",
                    "text": " X_-_creditos.jpg",
                    "imageUrl": "http://thewalkingdead-online.com/hq/albums/HQ/19/Edicao113/X_-_creditos.jpg"
                },
                {
                    "href": "thumb_The_Walking_Dead_113-000.jpg",
                    "text": " thumb_The_Walking_Dead_113-000.jpg",
                    "imageUrl": "http://thewalkingdead-online.com/hq/albums/HQ/19/Edicao113/thumb_The_Walking_Dead_113-000.jpg"
                },
                {
                    "href": "thumb_The_Walking_Dead_113-001.jpg",
                    "text": " thumb_The_Walking_Dead_113-001.jpg",
                    "imageUrl": "http://thewalkingdead-online.com/hq/albums/HQ/19/Edicao113/thumb_The_Walking_Dead_113-001.jpg"
                },
                {
                    "href": "thumb_The_Walking_Dead_113-002.jpg",
                    "text": " thumb_The_Walking_Dead_113-002.jpg",
                    "imageUrl": "http://thewalkingdead-online.com/hq/albums/HQ/19/Edicao113/thumb_The_Walking_Dead_113-002.jpg"
                },
                {
                    "href": "thumb_The_Walking_Dead_113-003.jpg",
                    "text": " thumb_The_Walking_Dead_113-003.jpg",
                    "imageUrl": "http://thewalkingdead-online.com/hq/albums/HQ/19/Edicao113/thumb_The_Walking_Dead_113-003.jpg"
                },
                {
                    "href": "thumb_The_Walking_Dead_113-004.jpg",
                    "text": " thumb_The_Walking_Dead_113-004.jpg",
                    "imageUrl": "http://thewalkingdead-online.com/hq/albums/HQ/19/Edicao113/thumb_The_Walking_Dead_113-004.jpg"
                },
                {
                    "href": "thumb_The_Walking_Dead_113-005.jpg",
                    "text": " thumb_The_Walking_Dead_113-005.jpg",
                    "imageUrl": "http://thewalkingdead-online.com/hq/albums/HQ/19/Edicao113/thumb_The_Walking_Dead_113-005.jpg"
                },
                {
                    "href": "thumb_The_Walking_Dead_113-006.jpg",
                    "text": " thumb_The_Walking_Dead_113-006.jpg",
                    "imageUrl": "http://thewalkingdead-online.com/hq/albums/HQ/19/Edicao113/thumb_The_Walking_Dead_113-006.jpg"
                },
                {
                    "href": "thumb_The_Walking_Dead_113-007.jpg",
                    "text": " thumb_The_Walking_Dead_113-007.jpg",
                    "imageUrl": "http://thewalkingdead-online.com/hq/albums/HQ/19/Edicao113/thumb_The_Walking_Dead_113-007.jpg"
                },
                {
                    "href": "thumb_The_Walking_Dead_113-008.jpg",
                    "text": " thumb_The_Walking_Dead_113-008.jpg",
                    "imageUrl": "http://thewalkingdead-online.com/hq/albums/HQ/19/Edicao113/thumb_The_Walking_Dead_113-008.jpg"
                },
                {
                    "href": "thumb_The_Walking_Dead_113-009.jpg",
                    "text": " thumb_The_Walking_Dead_113-009.jpg",
                    "imageUrl": "http://thewalkingdead-online.com/hq/albums/HQ/19/Edicao113/thumb_The_Walking_Dead_113-009.jpg"
                },
                {
                    "href": "thumb_The_Walking_Dead_113-010.jpg",
                    "text": " thumb_The_Walking_Dead_113-010.jpg",
                    "imageUrl": "http://thewalkingdead-online.com/hq/albums/HQ/19/Edicao113/thumb_The_Walking_Dead_113-010.jpg"
                },
                {
                    "href": "thumb_The_Walking_Dead_113-011.jpg",
                    "text": " thumb_The_Walking_Dead_113-011.jpg",
                    "imageUrl": "http://thewalkingdead-online.com/hq/albums/HQ/19/Edicao113/thumb_The_Walking_Dead_113-011.jpg"
                },
                {
                    "href": "thumb_The_Walking_Dead_113-012.jpg",
                    "text": " thumb_The_Walking_Dead_113-012.jpg",
                    "imageUrl": "http://thewalkingdead-online.com/hq/albums/HQ/19/Edicao113/thumb_The_Walking_Dead_113-012.jpg"
                },
                {
                    "href": "thumb_The_Walking_Dead_113-013.jpg",
                    "text": " thumb_The_Walking_Dead_113-013.jpg",
                    "imageUrl": "http://thewalkingdead-online.com/hq/albums/HQ/19/Edicao113/thumb_The_Walking_Dead_113-013.jpg"
                },
                {
                    "href": "thumb_The_Walking_Dead_113-014.jpg",
                    "text": " thumb_The_Walking_Dead_113-014.jpg",
                    "imageUrl": "http://thewalkingdead-online.com/hq/albums/HQ/19/Edicao113/thumb_The_Walking_Dead_113-014.jpg"
                },
                {
                    "href": "thumb_The_Walking_Dead_113-015.jpg",
                    "text": " thumb_The_Walking_Dead_113-015.jpg",
                    "imageUrl": "http://thewalkingdead-online.com/hq/albums/HQ/19/Edicao113/thumb_The_Walking_Dead_113-015.jpg"
                },
                {
                    "href": "thumb_The_Walking_Dead_113-016.jpg",
                    "text": " thumb_The_Walking_Dead_113-016.jpg",
                    "imageUrl": "http://thewalkingdead-online.com/hq/albums/HQ/19/Edicao113/thumb_The_Walking_Dead_113-016.jpg"
                },
                {
                    "href": "thumb_The_Walking_Dead_113-017.jpg",
                    "text": " thumb_The_Walking_Dead_113-017.jpg",
                    "imageUrl": "http://thewalkingdead-online.com/hq/albums/HQ/19/Edicao113/thumb_The_Walking_Dead_113-017.jpg"
                },
                {
                    "href": "thumb_The_Walking_Dead_113-018.jpg",
                    "text": " thumb_The_Walking_Dead_113-018.jpg",
                    "imageUrl": "http://thewalkingdead-online.com/hq/albums/HQ/19/Edicao113/thumb_The_Walking_Dead_113-018.jpg"
                },
                {
                    "href": "thumb_The_Walking_Dead_113-019.jpg",
                    "text": " thumb_The_Walking_Dead_113-019.jpg",
                    "imageUrl": "http://thewalkingdead-online.com/hq/albums/HQ/19/Edicao113/thumb_The_Walking_Dead_113-019.jpg"
                },
                {
                    "href": "thumb_The_Walking_Dead_113-020.jpg",
                    "text": " thumb_The_Walking_Dead_113-020.jpg",
                    "imageUrl": "http://thewalkingdead-online.com/hq/albums/HQ/19/Edicao113/thumb_The_Walking_Dead_113-020.jpg"
                },
                {
                    "href": "thumb_The_Walking_Dead_113-021.jpg",
                    "text": " thumb_The_Walking_Dead_113-021.jpg",
                    "imageUrl": "http://thewalkingdead-online.com/hq/albums/HQ/19/Edicao113/thumb_The_Walking_Dead_113-021.jpg"
                },
                {
                    "href": "thumb_The_Walking_Dead_113-022.jpg",
                    "text": " thumb_The_Walking_Dead_113-022.jpg",
                    "imageUrl": "http://thewalkingdead-online.com/hq/albums/HQ/19/Edicao113/thumb_The_Walking_Dead_113-022.jpg"
                },
                {
                    "href": "thumb_The_Walking_Dead_113-025.jpg",
                    "text": " thumb_The_Walking_Dead_113-025.jpg",
                    "imageUrl": "http://thewalkingdead-online.com/hq/albums/HQ/19/Edicao113/thumb_The_Walking_Dead_113-025.jpg"
                },
                {
                    "href": "thumb_X_-_creditos.jpg",
                    "text": " thumb_X_-_creditos.jpg",
                    "imageUrl": "http://thewalkingdead-online.com/hq/albums/HQ/19/Edicao113/thumb_X_-_creditos.jpg"
                }
            ]
        },
        {
            "href": "Edicao114/",
            "text": " Edicao114/",
            "images": [
                {
                    "href": "The_Walking_Dead_114-000.jpg",
                    "text": " The_Walking_Dead_114-000.jpg",
                    "imageUrl": "http://thewalkingdead-online.com/hq/albums/HQ/19/Edicao114/The_Walking_Dead_114-000.jpg"
                },
                {
                    "href": "The_Walking_Dead_114-001.jpg",
                    "text": " The_Walking_Dead_114-001.jpg",
                    "imageUrl": "http://thewalkingdead-online.com/hq/albums/HQ/19/Edicao114/The_Walking_Dead_114-001.jpg"
                },
                {
                    "href": "The_Walking_Dead_114-002.jpg",
                    "text": " The_Walking_Dead_114-002.jpg",
                    "imageUrl": "http://thewalkingdead-online.com/hq/albums/HQ/19/Edicao114/The_Walking_Dead_114-002.jpg"
                },
                {
                    "href": "The_Walking_Dead_114-003.jpg",
                    "text": " The_Walking_Dead_114-003.jpg",
                    "imageUrl": "http://thewalkingdead-online.com/hq/albums/HQ/19/Edicao114/The_Walking_Dead_114-003.jpg"
                },
                {
                    "href": "The_Walking_Dead_114-004.jpg",
                    "text": " The_Walking_Dead_114-004.jpg",
                    "imageUrl": "http://thewalkingdead-online.com/hq/albums/HQ/19/Edicao114/The_Walking_Dead_114-004.jpg"
                },
                {
                    "href": "The_Walking_Dead_114-005.jpg",
                    "text": " The_Walking_Dead_114-005.jpg",
                    "imageUrl": "http://thewalkingdead-online.com/hq/albums/HQ/19/Edicao114/The_Walking_Dead_114-005.jpg"
                },
                {
                    "href": "The_Walking_Dead_114-006.jpg",
                    "text": " The_Walking_Dead_114-006.jpg",
                    "imageUrl": "http://thewalkingdead-online.com/hq/albums/HQ/19/Edicao114/The_Walking_Dead_114-006.jpg"
                },
                {
                    "href": "The_Walking_Dead_114-007.jpg",
                    "text": " The_Walking_Dead_114-007.jpg",
                    "imageUrl": "http://thewalkingdead-online.com/hq/albums/HQ/19/Edicao114/The_Walking_Dead_114-007.jpg"
                },
                {
                    "href": "The_Walking_Dead_114-008.jpg",
                    "text": " The_Walking_Dead_114-008.jpg",
                    "imageUrl": "http://thewalkingdead-online.com/hq/albums/HQ/19/Edicao114/The_Walking_Dead_114-008.jpg"
                },
                {
                    "href": "The_Walking_Dead_114-009.jpg",
                    "text": " The_Walking_Dead_114-009.jpg",
                    "imageUrl": "http://thewalkingdead-online.com/hq/albums/HQ/19/Edicao114/The_Walking_Dead_114-009.jpg"
                },
                {
                    "href": "The_Walking_Dead_114-010.jpg",
                    "text": " The_Walking_Dead_114-010.jpg",
                    "imageUrl": "http://thewalkingdead-online.com/hq/albums/HQ/19/Edicao114/The_Walking_Dead_114-010.jpg"
                },
                {
                    "href": "The_Walking_Dead_114-011.jpg",
                    "text": " The_Walking_Dead_114-011.jpg",
                    "imageUrl": "http://thewalkingdead-online.com/hq/albums/HQ/19/Edicao114/The_Walking_Dead_114-011.jpg"
                },
                {
                    "href": "The_Walking_Dead_114-012.jpg",
                    "text": " The_Walking_Dead_114-012.jpg",
                    "imageUrl": "http://thewalkingdead-online.com/hq/albums/HQ/19/Edicao114/The_Walking_Dead_114-012.jpg"
                },
                {
                    "href": "The_Walking_Dead_114-013.jpg",
                    "text": " The_Walking_Dead_114-013.jpg",
                    "imageUrl": "http://thewalkingdead-online.com/hq/albums/HQ/19/Edicao114/The_Walking_Dead_114-013.jpg"
                },
                {
                    "href": "The_Walking_Dead_114-014.jpg",
                    "text": " The_Walking_Dead_114-014.jpg",
                    "imageUrl": "http://thewalkingdead-online.com/hq/albums/HQ/19/Edicao114/The_Walking_Dead_114-014.jpg"
                },
                {
                    "href": "The_Walking_Dead_114-015.jpg",
                    "text": " The_Walking_Dead_114-015.jpg",
                    "imageUrl": "http://thewalkingdead-online.com/hq/albums/HQ/19/Edicao114/The_Walking_Dead_114-015.jpg"
                },
                {
                    "href": "The_Walking_Dead_114-016.jpg",
                    "text": " The_Walking_Dead_114-016.jpg",
                    "imageUrl": "http://thewalkingdead-online.com/hq/albums/HQ/19/Edicao114/The_Walking_Dead_114-016.jpg"
                },
                {
                    "href": "The_Walking_Dead_114-017.jpg",
                    "text": " The_Walking_Dead_114-017.jpg",
                    "imageUrl": "http://thewalkingdead-online.com/hq/albums/HQ/19/Edicao114/The_Walking_Dead_114-017.jpg"
                },
                {
                    "href": "The_Walking_Dead_114-018.jpg",
                    "text": " The_Walking_Dead_114-018.jpg",
                    "imageUrl": "http://thewalkingdead-online.com/hq/albums/HQ/19/Edicao114/The_Walking_Dead_114-018.jpg"
                },
                {
                    "href": "The_Walking_Dead_114-019.jpg",
                    "text": " The_Walking_Dead_114-019.jpg",
                    "imageUrl": "http://thewalkingdead-online.com/hq/albums/HQ/19/Edicao114/The_Walking_Dead_114-019.jpg"
                },
                {
                    "href": "The_Walking_Dead_114-020.jpg",
                    "text": " The_Walking_Dead_114-020.jpg",
                    "imageUrl": "http://thewalkingdead-online.com/hq/albums/HQ/19/Edicao114/The_Walking_Dead_114-020.jpg"
                },
                {
                    "href": "The_Walking_Dead_114-021.jpg",
                    "text": " The_Walking_Dead_114-021.jpg",
                    "imageUrl": "http://thewalkingdead-online.com/hq/albums/HQ/19/Edicao114/The_Walking_Dead_114-021.jpg"
                },
                {
                    "href": "The_Walking_Dead_114-022.jpg",
                    "text": " The_Walking_Dead_114-022.jpg",
                    "imageUrl": "http://thewalkingdead-online.com/hq/albums/HQ/19/Edicao114/The_Walking_Dead_114-022.jpg"
                },
                {
                    "href": "The_Walking_Dead_114-023.jpg",
                    "text": " The_Walking_Dead_114-023.jpg",
                    "imageUrl": "http://thewalkingdead-online.com/hq/albums/HQ/19/Edicao114/The_Walking_Dead_114-023.jpg"
                },
                {
                    "href": "The_Walking_Dead_114-026.jpg",
                    "text": " The_Walking_Dead_114-026.jpg",
                    "imageUrl": "http://thewalkingdead-online.com/hq/albums/HQ/19/Edicao114/The_Walking_Dead_114-026.jpg"
                },
                {
                    "href": "X_-_creditos.jpg",
                    "text": " X_-_creditos.jpg",
                    "imageUrl": "http://thewalkingdead-online.com/hq/albums/HQ/19/Edicao114/X_-_creditos.jpg"
                },
                {
                    "href": "thumb_The_Walking_Dead_114-000.jpg",
                    "text": " thumb_The_Walking_Dead_114-000.jpg",
                    "imageUrl": "http://thewalkingdead-online.com/hq/albums/HQ/19/Edicao114/thumb_The_Walking_Dead_114-000.jpg"
                },
                {
                    "href": "thumb_The_Walking_Dead_114-001.jpg",
                    "text": " thumb_The_Walking_Dead_114-001.jpg",
                    "imageUrl": "http://thewalkingdead-online.com/hq/albums/HQ/19/Edicao114/thumb_The_Walking_Dead_114-001.jpg"
                },
                {
                    "href": "thumb_The_Walking_Dead_114-002.jpg",
                    "text": " thumb_The_Walking_Dead_114-002.jpg",
                    "imageUrl": "http://thewalkingdead-online.com/hq/albums/HQ/19/Edicao114/thumb_The_Walking_Dead_114-002.jpg"
                },
                {
                    "href": "thumb_The_Walking_Dead_114-003.jpg",
                    "text": " thumb_The_Walking_Dead_114-003.jpg",
                    "imageUrl": "http://thewalkingdead-online.com/hq/albums/HQ/19/Edicao114/thumb_The_Walking_Dead_114-003.jpg"
                },
                {
                    "href": "thumb_The_Walking_Dead_114-004.jpg",
                    "text": " thumb_The_Walking_Dead_114-004.jpg",
                    "imageUrl": "http://thewalkingdead-online.com/hq/albums/HQ/19/Edicao114/thumb_The_Walking_Dead_114-004.jpg"
                },
                {
                    "href": "thumb_The_Walking_Dead_114-005.jpg",
                    "text": " thumb_The_Walking_Dead_114-005.jpg",
                    "imageUrl": "http://thewalkingdead-online.com/hq/albums/HQ/19/Edicao114/thumb_The_Walking_Dead_114-005.jpg"
                },
                {
                    "href": "thumb_The_Walking_Dead_114-006.jpg",
                    "text": " thumb_The_Walking_Dead_114-006.jpg",
                    "imageUrl": "http://thewalkingdead-online.com/hq/albums/HQ/19/Edicao114/thumb_The_Walking_Dead_114-006.jpg"
                },
                {
                    "href": "thumb_The_Walking_Dead_114-007.jpg",
                    "text": " thumb_The_Walking_Dead_114-007.jpg",
                    "imageUrl": "http://thewalkingdead-online.com/hq/albums/HQ/19/Edicao114/thumb_The_Walking_Dead_114-007.jpg"
                },
                {
                    "href": "thumb_The_Walking_Dead_114-008.jpg",
                    "text": " thumb_The_Walking_Dead_114-008.jpg",
                    "imageUrl": "http://thewalkingdead-online.com/hq/albums/HQ/19/Edicao114/thumb_The_Walking_Dead_114-008.jpg"
                },
                {
                    "href": "thumb_The_Walking_Dead_114-009.jpg",
                    "text": " thumb_The_Walking_Dead_114-009.jpg",
                    "imageUrl": "http://thewalkingdead-online.com/hq/albums/HQ/19/Edicao114/thumb_The_Walking_Dead_114-009.jpg"
                },
                {
                    "href": "thumb_The_Walking_Dead_114-010.jpg",
                    "text": " thumb_The_Walking_Dead_114-010.jpg",
                    "imageUrl": "http://thewalkingdead-online.com/hq/albums/HQ/19/Edicao114/thumb_The_Walking_Dead_114-010.jpg"
                },
                {
                    "href": "thumb_The_Walking_Dead_114-011.jpg",
                    "text": " thumb_The_Walking_Dead_114-011.jpg",
                    "imageUrl": "http://thewalkingdead-online.com/hq/albums/HQ/19/Edicao114/thumb_The_Walking_Dead_114-011.jpg"
                },
                {
                    "href": "thumb_The_Walking_Dead_114-012.jpg",
                    "text": " thumb_The_Walking_Dead_114-012.jpg",
                    "imageUrl": "http://thewalkingdead-online.com/hq/albums/HQ/19/Edicao114/thumb_The_Walking_Dead_114-012.jpg"
                },
                {
                    "href": "thumb_The_Walking_Dead_114-013.jpg",
                    "text": " thumb_The_Walking_Dead_114-013.jpg",
                    "imageUrl": "http://thewalkingdead-online.com/hq/albums/HQ/19/Edicao114/thumb_The_Walking_Dead_114-013.jpg"
                },
                {
                    "href": "thumb_The_Walking_Dead_114-014.jpg",
                    "text": " thumb_The_Walking_Dead_114-014.jpg",
                    "imageUrl": "http://thewalkingdead-online.com/hq/albums/HQ/19/Edicao114/thumb_The_Walking_Dead_114-014.jpg"
                },
                {
                    "href": "thumb_The_Walking_Dead_114-015.jpg",
                    "text": " thumb_The_Walking_Dead_114-015.jpg",
                    "imageUrl": "http://thewalkingdead-online.com/hq/albums/HQ/19/Edicao114/thumb_The_Walking_Dead_114-015.jpg"
                },
                {
                    "href": "thumb_The_Walking_Dead_114-016.jpg",
                    "text": " thumb_The_Walking_Dead_114-016.jpg",
                    "imageUrl": "http://thewalkingdead-online.com/hq/albums/HQ/19/Edicao114/thumb_The_Walking_Dead_114-016.jpg"
                },
                {
                    "href": "thumb_The_Walking_Dead_114-017.jpg",
                    "text": " thumb_The_Walking_Dead_114-017.jpg",
                    "imageUrl": "http://thewalkingdead-online.com/hq/albums/HQ/19/Edicao114/thumb_The_Walking_Dead_114-017.jpg"
                },
                {
                    "href": "thumb_The_Walking_Dead_114-018.jpg",
                    "text": " thumb_The_Walking_Dead_114-018.jpg",
                    "imageUrl": "http://thewalkingdead-online.com/hq/albums/HQ/19/Edicao114/thumb_The_Walking_Dead_114-018.jpg"
                },
                {
                    "href": "thumb_The_Walking_Dead_114-019.jpg",
                    "text": " thumb_The_Walking_Dead_114-019.jpg",
                    "imageUrl": "http://thewalkingdead-online.com/hq/albums/HQ/19/Edicao114/thumb_The_Walking_Dead_114-019.jpg"
                },
                {
                    "href": "thumb_The_Walking_Dead_114-020.jpg",
                    "text": " thumb_The_Walking_Dead_114-020.jpg",
                    "imageUrl": "http://thewalkingdead-online.com/hq/albums/HQ/19/Edicao114/thumb_The_Walking_Dead_114-020.jpg"
                },
                {
                    "href": "thumb_The_Walking_Dead_114-021.jpg",
                    "text": " thumb_The_Walking_Dead_114-021.jpg",
                    "imageUrl": "http://thewalkingdead-online.com/hq/albums/HQ/19/Edicao114/thumb_The_Walking_Dead_114-021.jpg"
                },
                {
                    "href": "thumb_The_Walking_Dead_114-022.jpg",
                    "text": " thumb_The_Walking_Dead_114-022.jpg",
                    "imageUrl": "http://thewalkingdead-online.com/hq/albums/HQ/19/Edicao114/thumb_The_Walking_Dead_114-022.jpg"
                },
                {
                    "href": "thumb_The_Walking_Dead_114-023.jpg",
                    "text": " thumb_The_Walking_Dead_114-023.jpg",
                    "imageUrl": "http://thewalkingdead-online.com/hq/albums/HQ/19/Edicao114/thumb_The_Walking_Dead_114-023.jpg"
                },
                {
                    "href": "thumb_The_Walking_Dead_114-026.jpg",
                    "text": " thumb_The_Walking_Dead_114-026.jpg",
                    "imageUrl": "http://thewalkingdead-online.com/hq/albums/HQ/19/Edicao114/thumb_The_Walking_Dead_114-026.jpg"
                },
                {
                    "href": "thumb_X_-_creditos.jpg",
                    "text": " thumb_X_-_creditos.jpg",
                    "imageUrl": "http://thewalkingdead-online.com/hq/albums/HQ/19/Edicao114/thumb_X_-_creditos.jpg"
                }
            ]
        }
    ]
}