{
    "href": "02%20-%20Caminhos%20Trilhados/",
    "text": " 02 - Caminhos Trilhados/",
    "chapters": [
        {
            "href": "07%20-%20Caminhos%20Trilhados/",
            "text": " 07 - Caminhos Trilhados/",
            "images": [
                {
                    "href": "00.jpg",
                    "text": " 00.jpg",
                    "imageUrl": "http://thewalkingdead-online.com/hq/albums/HQ/02%20-%20Caminhos%20Trilhados/07%20-%20Caminhos%20Trilhados/00.jpg"
                },
                {
                    "href": "01.jpg",
                    "text": " 01.jpg",
                    "imageUrl": "http://thewalkingdead-online.com/hq/albums/HQ/02%20-%20Caminhos%20Trilhados/07%20-%20Caminhos%20Trilhados/01.jpg"
                },
                {
                    "href": "02.jpg",
                    "text": " 02.jpg",
                    "imageUrl": "http://thewalkingdead-online.com/hq/albums/HQ/02%20-%20Caminhos%20Trilhados/07%20-%20Caminhos%20Trilhados/02.jpg"
                },
                {
                    "href": "03.jpg",
                    "text": " 03.jpg",
                    "imageUrl": "http://thewalkingdead-online.com/hq/albums/HQ/02%20-%20Caminhos%20Trilhados/07%20-%20Caminhos%20Trilhados/03.jpg"
                },
                {
                    "href": "04.jpg",
                    "text": " 04.jpg",
                    "imageUrl": "http://thewalkingdead-online.com/hq/albums/HQ/02%20-%20Caminhos%20Trilhados/07%20-%20Caminhos%20Trilhados/04.jpg"
                },
                {
                    "href": "05.jpg",
                    "text": " 05.jpg",
                    "imageUrl": "http://thewalkingdead-online.com/hq/albums/HQ/02%20-%20Caminhos%20Trilhados/07%20-%20Caminhos%20Trilhados/05.jpg"
                },
                {
                    "href": "06.jpg",
                    "text": " 06.jpg",
                    "imageUrl": "http://thewalkingdead-online.com/hq/albums/HQ/02%20-%20Caminhos%20Trilhados/07%20-%20Caminhos%20Trilhados/06.jpg"
                },
                {
                    "href": "07.jpg",
                    "text": " 07.jpg",
                    "imageUrl": "http://thewalkingdead-online.com/hq/albums/HQ/02%20-%20Caminhos%20Trilhados/07%20-%20Caminhos%20Trilhados/07.jpg"
                },
                {
                    "href": "08.jpg",
                    "text": " 08.jpg",
                    "imageUrl": "http://thewalkingdead-online.com/hq/albums/HQ/02%20-%20Caminhos%20Trilhados/07%20-%20Caminhos%20Trilhados/08.jpg"
                },
                {
                    "href": "09.jpg",
                    "text": " 09.jpg",
                    "imageUrl": "http://thewalkingdead-online.com/hq/albums/HQ/02%20-%20Caminhos%20Trilhados/07%20-%20Caminhos%20Trilhados/09.jpg"
                },
                {
                    "href": "10.jpg",
                    "text": " 10.jpg",
                    "imageUrl": "http://thewalkingdead-online.com/hq/albums/HQ/02%20-%20Caminhos%20Trilhados/07%20-%20Caminhos%20Trilhados/10.jpg"
                },
                {
                    "href": "11.jpg",
                    "text": " 11.jpg",
                    "imageUrl": "http://thewalkingdead-online.com/hq/albums/HQ/02%20-%20Caminhos%20Trilhados/07%20-%20Caminhos%20Trilhados/11.jpg"
                },
                {
                    "href": "12.jpg",
                    "text": " 12.jpg",
                    "imageUrl": "http://thewalkingdead-online.com/hq/albums/HQ/02%20-%20Caminhos%20Trilhados/07%20-%20Caminhos%20Trilhados/12.jpg"
                },
                {
                    "href": "13.jpg",
                    "text": " 13.jpg",
                    "imageUrl": "http://thewalkingdead-online.com/hq/albums/HQ/02%20-%20Caminhos%20Trilhados/07%20-%20Caminhos%20Trilhados/13.jpg"
                },
                {
                    "href": "14.jpg",
                    "text": " 14.jpg",
                    "imageUrl": "http://thewalkingdead-online.com/hq/albums/HQ/02%20-%20Caminhos%20Trilhados/07%20-%20Caminhos%20Trilhados/14.jpg"
                },
                {
                    "href": "15.jpg",
                    "text": " 15.jpg",
                    "imageUrl": "http://thewalkingdead-online.com/hq/albums/HQ/02%20-%20Caminhos%20Trilhados/07%20-%20Caminhos%20Trilhados/15.jpg"
                },
                {
                    "href": "16.jpg",
                    "text": " 16.jpg",
                    "imageUrl": "http://thewalkingdead-online.com/hq/albums/HQ/02%20-%20Caminhos%20Trilhados/07%20-%20Caminhos%20Trilhados/16.jpg"
                },
                {
                    "href": "17.jpg",
                    "text": " 17.jpg",
                    "imageUrl": "http://thewalkingdead-online.com/hq/albums/HQ/02%20-%20Caminhos%20Trilhados/07%20-%20Caminhos%20Trilhados/17.jpg"
                },
                {
                    "href": "18.jpg",
                    "text": " 18.jpg",
                    "imageUrl": "http://thewalkingdead-online.com/hq/albums/HQ/02%20-%20Caminhos%20Trilhados/07%20-%20Caminhos%20Trilhados/18.jpg"
                },
                {
                    "href": "19.jpg",
                    "text": " 19.jpg",
                    "imageUrl": "http://thewalkingdead-online.com/hq/albums/HQ/02%20-%20Caminhos%20Trilhados/07%20-%20Caminhos%20Trilhados/19.jpg"
                },
                {
                    "href": "20.jpg",
                    "text": " 20.jpg",
                    "imageUrl": "http://thewalkingdead-online.com/hq/albums/HQ/02%20-%20Caminhos%20Trilhados/07%20-%20Caminhos%20Trilhados/20.jpg"
                },
                {
                    "href": "21.jpg",
                    "text": " 21.jpg",
                    "imageUrl": "http://thewalkingdead-online.com/hq/albums/HQ/02%20-%20Caminhos%20Trilhados/07%20-%20Caminhos%20Trilhados/21.jpg"
                },
                {
                    "href": "22.jpg",
                    "text": " 22.jpg",
                    "imageUrl": "http://thewalkingdead-online.com/hq/albums/HQ/02%20-%20Caminhos%20Trilhados/07%20-%20Caminhos%20Trilhados/22.jpg"
                },
                {
                    "href": "23.jpg",
                    "text": " 23.jpg",
                    "imageUrl": "http://thewalkingdead-online.com/hq/albums/HQ/02%20-%20Caminhos%20Trilhados/07%20-%20Caminhos%20Trilhados/23.jpg"
                }
            ]
        },
        {
            "href": "08%20-%20Caminhos%20Trilhados/",
            "text": " 08 - Caminhos Trilhados/",
            "images": [
                {
                    "href": "00.jpg",
                    "text": " 00.jpg",
                    "imageUrl": "http://thewalkingdead-online.com/hq/albums/HQ/02%20-%20Caminhos%20Trilhados/08%20-%20Caminhos%20Trilhados/00.jpg"
                },
                {
                    "href": "01.jpg",
                    "text": " 01.jpg",
                    "imageUrl": "http://thewalkingdead-online.com/hq/albums/HQ/02%20-%20Caminhos%20Trilhados/08%20-%20Caminhos%20Trilhados/01.jpg"
                },
                {
                    "href": "02.jpg",
                    "text": " 02.jpg",
                    "imageUrl": "http://thewalkingdead-online.com/hq/albums/HQ/02%20-%20Caminhos%20Trilhados/08%20-%20Caminhos%20Trilhados/02.jpg"
                },
                {
                    "href": "03.jpg",
                    "text": " 03.jpg",
                    "imageUrl": "http://thewalkingdead-online.com/hq/albums/HQ/02%20-%20Caminhos%20Trilhados/08%20-%20Caminhos%20Trilhados/03.jpg"
                },
                {
                    "href": "04.jpg",
                    "text": " 04.jpg",
                    "imageUrl": "http://thewalkingdead-online.com/hq/albums/HQ/02%20-%20Caminhos%20Trilhados/08%20-%20Caminhos%20Trilhados/04.jpg"
                },
                {
                    "href": "05.jpg",
                    "text": " 05.jpg",
                    "imageUrl": "http://thewalkingdead-online.com/hq/albums/HQ/02%20-%20Caminhos%20Trilhados/08%20-%20Caminhos%20Trilhados/05.jpg"
                },
                {
                    "href": "06.jpg",
                    "text": " 06.jpg",
                    "imageUrl": "http://thewalkingdead-online.com/hq/albums/HQ/02%20-%20Caminhos%20Trilhados/08%20-%20Caminhos%20Trilhados/06.jpg"
                },
                {
                    "href": "07.jpg",
                    "text": " 07.jpg",
                    "imageUrl": "http://thewalkingdead-online.com/hq/albums/HQ/02%20-%20Caminhos%20Trilhados/08%20-%20Caminhos%20Trilhados/07.jpg"
                },
                {
                    "href": "08.jpg",
                    "text": " 08.jpg",
                    "imageUrl": "http://thewalkingdead-online.com/hq/albums/HQ/02%20-%20Caminhos%20Trilhados/08%20-%20Caminhos%20Trilhados/08.jpg"
                },
                {
                    "href": "09.jpg",
                    "text": " 09.jpg",
                    "imageUrl": "http://thewalkingdead-online.com/hq/albums/HQ/02%20-%20Caminhos%20Trilhados/08%20-%20Caminhos%20Trilhados/09.jpg"
                },
                {
                    "href": "10.jpg",
                    "text": " 10.jpg",
                    "imageUrl": "http://thewalkingdead-online.com/hq/albums/HQ/02%20-%20Caminhos%20Trilhados/08%20-%20Caminhos%20Trilhados/10.jpg"
                },
                {
                    "href": "11.jpg",
                    "text": " 11.jpg",
                    "imageUrl": "http://thewalkingdead-online.com/hq/albums/HQ/02%20-%20Caminhos%20Trilhados/08%20-%20Caminhos%20Trilhados/11.jpg"
                },
                {
                    "href": "12.jpg",
                    "text": " 12.jpg",
                    "imageUrl": "http://thewalkingdead-online.com/hq/albums/HQ/02%20-%20Caminhos%20Trilhados/08%20-%20Caminhos%20Trilhados/12.jpg"
                },
                {
                    "href": "13.jpg",
                    "text": " 13.jpg",
                    "imageUrl": "http://thewalkingdead-online.com/hq/albums/HQ/02%20-%20Caminhos%20Trilhados/08%20-%20Caminhos%20Trilhados/13.jpg"
                },
                {
                    "href": "14.jpg",
                    "text": " 14.jpg",
                    "imageUrl": "http://thewalkingdead-online.com/hq/albums/HQ/02%20-%20Caminhos%20Trilhados/08%20-%20Caminhos%20Trilhados/14.jpg"
                },
                {
                    "href": "15.jpg",
                    "text": " 15.jpg",
                    "imageUrl": "http://thewalkingdead-online.com/hq/albums/HQ/02%20-%20Caminhos%20Trilhados/08%20-%20Caminhos%20Trilhados/15.jpg"
                },
                {
                    "href": "16.jpg",
                    "text": " 16.jpg",
                    "imageUrl": "http://thewalkingdead-online.com/hq/albums/HQ/02%20-%20Caminhos%20Trilhados/08%20-%20Caminhos%20Trilhados/16.jpg"
                },
                {
                    "href": "17.jpg",
                    "text": " 17.jpg",
                    "imageUrl": "http://thewalkingdead-online.com/hq/albums/HQ/02%20-%20Caminhos%20Trilhados/08%20-%20Caminhos%20Trilhados/17.jpg"
                },
                {
                    "href": "18.jpg",
                    "text": " 18.jpg",
                    "imageUrl": "http://thewalkingdead-online.com/hq/albums/HQ/02%20-%20Caminhos%20Trilhados/08%20-%20Caminhos%20Trilhados/18.jpg"
                },
                {
                    "href": "19.jpg",
                    "text": " 19.jpg",
                    "imageUrl": "http://thewalkingdead-online.com/hq/albums/HQ/02%20-%20Caminhos%20Trilhados/08%20-%20Caminhos%20Trilhados/19.jpg"
                },
                {
                    "href": "20.jpg",
                    "text": " 20.jpg",
                    "imageUrl": "http://thewalkingdead-online.com/hq/albums/HQ/02%20-%20Caminhos%20Trilhados/08%20-%20Caminhos%20Trilhados/20.jpg"
                },
                {
                    "href": "21.jpg",
                    "text": " 21.jpg",
                    "imageUrl": "http://thewalkingdead-online.com/hq/albums/HQ/02%20-%20Caminhos%20Trilhados/08%20-%20Caminhos%20Trilhados/21.jpg"
                },
                {
                    "href": "22.jpg",
                    "text": " 22.jpg",
                    "imageUrl": "http://thewalkingdead-online.com/hq/albums/HQ/02%20-%20Caminhos%20Trilhados/08%20-%20Caminhos%20Trilhados/22.jpg"
                },
                {
                    "href": "23.jpg",
                    "text": " 23.jpg",
                    "imageUrl": "http://thewalkingdead-online.com/hq/albums/HQ/02%20-%20Caminhos%20Trilhados/08%20-%20Caminhos%20Trilhados/23.jpg"
                }
            ]
        },
        {
            "href": "09%20-%20Caminhos%20Trilhados/",
            "text": " 09 - Caminhos Trilhados/",
            "images": [
                {
                    "href": "00.jpg",
                    "text": " 00.jpg",
                    "imageUrl": "http://thewalkingdead-online.com/hq/albums/HQ/02%20-%20Caminhos%20Trilhados/09%20-%20Caminhos%20Trilhados/00.jpg"
                },
                {
                    "href": "01.jpg",
                    "text": " 01.jpg",
                    "imageUrl": "http://thewalkingdead-online.com/hq/albums/HQ/02%20-%20Caminhos%20Trilhados/09%20-%20Caminhos%20Trilhados/01.jpg"
                },
                {
                    "href": "02.jpg",
                    "text": " 02.jpg",
                    "imageUrl": "http://thewalkingdead-online.com/hq/albums/HQ/02%20-%20Caminhos%20Trilhados/09%20-%20Caminhos%20Trilhados/02.jpg"
                },
                {
                    "href": "03.jpg",
                    "text": " 03.jpg",
                    "imageUrl": "http://thewalkingdead-online.com/hq/albums/HQ/02%20-%20Caminhos%20Trilhados/09%20-%20Caminhos%20Trilhados/03.jpg"
                },
                {
                    "href": "04.jpg",
                    "text": " 04.jpg",
                    "imageUrl": "http://thewalkingdead-online.com/hq/albums/HQ/02%20-%20Caminhos%20Trilhados/09%20-%20Caminhos%20Trilhados/04.jpg"
                },
                {
                    "href": "05.jpg",
                    "text": " 05.jpg",
                    "imageUrl": "http://thewalkingdead-online.com/hq/albums/HQ/02%20-%20Caminhos%20Trilhados/09%20-%20Caminhos%20Trilhados/05.jpg"
                },
                {
                    "href": "06.jpg",
                    "text": " 06.jpg",
                    "imageUrl": "http://thewalkingdead-online.com/hq/albums/HQ/02%20-%20Caminhos%20Trilhados/09%20-%20Caminhos%20Trilhados/06.jpg"
                },
                {
                    "href": "07.jpg",
                    "text": " 07.jpg",
                    "imageUrl": "http://thewalkingdead-online.com/hq/albums/HQ/02%20-%20Caminhos%20Trilhados/09%20-%20Caminhos%20Trilhados/07.jpg"
                },
                {
                    "href": "08.jpg",
                    "text": " 08.jpg",
                    "imageUrl": "http://thewalkingdead-online.com/hq/albums/HQ/02%20-%20Caminhos%20Trilhados/09%20-%20Caminhos%20Trilhados/08.jpg"
                },
                {
                    "href": "09.jpg",
                    "text": " 09.jpg",
                    "imageUrl": "http://thewalkingdead-online.com/hq/albums/HQ/02%20-%20Caminhos%20Trilhados/09%20-%20Caminhos%20Trilhados/09.jpg"
                },
                {
                    "href": "10.jpg",
                    "text": " 10.jpg",
                    "imageUrl": "http://thewalkingdead-online.com/hq/albums/HQ/02%20-%20Caminhos%20Trilhados/09%20-%20Caminhos%20Trilhados/10.jpg"
                },
                {
                    "href": "11.jpg",
                    "text": " 11.jpg",
                    "imageUrl": "http://thewalkingdead-online.com/hq/albums/HQ/02%20-%20Caminhos%20Trilhados/09%20-%20Caminhos%20Trilhados/11.jpg"
                },
                {
                    "href": "12.jpg",
                    "text": " 12.jpg",
                    "imageUrl": "http://thewalkingdead-online.com/hq/albums/HQ/02%20-%20Caminhos%20Trilhados/09%20-%20Caminhos%20Trilhados/12.jpg"
                },
                {
                    "href": "13.jpg",
                    "text": " 13.jpg",
                    "imageUrl": "http://thewalkingdead-online.com/hq/albums/HQ/02%20-%20Caminhos%20Trilhados/09%20-%20Caminhos%20Trilhados/13.jpg"
                },
                {
                    "href": "14.jpg",
                    "text": " 14.jpg",
                    "imageUrl": "http://thewalkingdead-online.com/hq/albums/HQ/02%20-%20Caminhos%20Trilhados/09%20-%20Caminhos%20Trilhados/14.jpg"
                },
                {
                    "href": "15.jpg",
                    "text": " 15.jpg",
                    "imageUrl": "http://thewalkingdead-online.com/hq/albums/HQ/02%20-%20Caminhos%20Trilhados/09%20-%20Caminhos%20Trilhados/15.jpg"
                },
                {
                    "href": "16.jpg",
                    "text": " 16.jpg",
                    "imageUrl": "http://thewalkingdead-online.com/hq/albums/HQ/02%20-%20Caminhos%20Trilhados/09%20-%20Caminhos%20Trilhados/16.jpg"
                },
                {
                    "href": "17.jpg",
                    "text": " 17.jpg",
                    "imageUrl": "http://thewalkingdead-online.com/hq/albums/HQ/02%20-%20Caminhos%20Trilhados/09%20-%20Caminhos%20Trilhados/17.jpg"
                },
                {
                    "href": "18.jpg",
                    "text": " 18.jpg",
                    "imageUrl": "http://thewalkingdead-online.com/hq/albums/HQ/02%20-%20Caminhos%20Trilhados/09%20-%20Caminhos%20Trilhados/18.jpg"
                },
                {
                    "href": "19.jpg",
                    "text": " 19.jpg",
                    "imageUrl": "http://thewalkingdead-online.com/hq/albums/HQ/02%20-%20Caminhos%20Trilhados/09%20-%20Caminhos%20Trilhados/19.jpg"
                },
                {
                    "href": "20.jpg",
                    "text": " 20.jpg",
                    "imageUrl": "http://thewalkingdead-online.com/hq/albums/HQ/02%20-%20Caminhos%20Trilhados/09%20-%20Caminhos%20Trilhados/20.jpg"
                },
                {
                    "href": "21.jpg",
                    "text": " 21.jpg",
                    "imageUrl": "http://thewalkingdead-online.com/hq/albums/HQ/02%20-%20Caminhos%20Trilhados/09%20-%20Caminhos%20Trilhados/21.jpg"
                },
                {
                    "href": "22.jpg",
                    "text": " 22.jpg",
                    "imageUrl": "http://thewalkingdead-online.com/hq/albums/HQ/02%20-%20Caminhos%20Trilhados/09%20-%20Caminhos%20Trilhados/22.jpg"
                },
                {
                    "href": "23.jpg",
                    "text": " 23.jpg",
                    "imageUrl": "http://thewalkingdead-online.com/hq/albums/HQ/02%20-%20Caminhos%20Trilhados/09%20-%20Caminhos%20Trilhados/23.jpg"
                }
            ]
        },
        {
            "href": "10%20-%20Caminhos%20Trilhados/",
            "text": " 10 - Caminhos Trilhados/",
            "images": [
                {
                    "href": "00.jpg",
                    "text": " 00.jpg",
                    "imageUrl": "http://thewalkingdead-online.com/hq/albums/HQ/02%20-%20Caminhos%20Trilhados/10%20-%20Caminhos%20Trilhados/00.jpg"
                },
                {
                    "href": "01.jpg",
                    "text": " 01.jpg",
                    "imageUrl": "http://thewalkingdead-online.com/hq/albums/HQ/02%20-%20Caminhos%20Trilhados/10%20-%20Caminhos%20Trilhados/01.jpg"
                },
                {
                    "href": "02.jpg",
                    "text": " 02.jpg",
                    "imageUrl": "http://thewalkingdead-online.com/hq/albums/HQ/02%20-%20Caminhos%20Trilhados/10%20-%20Caminhos%20Trilhados/02.jpg"
                },
                {
                    "href": "03.jpg",
                    "text": " 03.jpg",
                    "imageUrl": "http://thewalkingdead-online.com/hq/albums/HQ/02%20-%20Caminhos%20Trilhados/10%20-%20Caminhos%20Trilhados/03.jpg"
                },
                {
                    "href": "04.jpg",
                    "text": " 04.jpg",
                    "imageUrl": "http://thewalkingdead-online.com/hq/albums/HQ/02%20-%20Caminhos%20Trilhados/10%20-%20Caminhos%20Trilhados/04.jpg"
                },
                {
                    "href": "05.jpg",
                    "text": " 05.jpg",
                    "imageUrl": "http://thewalkingdead-online.com/hq/albums/HQ/02%20-%20Caminhos%20Trilhados/10%20-%20Caminhos%20Trilhados/05.jpg"
                },
                {
                    "href": "06.jpg",
                    "text": " 06.jpg",
                    "imageUrl": "http://thewalkingdead-online.com/hq/albums/HQ/02%20-%20Caminhos%20Trilhados/10%20-%20Caminhos%20Trilhados/06.jpg"
                },
                {
                    "href": "07.jpg",
                    "text": " 07.jpg",
                    "imageUrl": "http://thewalkingdead-online.com/hq/albums/HQ/02%20-%20Caminhos%20Trilhados/10%20-%20Caminhos%20Trilhados/07.jpg"
                },
                {
                    "href": "08.jpg",
                    "text": " 08.jpg",
                    "imageUrl": "http://thewalkingdead-online.com/hq/albums/HQ/02%20-%20Caminhos%20Trilhados/10%20-%20Caminhos%20Trilhados/08.jpg"
                },
                {
                    "href": "09.jpg",
                    "text": " 09.jpg",
                    "imageUrl": "http://thewalkingdead-online.com/hq/albums/HQ/02%20-%20Caminhos%20Trilhados/10%20-%20Caminhos%20Trilhados/09.jpg"
                },
                {
                    "href": "10.jpg",
                    "text": " 10.jpg",
                    "imageUrl": "http://thewalkingdead-online.com/hq/albums/HQ/02%20-%20Caminhos%20Trilhados/10%20-%20Caminhos%20Trilhados/10.jpg"
                },
                {
                    "href": "11.jpg",
                    "text": " 11.jpg",
                    "imageUrl": "http://thewalkingdead-online.com/hq/albums/HQ/02%20-%20Caminhos%20Trilhados/10%20-%20Caminhos%20Trilhados/11.jpg"
                },
                {
                    "href": "12.jpg",
                    "text": " 12.jpg",
                    "imageUrl": "http://thewalkingdead-online.com/hq/albums/HQ/02%20-%20Caminhos%20Trilhados/10%20-%20Caminhos%20Trilhados/12.jpg"
                },
                {
                    "href": "13.jpg",
                    "text": " 13.jpg",
                    "imageUrl": "http://thewalkingdead-online.com/hq/albums/HQ/02%20-%20Caminhos%20Trilhados/10%20-%20Caminhos%20Trilhados/13.jpg"
                },
                {
                    "href": "14.jpg",
                    "text": " 14.jpg",
                    "imageUrl": "http://thewalkingdead-online.com/hq/albums/HQ/02%20-%20Caminhos%20Trilhados/10%20-%20Caminhos%20Trilhados/14.jpg"
                },
                {
                    "href": "15.jpg",
                    "text": " 15.jpg",
                    "imageUrl": "http://thewalkingdead-online.com/hq/albums/HQ/02%20-%20Caminhos%20Trilhados/10%20-%20Caminhos%20Trilhados/15.jpg"
                },
                {
                    "href": "16.jpg",
                    "text": " 16.jpg",
                    "imageUrl": "http://thewalkingdead-online.com/hq/albums/HQ/02%20-%20Caminhos%20Trilhados/10%20-%20Caminhos%20Trilhados/16.jpg"
                },
                {
                    "href": "17.jpg",
                    "text": " 17.jpg",
                    "imageUrl": "http://thewalkingdead-online.com/hq/albums/HQ/02%20-%20Caminhos%20Trilhados/10%20-%20Caminhos%20Trilhados/17.jpg"
                },
                {
                    "href": "18.jpg",
                    "text": " 18.jpg",
                    "imageUrl": "http://thewalkingdead-online.com/hq/albums/HQ/02%20-%20Caminhos%20Trilhados/10%20-%20Caminhos%20Trilhados/18.jpg"
                },
                {
                    "href": "19.jpg",
                    "text": " 19.jpg",
                    "imageUrl": "http://thewalkingdead-online.com/hq/albums/HQ/02%20-%20Caminhos%20Trilhados/10%20-%20Caminhos%20Trilhados/19.jpg"
                },
                {
                    "href": "20.jpg",
                    "text": " 20.jpg",
                    "imageUrl": "http://thewalkingdead-online.com/hq/albums/HQ/02%20-%20Caminhos%20Trilhados/10%20-%20Caminhos%20Trilhados/20.jpg"
                },
                {
                    "href": "21.jpg",
                    "text": " 21.jpg",
                    "imageUrl": "http://thewalkingdead-online.com/hq/albums/HQ/02%20-%20Caminhos%20Trilhados/10%20-%20Caminhos%20Trilhados/21.jpg"
                },
                {
                    "href": "22.jpg",
                    "text": " 22.jpg",
                    "imageUrl": "http://thewalkingdead-online.com/hq/albums/HQ/02%20-%20Caminhos%20Trilhados/10%20-%20Caminhos%20Trilhados/22.jpg"
                },
                {
                    "href": "23.jpg",
                    "text": " 23.jpg",
                    "imageUrl": "http://thewalkingdead-online.com/hq/albums/HQ/02%20-%20Caminhos%20Trilhados/10%20-%20Caminhos%20Trilhados/23.jpg"
                }
            ]
        },
        {
            "href": "11%20-%20Caminhos%20Trilhados/",
            "text": " 11 - Caminhos Trilhados/",
            "images": [
                {
                    "href": "00.jpg",
                    "text": " 00.jpg",
                    "imageUrl": "http://thewalkingdead-online.com/hq/albums/HQ/02%20-%20Caminhos%20Trilhados/11%20-%20Caminhos%20Trilhados/00.jpg"
                },
                {
                    "href": "01.jpg",
                    "text": " 01.jpg",
                    "imageUrl": "http://thewalkingdead-online.com/hq/albums/HQ/02%20-%20Caminhos%20Trilhados/11%20-%20Caminhos%20Trilhados/01.jpg"
                },
                {
                    "href": "02.jpg",
                    "text": " 02.jpg",
                    "imageUrl": "http://thewalkingdead-online.com/hq/albums/HQ/02%20-%20Caminhos%20Trilhados/11%20-%20Caminhos%20Trilhados/02.jpg"
                },
                {
                    "href": "03.jpg",
                    "text": " 03.jpg",
                    "imageUrl": "http://thewalkingdead-online.com/hq/albums/HQ/02%20-%20Caminhos%20Trilhados/11%20-%20Caminhos%20Trilhados/03.jpg"
                },
                {
                    "href": "04.jpg",
                    "text": " 04.jpg",
                    "imageUrl": "http://thewalkingdead-online.com/hq/albums/HQ/02%20-%20Caminhos%20Trilhados/11%20-%20Caminhos%20Trilhados/04.jpg"
                },
                {
                    "href": "05.jpg",
                    "text": " 05.jpg",
                    "imageUrl": "http://thewalkingdead-online.com/hq/albums/HQ/02%20-%20Caminhos%20Trilhados/11%20-%20Caminhos%20Trilhados/05.jpg"
                },
                {
                    "href": "06.jpg",
                    "text": " 06.jpg",
                    "imageUrl": "http://thewalkingdead-online.com/hq/albums/HQ/02%20-%20Caminhos%20Trilhados/11%20-%20Caminhos%20Trilhados/06.jpg"
                },
                {
                    "href": "07.jpg",
                    "text": " 07.jpg",
                    "imageUrl": "http://thewalkingdead-online.com/hq/albums/HQ/02%20-%20Caminhos%20Trilhados/11%20-%20Caminhos%20Trilhados/07.jpg"
                },
                {
                    "href": "08.jpg",
                    "text": " 08.jpg",
                    "imageUrl": "http://thewalkingdead-online.com/hq/albums/HQ/02%20-%20Caminhos%20Trilhados/11%20-%20Caminhos%20Trilhados/08.jpg"
                },
                {
                    "href": "09.jpg",
                    "text": " 09.jpg",
                    "imageUrl": "http://thewalkingdead-online.com/hq/albums/HQ/02%20-%20Caminhos%20Trilhados/11%20-%20Caminhos%20Trilhados/09.jpg"
                },
                {
                    "href": "10.jpg",
                    "text": " 10.jpg",
                    "imageUrl": "http://thewalkingdead-online.com/hq/albums/HQ/02%20-%20Caminhos%20Trilhados/11%20-%20Caminhos%20Trilhados/10.jpg"
                },
                {
                    "href": "11.jpg",
                    "text": " 11.jpg",
                    "imageUrl": "http://thewalkingdead-online.com/hq/albums/HQ/02%20-%20Caminhos%20Trilhados/11%20-%20Caminhos%20Trilhados/11.jpg"
                },
                {
                    "href": "12.jpg",
                    "text": " 12.jpg",
                    "imageUrl": "http://thewalkingdead-online.com/hq/albums/HQ/02%20-%20Caminhos%20Trilhados/11%20-%20Caminhos%20Trilhados/12.jpg"
                },
                {
                    "href": "13.jpg",
                    "text": " 13.jpg",
                    "imageUrl": "http://thewalkingdead-online.com/hq/albums/HQ/02%20-%20Caminhos%20Trilhados/11%20-%20Caminhos%20Trilhados/13.jpg"
                },
                {
                    "href": "14.jpg",
                    "text": " 14.jpg",
                    "imageUrl": "http://thewalkingdead-online.com/hq/albums/HQ/02%20-%20Caminhos%20Trilhados/11%20-%20Caminhos%20Trilhados/14.jpg"
                },
                {
                    "href": "15.jpg",
                    "text": " 15.jpg",
                    "imageUrl": "http://thewalkingdead-online.com/hq/albums/HQ/02%20-%20Caminhos%20Trilhados/11%20-%20Caminhos%20Trilhados/15.jpg"
                },
                {
                    "href": "16.jpg",
                    "text": " 16.jpg",
                    "imageUrl": "http://thewalkingdead-online.com/hq/albums/HQ/02%20-%20Caminhos%20Trilhados/11%20-%20Caminhos%20Trilhados/16.jpg"
                },
                {
                    "href": "17.jpg",
                    "text": " 17.jpg",
                    "imageUrl": "http://thewalkingdead-online.com/hq/albums/HQ/02%20-%20Caminhos%20Trilhados/11%20-%20Caminhos%20Trilhados/17.jpg"
                },
                {
                    "href": "18.jpg",
                    "text": " 18.jpg",
                    "imageUrl": "http://thewalkingdead-online.com/hq/albums/HQ/02%20-%20Caminhos%20Trilhados/11%20-%20Caminhos%20Trilhados/18.jpg"
                },
                {
                    "href": "19.jpg",
                    "text": " 19.jpg",
                    "imageUrl": "http://thewalkingdead-online.com/hq/albums/HQ/02%20-%20Caminhos%20Trilhados/11%20-%20Caminhos%20Trilhados/19.jpg"
                },
                {
                    "href": "20.jpg",
                    "text": " 20.jpg",
                    "imageUrl": "http://thewalkingdead-online.com/hq/albums/HQ/02%20-%20Caminhos%20Trilhados/11%20-%20Caminhos%20Trilhados/20.jpg"
                },
                {
                    "href": "21.jpg",
                    "text": " 21.jpg",
                    "imageUrl": "http://thewalkingdead-online.com/hq/albums/HQ/02%20-%20Caminhos%20Trilhados/11%20-%20Caminhos%20Trilhados/21.jpg"
                },
                {
                    "href": "22.jpg",
                    "text": " 22.jpg",
                    "imageUrl": "http://thewalkingdead-online.com/hq/albums/HQ/02%20-%20Caminhos%20Trilhados/11%20-%20Caminhos%20Trilhados/22.jpg"
                },
                {
                    "href": "23.jpg",
                    "text": " 23.jpg",
                    "imageUrl": "http://thewalkingdead-online.com/hq/albums/HQ/02%20-%20Caminhos%20Trilhados/11%20-%20Caminhos%20Trilhados/23.jpg"
                }
            ]
        },
        {
            "href": "12%20-%20Caminhos%20Trilhados/",
            "text": " 12 - Caminhos Trilhados/",
            "images": [
                {
                    "href": "00.jpg",
                    "text": " 00.jpg",
                    "imageUrl": "http://thewalkingdead-online.com/hq/albums/HQ/02%20-%20Caminhos%20Trilhados/12%20-%20Caminhos%20Trilhados/00.jpg"
                },
                {
                    "href": "01.jpg",
                    "text": " 01.jpg",
                    "imageUrl": "http://thewalkingdead-online.com/hq/albums/HQ/02%20-%20Caminhos%20Trilhados/12%20-%20Caminhos%20Trilhados/01.jpg"
                },
                {
                    "href": "02.jpg",
                    "text": " 02.jpg",
                    "imageUrl": "http://thewalkingdead-online.com/hq/albums/HQ/02%20-%20Caminhos%20Trilhados/12%20-%20Caminhos%20Trilhados/02.jpg"
                },
                {
                    "href": "03.jpg",
                    "text": " 03.jpg",
                    "imageUrl": "http://thewalkingdead-online.com/hq/albums/HQ/02%20-%20Caminhos%20Trilhados/12%20-%20Caminhos%20Trilhados/03.jpg"
                },
                {
                    "href": "04.jpg",
                    "text": " 04.jpg",
                    "imageUrl": "http://thewalkingdead-online.com/hq/albums/HQ/02%20-%20Caminhos%20Trilhados/12%20-%20Caminhos%20Trilhados/04.jpg"
                },
                {
                    "href": "05.jpg",
                    "text": " 05.jpg",
                    "imageUrl": "http://thewalkingdead-online.com/hq/albums/HQ/02%20-%20Caminhos%20Trilhados/12%20-%20Caminhos%20Trilhados/05.jpg"
                },
                {
                    "href": "06.jpg",
                    "text": " 06.jpg",
                    "imageUrl": "http://thewalkingdead-online.com/hq/albums/HQ/02%20-%20Caminhos%20Trilhados/12%20-%20Caminhos%20Trilhados/06.jpg"
                },
                {
                    "href": "07.jpg",
                    "text": " 07.jpg",
                    "imageUrl": "http://thewalkingdead-online.com/hq/albums/HQ/02%20-%20Caminhos%20Trilhados/12%20-%20Caminhos%20Trilhados/07.jpg"
                },
                {
                    "href": "08.jpg",
                    "text": " 08.jpg",
                    "imageUrl": "http://thewalkingdead-online.com/hq/albums/HQ/02%20-%20Caminhos%20Trilhados/12%20-%20Caminhos%20Trilhados/08.jpg"
                },
                {
                    "href": "09.jpg",
                    "text": " 09.jpg",
                    "imageUrl": "http://thewalkingdead-online.com/hq/albums/HQ/02%20-%20Caminhos%20Trilhados/12%20-%20Caminhos%20Trilhados/09.jpg"
                },
                {
                    "href": "10.jpg",
                    "text": " 10.jpg",
                    "imageUrl": "http://thewalkingdead-online.com/hq/albums/HQ/02%20-%20Caminhos%20Trilhados/12%20-%20Caminhos%20Trilhados/10.jpg"
                },
                {
                    "href": "11.jpg",
                    "text": " 11.jpg",
                    "imageUrl": "http://thewalkingdead-online.com/hq/albums/HQ/02%20-%20Caminhos%20Trilhados/12%20-%20Caminhos%20Trilhados/11.jpg"
                },
                {
                    "href": "12.jpg",
                    "text": " 12.jpg",
                    "imageUrl": "http://thewalkingdead-online.com/hq/albums/HQ/02%20-%20Caminhos%20Trilhados/12%20-%20Caminhos%20Trilhados/12.jpg"
                },
                {
                    "href": "13.jpg",
                    "text": " 13.jpg",
                    "imageUrl": "http://thewalkingdead-online.com/hq/albums/HQ/02%20-%20Caminhos%20Trilhados/12%20-%20Caminhos%20Trilhados/13.jpg"
                },
                {
                    "href": "14.jpg",
                    "text": " 14.jpg",
                    "imageUrl": "http://thewalkingdead-online.com/hq/albums/HQ/02%20-%20Caminhos%20Trilhados/12%20-%20Caminhos%20Trilhados/14.jpg"
                },
                {
                    "href": "15.jpg",
                    "text": " 15.jpg",
                    "imageUrl": "http://thewalkingdead-online.com/hq/albums/HQ/02%20-%20Caminhos%20Trilhados/12%20-%20Caminhos%20Trilhados/15.jpg"
                },
                {
                    "href": "16.jpg",
                    "text": " 16.jpg",
                    "imageUrl": "http://thewalkingdead-online.com/hq/albums/HQ/02%20-%20Caminhos%20Trilhados/12%20-%20Caminhos%20Trilhados/16.jpg"
                },
                {
                    "href": "17.jpg",
                    "text": " 17.jpg",
                    "imageUrl": "http://thewalkingdead-online.com/hq/albums/HQ/02%20-%20Caminhos%20Trilhados/12%20-%20Caminhos%20Trilhados/17.jpg"
                },
                {
                    "href": "18.jpg",
                    "text": " 18.jpg",
                    "imageUrl": "http://thewalkingdead-online.com/hq/albums/HQ/02%20-%20Caminhos%20Trilhados/12%20-%20Caminhos%20Trilhados/18.jpg"
                },
                {
                    "href": "19.jpg",
                    "text": " 19.jpg",
                    "imageUrl": "http://thewalkingdead-online.com/hq/albums/HQ/02%20-%20Caminhos%20Trilhados/12%20-%20Caminhos%20Trilhados/19.jpg"
                },
                {
                    "href": "20.jpg",
                    "text": " 20.jpg",
                    "imageUrl": "http://thewalkingdead-online.com/hq/albums/HQ/02%20-%20Caminhos%20Trilhados/12%20-%20Caminhos%20Trilhados/20.jpg"
                },
                {
                    "href": "21.jpg",
                    "text": " 21.jpg",
                    "imageUrl": "http://thewalkingdead-online.com/hq/albums/HQ/02%20-%20Caminhos%20Trilhados/12%20-%20Caminhos%20Trilhados/21.jpg"
                },
                {
                    "href": "22.jpg",
                    "text": " 22.jpg",
                    "imageUrl": "http://thewalkingdead-online.com/hq/albums/HQ/02%20-%20Caminhos%20Trilhados/12%20-%20Caminhos%20Trilhados/22.jpg"
                }
            ]
        }
    ]
}