{
    "href":"22/",
    "text":" 22/",
    "chapters":[
        {
            "href":"Edicao127/",
            "text":" Edicao127/",
            "images":[
                {
                    "href":"www_thewalkingdead-online_com-001.jpg",
                    "text":" www_thewalkingdead-online_com-001.jpg",
                    "imageUrl":"http://thewalkingdead-online.com/hq/albums/HQ/22/Edicao127/www_thewalkingdead-online_com-001.jpg"
                },
                {
                    "href":"www_thewalkingdead-online_com-002.jpg",
                    "text":" www_thewalkingdead-online_com-002.jpg",
                    "imageUrl":"http://thewalkingdead-online.com/hq/albums/HQ/22/Edicao127/www_thewalkingdead-online_com-002.jpg"
                },
                {
                    "href":"www_thewalkingdead-online_com-003.jpg",
                    "text":" www_thewalkingdead-online_com-003.jpg",
                    "imageUrl":"http://thewalkingdead-online.com/hq/albums/HQ/22/Edicao127/www_thewalkingdead-online_com-003.jpg"
                },
                {
                    "href":"www_thewalkingdead-online_com-004.jpg",
                    "text":" www_thewalkingdead-online_com-004.jpg",
                    "imageUrl":"http://thewalkingdead-online.com/hq/albums/HQ/22/Edicao127/www_thewalkingdead-online_com-004.jpg"
                },
                {
                    "href":"www_thewalkingdead-online_com-005.jpg",
                    "text":" www_thewalkingdead-online_com-005.jpg",
                    "imageUrl":"http://thewalkingdead-online.com/hq/albums/HQ/22/Edicao127/www_thewalkingdead-online_com-005.jpg"
                },
                {
                    "href":"www_thewalkingdead-online_com-006.jpg",
                    "text":" www_thewalkingdead-online_com-006.jpg",
                    "imageUrl":"http://thewalkingdead-online.com/hq/albums/HQ/22/Edicao127/www_thewalkingdead-online_com-006.jpg"
                },
                {
                    "href":"www_thewalkingdead-online_com-007.jpg",
                    "text":" www_thewalkingdead-online_com-007.jpg",
                    "imageUrl":"http://thewalkingdead-online.com/hq/albums/HQ/22/Edicao127/www_thewalkingdead-online_com-007.jpg"
                },
                {
                    "href":"www_thewalkingdead-online_com-008.jpg",
                    "text":" www_thewalkingdead-online_com-008.jpg",
                    "imageUrl":"http://thewalkingdead-online.com/hq/albums/HQ/22/Edicao127/www_thewalkingdead-online_com-008.jpg"
                },
                {
                    "href":"www_thewalkingdead-online_com-009.jpg",
                    "text":" www_thewalkingdead-online_com-009.jpg",
                    "imageUrl":"http://thewalkingdead-online.com/hq/albums/HQ/22/Edicao127/www_thewalkingdead-online_com-009.jpg"
                },
                {
                    "href":"www_thewalkingdead-online_com-010.jpg",
                    "text":" www_thewalkingdead-online_com-010.jpg",
                    "imageUrl":"http://thewalkingdead-online.com/hq/albums/HQ/22/Edicao127/www_thewalkingdead-online_com-010.jpg"
                },
                {
                    "href":"www_thewalkingdead-online_com-011.jpg",
                    "text":" www_thewalkingdead-online_com-011.jpg",
                    "imageUrl":"http://thewalkingdead-online.com/hq/albums/HQ/22/Edicao127/www_thewalkingdead-online_com-011.jpg"
                },
                {
                    "href":"www_thewalkingdead-online_com-012.jpg",
                    "text":" www_thewalkingdead-online_com-012.jpg",
                    "imageUrl":"http://thewalkingdead-online.com/hq/albums/HQ/22/Edicao127/www_thewalkingdead-online_com-012.jpg"
                },
                {
                    "href":"www_thewalkingdead-online_com-013.jpg",
                    "text":" www_thewalkingdead-online_com-013.jpg",
                    "imageUrl":"http://thewalkingdead-online.com/hq/albums/HQ/22/Edicao127/www_thewalkingdead-online_com-013.jpg"
                },
                {
                    "href":"www_thewalkingdead-online_com-014.jpg",
                    "text":" www_thewalkingdead-online_com-014.jpg",
                    "imageUrl":"http://thewalkingdead-online.com/hq/albums/HQ/22/Edicao127/www_thewalkingdead-online_com-014.jpg"
                },
                {
                    "href":"www_thewalkingdead-online_com-015.jpg",
                    "text":" www_thewalkingdead-online_com-015.jpg",
                    "imageUrl":"http://thewalkingdead-online.com/hq/albums/HQ/22/Edicao127/www_thewalkingdead-online_com-015.jpg"
                },
                {
                    "href":"www_thewalkingdead-online_com-016.jpg",
                    "text":" www_thewalkingdead-online_com-016.jpg",
                    "imageUrl":"http://thewalkingdead-online.com/hq/albums/HQ/22/Edicao127/www_thewalkingdead-online_com-016.jpg"
                },
                {
                    "href":"www_thewalkingdead-online_com-017.jpg",
                    "text":" www_thewalkingdead-online_com-017.jpg",
                    "imageUrl":"http://thewalkingdead-online.com/hq/albums/HQ/22/Edicao127/www_thewalkingdead-online_com-017.jpg"
                },
                {
                    "href":"www_thewalkingdead-online_com-018.jpg",
                    "text":" www_thewalkingdead-online_com-018.jpg",
                    "imageUrl":"http://thewalkingdead-online.com/hq/albums/HQ/22/Edicao127/www_thewalkingdead-online_com-018.jpg"
                },
                {
                    "href":"www_thewalkingdead-online_com-019.jpg",
                    "text":" www_thewalkingdead-online_com-019.jpg",
                    "imageUrl":"http://thewalkingdead-online.com/hq/albums/HQ/22/Edicao127/www_thewalkingdead-online_com-019.jpg"
                },
                {
                    "href":"www_thewalkingdead-online_com-020.jpg",
                    "text":" www_thewalkingdead-online_com-020.jpg",
                    "imageUrl":"http://thewalkingdead-online.com/hq/albums/HQ/22/Edicao127/www_thewalkingdead-online_com-020.jpg"
                },
                {
                    "href":"www_thewalkingdead-online_com-021.jpg",
                    "text":" www_thewalkingdead-online_com-021.jpg",
                    "imageUrl":"http://thewalkingdead-online.com/hq/albums/HQ/22/Edicao127/www_thewalkingdead-online_com-021.jpg"
                },
                {
                    "href":"www_thewalkingdead-online_com-022.jpg",
                    "text":" www_thewalkingdead-online_com-022.jpg",
                    "imageUrl":"http://thewalkingdead-online.com/hq/albums/HQ/22/Edicao127/www_thewalkingdead-online_com-022.jpg"
                },
                {
                    "href":"www_thewalkingdead-online_com-023.jpg",
                    "text":" www_thewalkingdead-online_com-023.jpg",
                    "imageUrl":"http://thewalkingdead-online.com/hq/albums/HQ/22/Edicao127/www_thewalkingdead-online_com-023.jpg"
                },
                {
                    "href":"www_thewalkingdead-online_com-024.jpg",
                    "text":" www_thewalkingdead-online_com-024.jpg",
                    "imageUrl":"http://thewalkingdead-online.com/hq/albums/HQ/22/Edicao127/www_thewalkingdead-online_com-024.jpg"
                },
                {
                    "href":"www_thewalkingdead-online_com-025.jpg",
                    "text":" www_thewalkingdead-online_com-025.jpg",
                    "imageUrl":"http://thewalkingdead-online.com/hq/albums/HQ/22/Edicao127/www_thewalkingdead-online_com-025.jpg"
                },
                {
                    "href":"www_thewalkingdead-online_com-026.jpg",
                    "text":" www_thewalkingdead-online_com-026.jpg",
                    "imageUrl":"http://thewalkingdead-online.com/hq/albums/HQ/22/Edicao127/www_thewalkingdead-online_com-026.jpg"
                },
                {
                    "href":"www_thewalkingdead-online_com-027.jpg",
                    "text":" www_thewalkingdead-online_com-027.jpg",
                    "imageUrl":"http://thewalkingdead-online.com/hq/albums/HQ/22/Edicao127/www_thewalkingdead-online_com-027.jpg"
                },
                {
                    "href":"www_thewalkingdead-online_com-028.jpg",
                    "text":" www_thewalkingdead-online_com-028.jpg",
                    "imageUrl":"http://thewalkingdead-online.com/hq/albums/HQ/22/Edicao127/www_thewalkingdead-online_com-028.jpg"
                },
                {
                    "href":"www_thewalkingdead-online_com-029.jpg",
                    "text":" www_thewalkingdead-online_com-029.jpg",
                    "imageUrl":"http://thewalkingdead-online.com/hq/albums/HQ/22/Edicao127/www_thewalkingdead-online_com-029.jpg"
                },
                {
                    "href":"www_thewalkingdead-online_com-030.jpg",
                    "text":" www_thewalkingdead-online_com-030.jpg",
                    "imageUrl":"http://thewalkingdead-online.com/hq/albums/HQ/22/Edicao127/www_thewalkingdead-online_com-030.jpg"
                },
                {
                    "href":"www_thewalkingdead-online_com-031.jpg",
                    "text":" www_thewalkingdead-online_com-031.jpg",
                    "imageUrl":"http://thewalkingdead-online.com/hq/albums/HQ/22/Edicao127/www_thewalkingdead-online_com-031.jpg"
                },
                {
                    "href":"www_thewalkingdead-online_com-032.jpg",
                    "text":" www_thewalkingdead-online_com-032.jpg",
                    "imageUrl":"http://thewalkingdead-online.com/hq/albums/HQ/22/Edicao127/www_thewalkingdead-online_com-032.jpg"
                },
                {
                    "href":"www_thewalkingdead-online_com-033.jpg",
                    "text":" www_thewalkingdead-online_com-033.jpg",
                    "imageUrl":"http://thewalkingdead-online.com/hq/albums/HQ/22/Edicao127/www_thewalkingdead-online_com-033.jpg"
                },
                {
                    "href":"www_thewalkingdead-online_com-034.jpg",
                    "text":" www_thewalkingdead-online_com-034.jpg",
                    "imageUrl":"http://thewalkingdead-online.com/hq/albums/HQ/22/Edicao127/www_thewalkingdead-online_com-034.jpg"
                },
                {
                    "href":"www_thewalkingdead-online_com-035.jpg",
                    "text":" www_thewalkingdead-online_com-035.jpg",
                    "imageUrl":"http://thewalkingdead-online.com/hq/albums/HQ/22/Edicao127/www_thewalkingdead-online_com-035.jpg"
                },
                {
                    "href":"www_thewalkingdead-online_com-036.jpg",
                    "text":" www_thewalkingdead-online_com-036.jpg",
                    "imageUrl":"http://thewalkingdead-online.com/hq/albums/HQ/22/Edicao127/www_thewalkingdead-online_com-036.jpg"
                },
                {
                    "href":"www_thewalkingdead-online_com-037.jpg",
                    "text":" www_thewalkingdead-online_com-037.jpg",
                    "imageUrl":"http://thewalkingdead-online.com/hq/albums/HQ/22/Edicao127/www_thewalkingdead-online_com-037.jpg"
                },
                {
                    "href":"www_thewalkingdead-online_com-038.jpg",
                    "text":" www_thewalkingdead-online_com-038.jpg",
                    "imageUrl":"http://thewalkingdead-online.com/hq/albums/HQ/22/Edicao127/www_thewalkingdead-online_com-038.jpg"
                },
                {
                    "href":"www_thewalkingdead-online_com-039.jpg",
                    "text":" www_thewalkingdead-online_com-039.jpg",
                    "imageUrl":"http://thewalkingdead-online.com/hq/albums/HQ/22/Edicao127/www_thewalkingdead-online_com-039.jpg"
                },
                {
                    "href":"www_thewalkingdead-online_com-040.jpg",
                    "text":" www_thewalkingdead-online_com-040.jpg",
                    "imageUrl":"http://thewalkingdead-online.com/hq/albums/HQ/22/Edicao127/www_thewalkingdead-online_com-040.jpg"
                },
                {
                    "href":"www_thewalkingdead-online_com-041.jpg",
                    "text":" www_thewalkingdead-online_com-041.jpg",
                    "imageUrl":"http://thewalkingdead-online.com/hq/albums/HQ/22/Edicao127/www_thewalkingdead-online_com-041.jpg"
                },
                {
                    "href":"www_thewalkingdead-online_com-042.jpg",
                    "text":" www_thewalkingdead-online_com-042.jpg",
                    "imageUrl":"http://thewalkingdead-online.com/hq/albums/HQ/22/Edicao127/www_thewalkingdead-online_com-042.jpg"
                },
                {
                    "href":"www_thewalkingdead-online_com-043.jpg",
                    "text":" www_thewalkingdead-online_com-043.jpg",
                    "imageUrl":"http://thewalkingdead-online.com/hq/albums/HQ/22/Edicao127/www_thewalkingdead-online_com-043.jpg"
                },
                {
                    "href":"www_thewalkingdead-online_com-044.jpg",
                    "text":" www_thewalkingdead-online_com-044.jpg",
                    "imageUrl":"http://thewalkingdead-online.com/hq/albums/HQ/22/Edicao127/www_thewalkingdead-online_com-044.jpg"
                },
                {
                    "href":"www_thewalkingdead-online_com-053.jpg",
                    "text":" www_thewalkingdead-online_com-053.jpg",
                    "imageUrl":"http://thewalkingdead-online.com/hq/albums/HQ/22/Edicao127/www_thewalkingdead-online_com-053.jpg"
                },
                {
                    "href":"x-credito-site.jpg",
                    "text":" x-credito-site.jpg",
                    "imageUrl":"http://thewalkingdead-online.com/hq/albums/HQ/22/Edicao127/x-credito-site.jpg"
                }
            ]
        },
        {
            "href":"Edicao128/",
            "text":" Edicao128/",
            "images":[
                {
                    "href":"thumb_www_thewalkingdead-online_com-001.jpg",
                    "text":" thumb_www_thewalkingdead-online_com-001.jpg",
                    "imageUrl":"http://thewalkingdead-online.com/hq/albums/HQ/22/Edicao128/thumb_www_thewalkingdead-online_com-001.jpg"
                },
                {
                    "href":"thumb_www_thewalkingdead-online_com-002.jpg",
                    "text":" thumb_www_thewalkingdead-online_com-002.jpg",
                    "imageUrl":"http://thewalkingdead-online.com/hq/albums/HQ/22/Edicao128/thumb_www_thewalkingdead-online_com-002.jpg"
                },
                {
                    "href":"thumb_www_thewalkingdead-online_com-003.jpg",
                    "text":" thumb_www_thewalkingdead-online_com-003.jpg",
                    "imageUrl":"http://thewalkingdead-online.com/hq/albums/HQ/22/Edicao128/thumb_www_thewalkingdead-online_com-003.jpg"
                },
                {
                    "href":"thumb_www_thewalkingdead-online_com-004.jpg",
                    "text":" thumb_www_thewalkingdead-online_com-004.jpg",
                    "imageUrl":"http://thewalkingdead-online.com/hq/albums/HQ/22/Edicao128/thumb_www_thewalkingdead-online_com-004.jpg"
                },
                {
                    "href":"thumb_www_thewalkingdead-online_com-005.jpg",
                    "text":" thumb_www_thewalkingdead-online_com-005.jpg",
                    "imageUrl":"http://thewalkingdead-online.com/hq/albums/HQ/22/Edicao128/thumb_www_thewalkingdead-online_com-005.jpg"
                },
                {
                    "href":"thumb_www_thewalkingdead-online_com-006.jpg",
                    "text":" thumb_www_thewalkingdead-online_com-006.jpg",
                    "imageUrl":"http://thewalkingdead-online.com/hq/albums/HQ/22/Edicao128/thumb_www_thewalkingdead-online_com-006.jpg"
                },
                {
                    "href":"thumb_www_thewalkingdead-online_com-007.jpg",
                    "text":" thumb_www_thewalkingdead-online_com-007.jpg",
                    "imageUrl":"http://thewalkingdead-online.com/hq/albums/HQ/22/Edicao128/thumb_www_thewalkingdead-online_com-007.jpg"
                },
                {
                    "href":"thumb_www_thewalkingdead-online_com-008.png",
                    "text":" thumb_www_thewalkingdead-online_com-008.png",
                    "imageUrl":"http://thewalkingdead-online.com/hq/albums/HQ/22/Edicao128/thumb_www_thewalkingdead-online_com-008.png"
                },
                {
                    "href":"thumb_www_thewalkingdead-online_com-009.png",
                    "text":" thumb_www_thewalkingdead-online_com-009.png",
                    "imageUrl":"http://thewalkingdead-online.com/hq/albums/HQ/22/Edicao128/thumb_www_thewalkingdead-online_com-009.png"
                },
                {
                    "href":"thumb_www_thewalkingdead-online_com-010.jpg",
                    "text":" thumb_www_thewalkingdead-online_com-010.jpg",
                    "imageUrl":"http://thewalkingdead-online.com/hq/albums/HQ/22/Edicao128/thumb_www_thewalkingdead-online_com-010.jpg"
                },
                {
                    "href":"thumb_www_thewalkingdead-online_com-011.jpg",
                    "text":" thumb_www_thewalkingdead-online_com-011.jpg",
                    "imageUrl":"http://thewalkingdead-online.com/hq/albums/HQ/22/Edicao128/thumb_www_thewalkingdead-online_com-011.jpg"
                },
                {
                    "href":"thumb_www_thewalkingdead-online_com-012.jpg",
                    "text":" thumb_www_thewalkingdead-online_com-012.jpg",
                    "imageUrl":"http://thewalkingdead-online.com/hq/albums/HQ/22/Edicao128/thumb_www_thewalkingdead-online_com-012.jpg"
                },
                {
                    "href":"thumb_www_thewalkingdead-online_com-013.jpg",
                    "text":" thumb_www_thewalkingdead-online_com-013.jpg",
                    "imageUrl":"http://thewalkingdead-online.com/hq/albums/HQ/22/Edicao128/thumb_www_thewalkingdead-online_com-013.jpg"
                },
                {
                    "href":"thumb_www_thewalkingdead-online_com-014.jpg",
                    "text":" thumb_www_thewalkingdead-online_com-014.jpg",
                    "imageUrl":"http://thewalkingdead-online.com/hq/albums/HQ/22/Edicao128/thumb_www_thewalkingdead-online_com-014.jpg"
                },
                {
                    "href":"thumb_www_thewalkingdead-online_com-015.jpg",
                    "text":" thumb_www_thewalkingdead-online_com-015.jpg",
                    "imageUrl":"http://thewalkingdead-online.com/hq/albums/HQ/22/Edicao128/thumb_www_thewalkingdead-online_com-015.jpg"
                },
                {
                    "href":"thumb_www_thewalkingdead-online_com-016.jpg",
                    "text":" thumb_www_thewalkingdead-online_com-016.jpg",
                    "imageUrl":"http://thewalkingdead-online.com/hq/albums/HQ/22/Edicao128/thumb_www_thewalkingdead-online_com-016.jpg"
                },
                {
                    "href":"thumb_www_thewalkingdead-online_com-017.jpg",
                    "text":" thumb_www_thewalkingdead-online_com-017.jpg",
                    "imageUrl":"http://thewalkingdead-online.com/hq/albums/HQ/22/Edicao128/thumb_www_thewalkingdead-online_com-017.jpg"
                },
                {
                    "href":"thumb_www_thewalkingdead-online_com-018.jpg",
                    "text":" thumb_www_thewalkingdead-online_com-018.jpg",
                    "imageUrl":"http://thewalkingdead-online.com/hq/albums/HQ/22/Edicao128/thumb_www_thewalkingdead-online_com-018.jpg"
                },
                {
                    "href":"thumb_www_thewalkingdead-online_com-019.png",
                    "text":" thumb_www_thewalkingdead-online_com-019.png",
                    "imageUrl":"http://thewalkingdead-online.com/hq/albums/HQ/22/Edicao128/thumb_www_thewalkingdead-online_com-019.png"
                },
                {
                    "href":"thumb_www_thewalkingdead-online_com-020.jpg",
                    "text":" thumb_www_thewalkingdead-online_com-020.jpg",
                    "imageUrl":"http://thewalkingdead-online.com/hq/albums/HQ/22/Edicao128/thumb_www_thewalkingdead-online_com-020.jpg"
                },
                {
                    "href":"thumb_www_thewalkingdead-online_com-021.jpg",
                    "text":" thumb_www_thewalkingdead-online_com-021.jpg",
                    "imageUrl":"http://thewalkingdead-online.com/hq/albums/HQ/22/Edicao128/thumb_www_thewalkingdead-online_com-021.jpg"
                },
                {
                    "href":"thumb_www_thewalkingdead-online_com-022.jpg",
                    "text":" thumb_www_thewalkingdead-online_com-022.jpg",
                    "imageUrl":"http://thewalkingdead-online.com/hq/albums/HQ/22/Edicao128/thumb_www_thewalkingdead-online_com-022.jpg"
                },
                {
                    "href":"thumb_www_thewalkingdead-online_com-023.jpg",
                    "text":" thumb_www_thewalkingdead-online_com-023.jpg",
                    "imageUrl":"http://thewalkingdead-online.com/hq/albums/HQ/22/Edicao128/thumb_www_thewalkingdead-online_com-023.jpg"
                },
                {
                    "href":"thumb_www_thewalkingdead-online_com-027.jpg",
                    "text":" thumb_www_thewalkingdead-online_com-027.jpg",
                    "imageUrl":"http://thewalkingdead-online.com/hq/albums/HQ/22/Edicao128/thumb_www_thewalkingdead-online_com-027.jpg"
                },
                {
                    "href":"thumb_x-credito-site.jpg",
                    "text":" thumb_x-credito-site.jpg",
                    "imageUrl":"http://thewalkingdead-online.com/hq/albums/HQ/22/Edicao128/thumb_x-credito-site.jpg"
                },
                {
                    "href":"www_thewalkingdead-online_com-001.jpg",
                    "text":" www_thewalkingdead-online_com-001.jpg",
                    "imageUrl":"http://thewalkingdead-online.com/hq/albums/HQ/22/Edicao128/www_thewalkingdead-online_com-001.jpg"
                },
                {
                    "href":"www_thewalkingdead-online_com-002.jpg",
                    "text":" www_thewalkingdead-online_com-002.jpg",
                    "imageUrl":"http://thewalkingdead-online.com/hq/albums/HQ/22/Edicao128/www_thewalkingdead-online_com-002.jpg"
                },
                {
                    "href":"www_thewalkingdead-online_com-003.jpg",
                    "text":" www_thewalkingdead-online_com-003.jpg",
                    "imageUrl":"http://thewalkingdead-online.com/hq/albums/HQ/22/Edicao128/www_thewalkingdead-online_com-003.jpg"
                },
                {
                    "href":"www_thewalkingdead-online_com-004.jpg",
                    "text":" www_thewalkingdead-online_com-004.jpg",
                    "imageUrl":"http://thewalkingdead-online.com/hq/albums/HQ/22/Edicao128/www_thewalkingdead-online_com-004.jpg"
                },
                {
                    "href":"www_thewalkingdead-online_com-005.jpg",
                    "text":" www_thewalkingdead-online_com-005.jpg",
                    "imageUrl":"http://thewalkingdead-online.com/hq/albums/HQ/22/Edicao128/www_thewalkingdead-online_com-005.jpg"
                },
                {
                    "href":"www_thewalkingdead-online_com-006.jpg",
                    "text":" www_thewalkingdead-online_com-006.jpg",
                    "imageUrl":"http://thewalkingdead-online.com/hq/albums/HQ/22/Edicao128/www_thewalkingdead-online_com-006.jpg"
                },
                {
                    "href":"www_thewalkingdead-online_com-007.jpg",
                    "text":" www_thewalkingdead-online_com-007.jpg",
                    "imageUrl":"http://thewalkingdead-online.com/hq/albums/HQ/22/Edicao128/www_thewalkingdead-online_com-007.jpg"
                },
                {
                    "href":"www_thewalkingdead-online_com-008.png",
                    "text":" www_thewalkingdead-online_com-008.png",
                    "imageUrl":"http://thewalkingdead-online.com/hq/albums/HQ/22/Edicao128/www_thewalkingdead-online_com-008.png"
                },
                {
                    "href":"www_thewalkingdead-online_com-009.png",
                    "text":" www_thewalkingdead-online_com-009.png",
                    "imageUrl":"http://thewalkingdead-online.com/hq/albums/HQ/22/Edicao128/www_thewalkingdead-online_com-009.png"
                },
                {
                    "href":"www_thewalkingdead-online_com-010.jpg",
                    "text":" www_thewalkingdead-online_com-010.jpg",
                    "imageUrl":"http://thewalkingdead-online.com/hq/albums/HQ/22/Edicao128/www_thewalkingdead-online_com-010.jpg"
                },
                {
                    "href":"www_thewalkingdead-online_com-011.jpg",
                    "text":" www_thewalkingdead-online_com-011.jpg",
                    "imageUrl":"http://thewalkingdead-online.com/hq/albums/HQ/22/Edicao128/www_thewalkingdead-online_com-011.jpg"
                },
                {
                    "href":"www_thewalkingdead-online_com-012.jpg",
                    "text":" www_thewalkingdead-online_com-012.jpg",
                    "imageUrl":"http://thewalkingdead-online.com/hq/albums/HQ/22/Edicao128/www_thewalkingdead-online_com-012.jpg"
                },
                {
                    "href":"www_thewalkingdead-online_com-013.jpg",
                    "text":" www_thewalkingdead-online_com-013.jpg",
                    "imageUrl":"http://thewalkingdead-online.com/hq/albums/HQ/22/Edicao128/www_thewalkingdead-online_com-013.jpg"
                },
                {
                    "href":"www_thewalkingdead-online_com-014.jpg",
                    "text":" www_thewalkingdead-online_com-014.jpg",
                    "imageUrl":"http://thewalkingdead-online.com/hq/albums/HQ/22/Edicao128/www_thewalkingdead-online_com-014.jpg"
                },
                {
                    "href":"www_thewalkingdead-online_com-015.jpg",
                    "text":" www_thewalkingdead-online_com-015.jpg",
                    "imageUrl":"http://thewalkingdead-online.com/hq/albums/HQ/22/Edicao128/www_thewalkingdead-online_com-015.jpg"
                },
                {
                    "href":"www_thewalkingdead-online_com-016.jpg",
                    "text":" www_thewalkingdead-online_com-016.jpg",
                    "imageUrl":"http://thewalkingdead-online.com/hq/albums/HQ/22/Edicao128/www_thewalkingdead-online_com-016.jpg"
                },
                {
                    "href":"www_thewalkingdead-online_com-017.jpg",
                    "text":" www_thewalkingdead-online_com-017.jpg",
                    "imageUrl":"http://thewalkingdead-online.com/hq/albums/HQ/22/Edicao128/www_thewalkingdead-online_com-017.jpg"
                },
                {
                    "href":"www_thewalkingdead-online_com-018.jpg",
                    "text":" www_thewalkingdead-online_com-018.jpg",
                    "imageUrl":"http://thewalkingdead-online.com/hq/albums/HQ/22/Edicao128/www_thewalkingdead-online_com-018.jpg"
                },
                {
                    "href":"www_thewalkingdead-online_com-019.png",
                    "text":" www_thewalkingdead-online_com-019.png",
                    "imageUrl":"http://thewalkingdead-online.com/hq/albums/HQ/22/Edicao128/www_thewalkingdead-online_com-019.png"
                },
                {
                    "href":"www_thewalkingdead-online_com-020.jpg",
                    "text":" www_thewalkingdead-online_com-020.jpg",
                    "imageUrl":"http://thewalkingdead-online.com/hq/albums/HQ/22/Edicao128/www_thewalkingdead-online_com-020.jpg"
                },
                {
                    "href":"www_thewalkingdead-online_com-021.jpg",
                    "text":" www_thewalkingdead-online_com-021.jpg",
                    "imageUrl":"http://thewalkingdead-online.com/hq/albums/HQ/22/Edicao128/www_thewalkingdead-online_com-021.jpg"
                },
                {
                    "href":"www_thewalkingdead-online_com-022.jpg",
                    "text":" www_thewalkingdead-online_com-022.jpg",
                    "imageUrl":"http://thewalkingdead-online.com/hq/albums/HQ/22/Edicao128/www_thewalkingdead-online_com-022.jpg"
                },
                {
                    "href":"www_thewalkingdead-online_com-023.jpg",
                    "text":" www_thewalkingdead-online_com-023.jpg",
                    "imageUrl":"http://thewalkingdead-online.com/hq/albums/HQ/22/Edicao128/www_thewalkingdead-online_com-023.jpg"
                },
                {
                    "href":"www_thewalkingdead-online_com-027.jpg",
                    "text":" www_thewalkingdead-online_com-027.jpg",
                    "imageUrl":"http://thewalkingdead-online.com/hq/albums/HQ/22/Edicao128/www_thewalkingdead-online_com-027.jpg"
                },
                {
                    "href":"x-credito-site.jpg",
                    "text":" x-credito-site.jpg",
                    "imageUrl":"http://thewalkingdead-online.com/hq/albums/HQ/22/Edicao128/x-credito-site.jpg"
                }
            ]
        },
        {
            "href":"Edicao129/",
            "text":" Edicao129/",
            "images":[
                {
                    "href":"The_Walking_Dead_129-000.jpg",
                    "text":" The_Walking_Dead_129-000.jpg",
                    "imageUrl":"http://thewalkingdead-online.com/hq/albums/HQ/22/Edicao129/The_Walking_Dead_129-000.jpg"
                },
                {
                    "href":"The_Walking_Dead_129-001.jpg",
                    "text":" The_Walking_Dead_129-001.jpg",
                    "imageUrl":"http://thewalkingdead-online.com/hq/albums/HQ/22/Edicao129/The_Walking_Dead_129-001.jpg"
                },
                {
                    "href":"The_Walking_Dead_129-002.jpg",
                    "text":" The_Walking_Dead_129-002.jpg",
                    "imageUrl":"http://thewalkingdead-online.com/hq/albums/HQ/22/Edicao129/The_Walking_Dead_129-002.jpg"
                },
                {
                    "href":"The_Walking_Dead_129-003.jpg",
                    "text":" The_Walking_Dead_129-003.jpg",
                    "imageUrl":"http://thewalkingdead-online.com/hq/albums/HQ/22/Edicao129/The_Walking_Dead_129-003.jpg"
                },
                {
                    "href":"The_Walking_Dead_129-004.jpg",
                    "text":" The_Walking_Dead_129-004.jpg",
                    "imageUrl":"http://thewalkingdead-online.com/hq/albums/HQ/22/Edicao129/The_Walking_Dead_129-004.jpg"
                },
                {
                    "href":"The_Walking_Dead_129-005.jpg",
                    "text":" The_Walking_Dead_129-005.jpg",
                    "imageUrl":"http://thewalkingdead-online.com/hq/albums/HQ/22/Edicao129/The_Walking_Dead_129-005.jpg"
                },
                {
                    "href":"The_Walking_Dead_129-006.jpg",
                    "text":" The_Walking_Dead_129-006.jpg",
                    "imageUrl":"http://thewalkingdead-online.com/hq/albums/HQ/22/Edicao129/The_Walking_Dead_129-006.jpg"
                },
                {
                    "href":"The_Walking_Dead_129-007.jpg",
                    "text":" The_Walking_Dead_129-007.jpg",
                    "imageUrl":"http://thewalkingdead-online.com/hq/albums/HQ/22/Edicao129/The_Walking_Dead_129-007.jpg"
                },
                {
                    "href":"The_Walking_Dead_129-008.jpg",
                    "text":" The_Walking_Dead_129-008.jpg",
                    "imageUrl":"http://thewalkingdead-online.com/hq/albums/HQ/22/Edicao129/The_Walking_Dead_129-008.jpg"
                },
                {
                    "href":"The_Walking_Dead_129-009.jpg",
                    "text":" The_Walking_Dead_129-009.jpg",
                    "imageUrl":"http://thewalkingdead-online.com/hq/albums/HQ/22/Edicao129/The_Walking_Dead_129-009.jpg"
                },
                {
                    "href":"The_Walking_Dead_129-010.jpg",
                    "text":" The_Walking_Dead_129-010.jpg",
                    "imageUrl":"http://thewalkingdead-online.com/hq/albums/HQ/22/Edicao129/The_Walking_Dead_129-010.jpg"
                },
                {
                    "href":"The_Walking_Dead_129-011.jpg",
                    "text":" The_Walking_Dead_129-011.jpg",
                    "imageUrl":"http://thewalkingdead-online.com/hq/albums/HQ/22/Edicao129/The_Walking_Dead_129-011.jpg"
                },
                {
                    "href":"The_Walking_Dead_129-012.jpg",
                    "text":" The_Walking_Dead_129-012.jpg",
                    "imageUrl":"http://thewalkingdead-online.com/hq/albums/HQ/22/Edicao129/The_Walking_Dead_129-012.jpg"
                },
                {
                    "href":"The_Walking_Dead_129-013.jpg",
                    "text":" The_Walking_Dead_129-013.jpg",
                    "imageUrl":"http://thewalkingdead-online.com/hq/albums/HQ/22/Edicao129/The_Walking_Dead_129-013.jpg"
                },
                {
                    "href":"The_Walking_Dead_129-014.jpg",
                    "text":" The_Walking_Dead_129-014.jpg",
                    "imageUrl":"http://thewalkingdead-online.com/hq/albums/HQ/22/Edicao129/The_Walking_Dead_129-014.jpg"
                },
                {
                    "href":"The_Walking_Dead_129-015.jpg",
                    "text":" The_Walking_Dead_129-015.jpg",
                    "imageUrl":"http://thewalkingdead-online.com/hq/albums/HQ/22/Edicao129/The_Walking_Dead_129-015.jpg"
                },
                {
                    "href":"The_Walking_Dead_129-016.jpg",
                    "text":" The_Walking_Dead_129-016.jpg",
                    "imageUrl":"http://thewalkingdead-online.com/hq/albums/HQ/22/Edicao129/The_Walking_Dead_129-016.jpg"
                },
                {
                    "href":"The_Walking_Dead_129-017.jpg",
                    "text":" The_Walking_Dead_129-017.jpg",
                    "imageUrl":"http://thewalkingdead-online.com/hq/albums/HQ/22/Edicao129/The_Walking_Dead_129-017.jpg"
                },
                {
                    "href":"The_Walking_Dead_129-018.jpg",
                    "text":" The_Walking_Dead_129-018.jpg",
                    "imageUrl":"http://thewalkingdead-online.com/hq/albums/HQ/22/Edicao129/The_Walking_Dead_129-018.jpg"
                },
                {
                    "href":"The_Walking_Dead_129-019.jpg",
                    "text":" The_Walking_Dead_129-019.jpg",
                    "imageUrl":"http://thewalkingdead-online.com/hq/albums/HQ/22/Edicao129/The_Walking_Dead_129-019.jpg"
                },
                {
                    "href":"The_Walking_Dead_129-020.jpg",
                    "text":" The_Walking_Dead_129-020.jpg",
                    "imageUrl":"http://thewalkingdead-online.com/hq/albums/HQ/22/Edicao129/The_Walking_Dead_129-020.jpg"
                },
                {
                    "href":"The_Walking_Dead_129-021.jpg",
                    "text":" The_Walking_Dead_129-021.jpg",
                    "imageUrl":"http://thewalkingdead-online.com/hq/albums/HQ/22/Edicao129/The_Walking_Dead_129-021.jpg"
                },
                {
                    "href":"The_Walking_Dead_129-025.jpg",
                    "text":" The_Walking_Dead_129-025.jpg",
                    "imageUrl":"http://thewalkingdead-online.com/hq/albums/HQ/22/Edicao129/The_Walking_Dead_129-025.jpg"
                },
                {
                    "href":"thumb_The_Walking_Dead_129-000.jpg",
                    "text":" thumb_The_Walking_Dead_129-000.jpg",
                    "imageUrl":"http://thewalkingdead-online.com/hq/albums/HQ/22/Edicao129/thumb_The_Walking_Dead_129-000.jpg"
                },
                {
                    "href":"thumb_The_Walking_Dead_129-001.jpg",
                    "text":" thumb_The_Walking_Dead_129-001.jpg",
                    "imageUrl":"http://thewalkingdead-online.com/hq/albums/HQ/22/Edicao129/thumb_The_Walking_Dead_129-001.jpg"
                },
                {
                    "href":"thumb_The_Walking_Dead_129-002.jpg",
                    "text":" thumb_The_Walking_Dead_129-002.jpg",
                    "imageUrl":"http://thewalkingdead-online.com/hq/albums/HQ/22/Edicao129/thumb_The_Walking_Dead_129-002.jpg"
                },
                {
                    "href":"thumb_The_Walking_Dead_129-003.jpg",
                    "text":" thumb_The_Walking_Dead_129-003.jpg",
                    "imageUrl":"http://thewalkingdead-online.com/hq/albums/HQ/22/Edicao129/thumb_The_Walking_Dead_129-003.jpg"
                },
                {
                    "href":"thumb_The_Walking_Dead_129-004.jpg",
                    "text":" thumb_The_Walking_Dead_129-004.jpg",
                    "imageUrl":"http://thewalkingdead-online.com/hq/albums/HQ/22/Edicao129/thumb_The_Walking_Dead_129-004.jpg"
                },
                {
                    "href":"thumb_The_Walking_Dead_129-005.jpg",
                    "text":" thumb_The_Walking_Dead_129-005.jpg",
                    "imageUrl":"http://thewalkingdead-online.com/hq/albums/HQ/22/Edicao129/thumb_The_Walking_Dead_129-005.jpg"
                },
                {
                    "href":"thumb_The_Walking_Dead_129-006.jpg",
                    "text":" thumb_The_Walking_Dead_129-006.jpg",
                    "imageUrl":"http://thewalkingdead-online.com/hq/albums/HQ/22/Edicao129/thumb_The_Walking_Dead_129-006.jpg"
                },
                {
                    "href":"thumb_The_Walking_Dead_129-007.jpg",
                    "text":" thumb_The_Walking_Dead_129-007.jpg",
                    "imageUrl":"http://thewalkingdead-online.com/hq/albums/HQ/22/Edicao129/thumb_The_Walking_Dead_129-007.jpg"
                },
                {
                    "href":"thumb_The_Walking_Dead_129-008.jpg",
                    "text":" thumb_The_Walking_Dead_129-008.jpg",
                    "imageUrl":"http://thewalkingdead-online.com/hq/albums/HQ/22/Edicao129/thumb_The_Walking_Dead_129-008.jpg"
                },
                {
                    "href":"thumb_The_Walking_Dead_129-009.jpg",
                    "text":" thumb_The_Walking_Dead_129-009.jpg",
                    "imageUrl":"http://thewalkingdead-online.com/hq/albums/HQ/22/Edicao129/thumb_The_Walking_Dead_129-009.jpg"
                },
                {
                    "href":"thumb_The_Walking_Dead_129-010.jpg",
                    "text":" thumb_The_Walking_Dead_129-010.jpg",
                    "imageUrl":"http://thewalkingdead-online.com/hq/albums/HQ/22/Edicao129/thumb_The_Walking_Dead_129-010.jpg"
                },
                {
                    "href":"thumb_The_Walking_Dead_129-011.jpg",
                    "text":" thumb_The_Walking_Dead_129-011.jpg",
                    "imageUrl":"http://thewalkingdead-online.com/hq/albums/HQ/22/Edicao129/thumb_The_Walking_Dead_129-011.jpg"
                },
                {
                    "href":"thumb_The_Walking_Dead_129-012.jpg",
                    "text":" thumb_The_Walking_Dead_129-012.jpg",
                    "imageUrl":"http://thewalkingdead-online.com/hq/albums/HQ/22/Edicao129/thumb_The_Walking_Dead_129-012.jpg"
                },
                {
                    "href":"thumb_The_Walking_Dead_129-013.jpg",
                    "text":" thumb_The_Walking_Dead_129-013.jpg",
                    "imageUrl":"http://thewalkingdead-online.com/hq/albums/HQ/22/Edicao129/thumb_The_Walking_Dead_129-013.jpg"
                },
                {
                    "href":"thumb_The_Walking_Dead_129-014.jpg",
                    "text":" thumb_The_Walking_Dead_129-014.jpg",
                    "imageUrl":"http://thewalkingdead-online.com/hq/albums/HQ/22/Edicao129/thumb_The_Walking_Dead_129-014.jpg"
                },
                {
                    "href":"thumb_The_Walking_Dead_129-015.jpg",
                    "text":" thumb_The_Walking_Dead_129-015.jpg",
                    "imageUrl":"http://thewalkingdead-online.com/hq/albums/HQ/22/Edicao129/thumb_The_Walking_Dead_129-015.jpg"
                },
                {
                    "href":"thumb_The_Walking_Dead_129-016.jpg",
                    "text":" thumb_The_Walking_Dead_129-016.jpg",
                    "imageUrl":"http://thewalkingdead-online.com/hq/albums/HQ/22/Edicao129/thumb_The_Walking_Dead_129-016.jpg"
                },
                {
                    "href":"thumb_The_Walking_Dead_129-017.jpg",
                    "text":" thumb_The_Walking_Dead_129-017.jpg",
                    "imageUrl":"http://thewalkingdead-online.com/hq/albums/HQ/22/Edicao129/thumb_The_Walking_Dead_129-017.jpg"
                },
                {
                    "href":"thumb_The_Walking_Dead_129-018.jpg",
                    "text":" thumb_The_Walking_Dead_129-018.jpg",
                    "imageUrl":"http://thewalkingdead-online.com/hq/albums/HQ/22/Edicao129/thumb_The_Walking_Dead_129-018.jpg"
                },
                {
                    "href":"thumb_The_Walking_Dead_129-019.jpg",
                    "text":" thumb_The_Walking_Dead_129-019.jpg",
                    "imageUrl":"http://thewalkingdead-online.com/hq/albums/HQ/22/Edicao129/thumb_The_Walking_Dead_129-019.jpg"
                },
                {
                    "href":"thumb_The_Walking_Dead_129-020.jpg",
                    "text":" thumb_The_Walking_Dead_129-020.jpg",
                    "imageUrl":"http://thewalkingdead-online.com/hq/albums/HQ/22/Edicao129/thumb_The_Walking_Dead_129-020.jpg"
                },
                {
                    "href":"thumb_The_Walking_Dead_129-021.jpg",
                    "text":" thumb_The_Walking_Dead_129-021.jpg",
                    "imageUrl":"http://thewalkingdead-online.com/hq/albums/HQ/22/Edicao129/thumb_The_Walking_Dead_129-021.jpg"
                },
                {
                    "href":"thumb_The_Walking_Dead_129-025.jpg",
                    "text":" thumb_The_Walking_Dead_129-025.jpg",
                    "imageUrl":"http://thewalkingdead-online.com/hq/albums/HQ/22/Edicao129/thumb_The_Walking_Dead_129-025.jpg"
                },
                {
                    "href":"thumb_x-credito-site.jpg",
                    "text":" thumb_x-credito-site.jpg",
                    "imageUrl":"http://thewalkingdead-online.com/hq/albums/HQ/22/Edicao129/thumb_x-credito-site.jpg"
                },
                {
                    "href":"x-credito-site.jpg",
                    "text":" x-credito-site.jpg",
                    "imageUrl":"http://thewalkingdead-online.com/hq/albums/HQ/22/Edicao129/x-credito-site.jpg"
                }
            ]
        },
        {
            "href":"Edicao130/",
            "text":" Edicao130/",
            "images":[
                {
                    "href":"The_Walking_Dead_130-000.jpg",
                    "text":" The_Walking_Dead_130-000.jpg",
                    "imageUrl":"http://thewalkingdead-online.com/hq/albums/HQ/22/Edicao130/The_Walking_Dead_130-000.jpg"
                },
                {
                    "href":"The_Walking_Dead_130-001.jpg",
                    "text":" The_Walking_Dead_130-001.jpg",
                    "imageUrl":"http://thewalkingdead-online.com/hq/albums/HQ/22/Edicao130/The_Walking_Dead_130-001.jpg"
                },
                {
                    "href":"The_Walking_Dead_130-002.jpg",
                    "text":" The_Walking_Dead_130-002.jpg",
                    "imageUrl":"http://thewalkingdead-online.com/hq/albums/HQ/22/Edicao130/The_Walking_Dead_130-002.jpg"
                },
                {
                    "href":"The_Walking_Dead_130-003.jpg",
                    "text":" The_Walking_Dead_130-003.jpg",
                    "imageUrl":"http://thewalkingdead-online.com/hq/albums/HQ/22/Edicao130/The_Walking_Dead_130-003.jpg"
                },
                {
                    "href":"The_Walking_Dead_130-004.jpg",
                    "text":" The_Walking_Dead_130-004.jpg",
                    "imageUrl":"http://thewalkingdead-online.com/hq/albums/HQ/22/Edicao130/The_Walking_Dead_130-004.jpg"
                },
                {
                    "href":"The_Walking_Dead_130-005.jpg",
                    "text":" The_Walking_Dead_130-005.jpg",
                    "imageUrl":"http://thewalkingdead-online.com/hq/albums/HQ/22/Edicao130/The_Walking_Dead_130-005.jpg"
                },
                {
                    "href":"The_Walking_Dead_130-006.jpg",
                    "text":" The_Walking_Dead_130-006.jpg",
                    "imageUrl":"http://thewalkingdead-online.com/hq/albums/HQ/22/Edicao130/The_Walking_Dead_130-006.jpg"
                },
                {
                    "href":"The_Walking_Dead_130-007.jpg",
                    "text":" The_Walking_Dead_130-007.jpg",
                    "imageUrl":"http://thewalkingdead-online.com/hq/albums/HQ/22/Edicao130/The_Walking_Dead_130-007.jpg"
                },
                {
                    "href":"The_Walking_Dead_130-008.jpg",
                    "text":" The_Walking_Dead_130-008.jpg",
                    "imageUrl":"http://thewalkingdead-online.com/hq/albums/HQ/22/Edicao130/The_Walking_Dead_130-008.jpg"
                },
                {
                    "href":"The_Walking_Dead_130-009.jpg",
                    "text":" The_Walking_Dead_130-009.jpg",
                    "imageUrl":"http://thewalkingdead-online.com/hq/albums/HQ/22/Edicao130/The_Walking_Dead_130-009.jpg"
                },
                {
                    "href":"The_Walking_Dead_130-010.jpg",
                    "text":" The_Walking_Dead_130-010.jpg",
                    "imageUrl":"http://thewalkingdead-online.com/hq/albums/HQ/22/Edicao130/The_Walking_Dead_130-010.jpg"
                },
                {
                    "href":"The_Walking_Dead_130-011.jpg",
                    "text":" The_Walking_Dead_130-011.jpg",
                    "imageUrl":"http://thewalkingdead-online.com/hq/albums/HQ/22/Edicao130/The_Walking_Dead_130-011.jpg"
                },
                {
                    "href":"The_Walking_Dead_130-012.jpg",
                    "text":" The_Walking_Dead_130-012.jpg",
                    "imageUrl":"http://thewalkingdead-online.com/hq/albums/HQ/22/Edicao130/The_Walking_Dead_130-012.jpg"
                },
                {
                    "href":"The_Walking_Dead_130-013.jpg",
                    "text":" The_Walking_Dead_130-013.jpg",
                    "imageUrl":"http://thewalkingdead-online.com/hq/albums/HQ/22/Edicao130/The_Walking_Dead_130-013.jpg"
                },
                {
                    "href":"The_Walking_Dead_130-014.jpg",
                    "text":" The_Walking_Dead_130-014.jpg",
                    "imageUrl":"http://thewalkingdead-online.com/hq/albums/HQ/22/Edicao130/The_Walking_Dead_130-014.jpg"
                },
                {
                    "href":"The_Walking_Dead_130-015.jpg",
                    "text":" The_Walking_Dead_130-015.jpg",
                    "imageUrl":"http://thewalkingdead-online.com/hq/albums/HQ/22/Edicao130/The_Walking_Dead_130-015.jpg"
                },
                {
                    "href":"The_Walking_Dead_130-016.jpg",
                    "text":" The_Walking_Dead_130-016.jpg",
                    "imageUrl":"http://thewalkingdead-online.com/hq/albums/HQ/22/Edicao130/The_Walking_Dead_130-016.jpg"
                },
                {
                    "href":"The_Walking_Dead_130-017.jpg",
                    "text":" The_Walking_Dead_130-017.jpg",
                    "imageUrl":"http://thewalkingdead-online.com/hq/albums/HQ/22/Edicao130/The_Walking_Dead_130-017.jpg"
                },
                {
                    "href":"The_Walking_Dead_130-018.jpg",
                    "text":" The_Walking_Dead_130-018.jpg",
                    "imageUrl":"http://thewalkingdead-online.com/hq/albums/HQ/22/Edicao130/The_Walking_Dead_130-018.jpg"
                },
                {
                    "href":"The_Walking_Dead_130-019.jpg",
                    "text":" The_Walking_Dead_130-019.jpg",
                    "imageUrl":"http://thewalkingdead-online.com/hq/albums/HQ/22/Edicao130/The_Walking_Dead_130-019.jpg"
                },
                {
                    "href":"The_Walking_Dead_130-020.jpg",
                    "text":" The_Walking_Dead_130-020.jpg",
                    "imageUrl":"http://thewalkingdead-online.com/hq/albums/HQ/22/Edicao130/The_Walking_Dead_130-020.jpg"
                },
                {
                    "href":"The_Walking_Dead_130-021.jpg",
                    "text":" The_Walking_Dead_130-021.jpg",
                    "imageUrl":"http://thewalkingdead-online.com/hq/albums/HQ/22/Edicao130/The_Walking_Dead_130-021.jpg"
                },
                {
                    "href":"The_Walking_Dead_130-022.jpg",
                    "text":" The_Walking_Dead_130-022.jpg",
                    "imageUrl":"http://thewalkingdead-online.com/hq/albums/HQ/22/Edicao130/The_Walking_Dead_130-022.jpg"
                },
                {
                    "href":"The_Walking_Dead_130-026.jpg",
                    "text":" The_Walking_Dead_130-026.jpg",
                    "imageUrl":"http://thewalkingdead-online.com/hq/albums/HQ/22/Edicao130/The_Walking_Dead_130-026.jpg"
                },
                {
                    "href":"thumb_The_Walking_Dead_130-000.jpg",
                    "text":" thumb_The_Walking_Dead_130-000.jpg",
                    "imageUrl":"http://thewalkingdead-online.com/hq/albums/HQ/22/Edicao130/thumb_The_Walking_Dead_130-000.jpg"
                },
                {
                    "href":"thumb_The_Walking_Dead_130-001.jpg",
                    "text":" thumb_The_Walking_Dead_130-001.jpg",
                    "imageUrl":"http://thewalkingdead-online.com/hq/albums/HQ/22/Edicao130/thumb_The_Walking_Dead_130-001.jpg"
                },
                {
                    "href":"thumb_The_Walking_Dead_130-002.jpg",
                    "text":" thumb_The_Walking_Dead_130-002.jpg",
                    "imageUrl":"http://thewalkingdead-online.com/hq/albums/HQ/22/Edicao130/thumb_The_Walking_Dead_130-002.jpg"
                },
                {
                    "href":"thumb_The_Walking_Dead_130-003.jpg",
                    "text":" thumb_The_Walking_Dead_130-003.jpg",
                    "imageUrl":"http://thewalkingdead-online.com/hq/albums/HQ/22/Edicao130/thumb_The_Walking_Dead_130-003.jpg"
                },
                {
                    "href":"thumb_The_Walking_Dead_130-004.jpg",
                    "text":" thumb_The_Walking_Dead_130-004.jpg",
                    "imageUrl":"http://thewalkingdead-online.com/hq/albums/HQ/22/Edicao130/thumb_The_Walking_Dead_130-004.jpg"
                },
                {
                    "href":"thumb_The_Walking_Dead_130-005.jpg",
                    "text":" thumb_The_Walking_Dead_130-005.jpg",
                    "imageUrl":"http://thewalkingdead-online.com/hq/albums/HQ/22/Edicao130/thumb_The_Walking_Dead_130-005.jpg"
                },
                {
                    "href":"thumb_The_Walking_Dead_130-006.jpg",
                    "text":" thumb_The_Walking_Dead_130-006.jpg",
                    "imageUrl":"http://thewalkingdead-online.com/hq/albums/HQ/22/Edicao130/thumb_The_Walking_Dead_130-006.jpg"
                },
                {
                    "href":"thumb_The_Walking_Dead_130-007.jpg",
                    "text":" thumb_The_Walking_Dead_130-007.jpg",
                    "imageUrl":"http://thewalkingdead-online.com/hq/albums/HQ/22/Edicao130/thumb_The_Walking_Dead_130-007.jpg"
                },
                {
                    "href":"thumb_The_Walking_Dead_130-008.jpg",
                    "text":" thumb_The_Walking_Dead_130-008.jpg",
                    "imageUrl":"http://thewalkingdead-online.com/hq/albums/HQ/22/Edicao130/thumb_The_Walking_Dead_130-008.jpg"
                },
                {
                    "href":"thumb_The_Walking_Dead_130-009.jpg",
                    "text":" thumb_The_Walking_Dead_130-009.jpg",
                    "imageUrl":"http://thewalkingdead-online.com/hq/albums/HQ/22/Edicao130/thumb_The_Walking_Dead_130-009.jpg"
                },
                {
                    "href":"thumb_The_Walking_Dead_130-010.jpg",
                    "text":" thumb_The_Walking_Dead_130-010.jpg",
                    "imageUrl":"http://thewalkingdead-online.com/hq/albums/HQ/22/Edicao130/thumb_The_Walking_Dead_130-010.jpg"
                },
                {
                    "href":"thumb_The_Walking_Dead_130-011.jpg",
                    "text":" thumb_The_Walking_Dead_130-011.jpg",
                    "imageUrl":"http://thewalkingdead-online.com/hq/albums/HQ/22/Edicao130/thumb_The_Walking_Dead_130-011.jpg"
                },
                {
                    "href":"thumb_The_Walking_Dead_130-012.jpg",
                    "text":" thumb_The_Walking_Dead_130-012.jpg",
                    "imageUrl":"http://thewalkingdead-online.com/hq/albums/HQ/22/Edicao130/thumb_The_Walking_Dead_130-012.jpg"
                },
                {
                    "href":"thumb_The_Walking_Dead_130-013.jpg",
                    "text":" thumb_The_Walking_Dead_130-013.jpg",
                    "imageUrl":"http://thewalkingdead-online.com/hq/albums/HQ/22/Edicao130/thumb_The_Walking_Dead_130-013.jpg"
                },
                {
                    "href":"thumb_The_Walking_Dead_130-014.jpg",
                    "text":" thumb_The_Walking_Dead_130-014.jpg",
                    "imageUrl":"http://thewalkingdead-online.com/hq/albums/HQ/22/Edicao130/thumb_The_Walking_Dead_130-014.jpg"
                },
                {
                    "href":"thumb_The_Walking_Dead_130-015.jpg",
                    "text":" thumb_The_Walking_Dead_130-015.jpg",
                    "imageUrl":"http://thewalkingdead-online.com/hq/albums/HQ/22/Edicao130/thumb_The_Walking_Dead_130-015.jpg"
                },
                {
                    "href":"thumb_The_Walking_Dead_130-016.jpg",
                    "text":" thumb_The_Walking_Dead_130-016.jpg",
                    "imageUrl":"http://thewalkingdead-online.com/hq/albums/HQ/22/Edicao130/thumb_The_Walking_Dead_130-016.jpg"
                },
                {
                    "href":"thumb_The_Walking_Dead_130-017.jpg",
                    "text":" thumb_The_Walking_Dead_130-017.jpg",
                    "imageUrl":"http://thewalkingdead-online.com/hq/albums/HQ/22/Edicao130/thumb_The_Walking_Dead_130-017.jpg"
                },
                {
                    "href":"thumb_The_Walking_Dead_130-018.jpg",
                    "text":" thumb_The_Walking_Dead_130-018.jpg",
                    "imageUrl":"http://thewalkingdead-online.com/hq/albums/HQ/22/Edicao130/thumb_The_Walking_Dead_130-018.jpg"
                },
                {
                    "href":"thumb_The_Walking_Dead_130-019.jpg",
                    "text":" thumb_The_Walking_Dead_130-019.jpg",
                    "imageUrl":"http://thewalkingdead-online.com/hq/albums/HQ/22/Edicao130/thumb_The_Walking_Dead_130-019.jpg"
                },
                {
                    "href":"thumb_The_Walking_Dead_130-020.jpg",
                    "text":" thumb_The_Walking_Dead_130-020.jpg",
                    "imageUrl":"http://thewalkingdead-online.com/hq/albums/HQ/22/Edicao130/thumb_The_Walking_Dead_130-020.jpg"
                },
                {
                    "href":"thumb_The_Walking_Dead_130-021.jpg",
                    "text":" thumb_The_Walking_Dead_130-021.jpg",
                    "imageUrl":"http://thewalkingdead-online.com/hq/albums/HQ/22/Edicao130/thumb_The_Walking_Dead_130-021.jpg"
                },
                {
                    "href":"thumb_The_Walking_Dead_130-022.jpg",
                    "text":" thumb_The_Walking_Dead_130-022.jpg",
                    "imageUrl":"http://thewalkingdead-online.com/hq/albums/HQ/22/Edicao130/thumb_The_Walking_Dead_130-022.jpg"
                },
                {
                    "href":"thumb_The_Walking_Dead_130-026.jpg",
                    "text":" thumb_The_Walking_Dead_130-026.jpg",
                    "imageUrl":"http://thewalkingdead-online.com/hq/albums/HQ/22/Edicao130/thumb_The_Walking_Dead_130-026.jpg"
                },
                {
                    "href":"thumb_x-credito-site.jpg",
                    "text":" thumb_x-credito-site.jpg",
                    "imageUrl":"http://thewalkingdead-online.com/hq/albums/HQ/22/Edicao130/thumb_x-credito-site.jpg"
                },
                {
                    "href":"x-credito-site.jpg",
                    "text":" x-credito-site.jpg",
                    "imageUrl":"http://thewalkingdead-online.com/hq/albums/HQ/22/Edicao130/x-credito-site.jpg"
                }
            ]
        },
        {
            "href":"Edicao131/",
            "text":" Edicao131/",
            "images":[
                {
                    "href":"The_Walking_Dead_131-000.jpg",
                    "text":" The_Walking_Dead_131-000.jpg",
                    "imageUrl":"http://thewalkingdead-online.com/hq/albums/HQ/22/Edicao131/The_Walking_Dead_131-000.jpg"
                },
                {
                    "href":"The_Walking_Dead_131-001.jpg",
                    "text":" The_Walking_Dead_131-001.jpg",
                    "imageUrl":"http://thewalkingdead-online.com/hq/albums/HQ/22/Edicao131/The_Walking_Dead_131-001.jpg"
                },
                {
                    "href":"The_Walking_Dead_131-002.jpg",
                    "text":" The_Walking_Dead_131-002.jpg",
                    "imageUrl":"http://thewalkingdead-online.com/hq/albums/HQ/22/Edicao131/The_Walking_Dead_131-002.jpg"
                },
                {
                    "href":"The_Walking_Dead_131-003.jpg",
                    "text":" The_Walking_Dead_131-003.jpg",
                    "imageUrl":"http://thewalkingdead-online.com/hq/albums/HQ/22/Edicao131/The_Walking_Dead_131-003.jpg"
                },
                {
                    "href":"The_Walking_Dead_131-004.jpg",
                    "text":" The_Walking_Dead_131-004.jpg",
                    "imageUrl":"http://thewalkingdead-online.com/hq/albums/HQ/22/Edicao131/The_Walking_Dead_131-004.jpg"
                },
                {
                    "href":"The_Walking_Dead_131-005.jpg",
                    "text":" The_Walking_Dead_131-005.jpg",
                    "imageUrl":"http://thewalkingdead-online.com/hq/albums/HQ/22/Edicao131/The_Walking_Dead_131-005.jpg"
                },
                {
                    "href":"The_Walking_Dead_131-006.jpg",
                    "text":" The_Walking_Dead_131-006.jpg",
                    "imageUrl":"http://thewalkingdead-online.com/hq/albums/HQ/22/Edicao131/The_Walking_Dead_131-006.jpg"
                },
                {
                    "href":"The_Walking_Dead_131-007.jpg",
                    "text":" The_Walking_Dead_131-007.jpg",
                    "imageUrl":"http://thewalkingdead-online.com/hq/albums/HQ/22/Edicao131/The_Walking_Dead_131-007.jpg"
                },
                {
                    "href":"The_Walking_Dead_131-008.jpg",
                    "text":" The_Walking_Dead_131-008.jpg",
                    "imageUrl":"http://thewalkingdead-online.com/hq/albums/HQ/22/Edicao131/The_Walking_Dead_131-008.jpg"
                },
                {
                    "href":"The_Walking_Dead_131-009.jpg",
                    "text":" The_Walking_Dead_131-009.jpg",
                    "imageUrl":"http://thewalkingdead-online.com/hq/albums/HQ/22/Edicao131/The_Walking_Dead_131-009.jpg"
                },
                {
                    "href":"The_Walking_Dead_131-010.jpg",
                    "text":" The_Walking_Dead_131-010.jpg",
                    "imageUrl":"http://thewalkingdead-online.com/hq/albums/HQ/22/Edicao131/The_Walking_Dead_131-010.jpg"
                },
                {
                    "href":"The_Walking_Dead_131-011.jpg",
                    "text":" The_Walking_Dead_131-011.jpg",
                    "imageUrl":"http://thewalkingdead-online.com/hq/albums/HQ/22/Edicao131/The_Walking_Dead_131-011.jpg"
                },
                {
                    "href":"The_Walking_Dead_131-012.jpg",
                    "text":" The_Walking_Dead_131-012.jpg",
                    "imageUrl":"http://thewalkingdead-online.com/hq/albums/HQ/22/Edicao131/The_Walking_Dead_131-012.jpg"
                },
                {
                    "href":"The_Walking_Dead_131-013.jpg",
                    "text":" The_Walking_Dead_131-013.jpg",
                    "imageUrl":"http://thewalkingdead-online.com/hq/albums/HQ/22/Edicao131/The_Walking_Dead_131-013.jpg"
                },
                {
                    "href":"The_Walking_Dead_131-014.jpg",
                    "text":" The_Walking_Dead_131-014.jpg",
                    "imageUrl":"http://thewalkingdead-online.com/hq/albums/HQ/22/Edicao131/The_Walking_Dead_131-014.jpg"
                },
                {
                    "href":"The_Walking_Dead_131-015.jpg",
                    "text":" The_Walking_Dead_131-015.jpg",
                    "imageUrl":"http://thewalkingdead-online.com/hq/albums/HQ/22/Edicao131/The_Walking_Dead_131-015.jpg"
                },
                {
                    "href":"The_Walking_Dead_131-016.jpg",
                    "text":" The_Walking_Dead_131-016.jpg",
                    "imageUrl":"http://thewalkingdead-online.com/hq/albums/HQ/22/Edicao131/The_Walking_Dead_131-016.jpg"
                },
                {
                    "href":"The_Walking_Dead_131-017.jpg",
                    "text":" The_Walking_Dead_131-017.jpg",
                    "imageUrl":"http://thewalkingdead-online.com/hq/albums/HQ/22/Edicao131/The_Walking_Dead_131-017.jpg"
                },
                {
                    "href":"The_Walking_Dead_131-018.jpg",
                    "text":" The_Walking_Dead_131-018.jpg",
                    "imageUrl":"http://thewalkingdead-online.com/hq/albums/HQ/22/Edicao131/The_Walking_Dead_131-018.jpg"
                },
                {
                    "href":"The_Walking_Dead_131-019.jpg",
                    "text":" The_Walking_Dead_131-019.jpg",
                    "imageUrl":"http://thewalkingdead-online.com/hq/albums/HQ/22/Edicao131/The_Walking_Dead_131-019.jpg"
                },
                {
                    "href":"The_Walking_Dead_131-020.jpg",
                    "text":" The_Walking_Dead_131-020.jpg",
                    "imageUrl":"http://thewalkingdead-online.com/hq/albums/HQ/22/Edicao131/The_Walking_Dead_131-020.jpg"
                },
                {
                    "href":"The_Walking_Dead_131-021.jpg",
                    "text":" The_Walking_Dead_131-021.jpg",
                    "imageUrl":"http://thewalkingdead-online.com/hq/albums/HQ/22/Edicao131/The_Walking_Dead_131-021.jpg"
                },
                {
                    "href":"The_Walking_Dead_131-022.jpg",
                    "text":" The_Walking_Dead_131-022.jpg",
                    "imageUrl":"http://thewalkingdead-online.com/hq/albums/HQ/22/Edicao131/The_Walking_Dead_131-022.jpg"
                },
                {
                    "href":"The_Walking_Dead_131-025.jpg",
                    "text":" The_Walking_Dead_131-025.jpg",
                    "imageUrl":"http://thewalkingdead-online.com/hq/albums/HQ/22/Edicao131/The_Walking_Dead_131-025.jpg"
                },
                {
                    "href":"thumb_The_Walking_Dead_131-000.jpg",
                    "text":" thumb_The_Walking_Dead_131-000.jpg",
                    "imageUrl":"http://thewalkingdead-online.com/hq/albums/HQ/22/Edicao131/thumb_The_Walking_Dead_131-000.jpg"
                },
                {
                    "href":"thumb_The_Walking_Dead_131-001.jpg",
                    "text":" thumb_The_Walking_Dead_131-001.jpg",
                    "imageUrl":"http://thewalkingdead-online.com/hq/albums/HQ/22/Edicao131/thumb_The_Walking_Dead_131-001.jpg"
                },
                {
                    "href":"thumb_The_Walking_Dead_131-002.jpg",
                    "text":" thumb_The_Walking_Dead_131-002.jpg",
                    "imageUrl":"http://thewalkingdead-online.com/hq/albums/HQ/22/Edicao131/thumb_The_Walking_Dead_131-002.jpg"
                },
                {
                    "href":"thumb_The_Walking_Dead_131-003.jpg",
                    "text":" thumb_The_Walking_Dead_131-003.jpg",
                    "imageUrl":"http://thewalkingdead-online.com/hq/albums/HQ/22/Edicao131/thumb_The_Walking_Dead_131-003.jpg"
                },
                {
                    "href":"thumb_The_Walking_Dead_131-004.jpg",
                    "text":" thumb_The_Walking_Dead_131-004.jpg",
                    "imageUrl":"http://thewalkingdead-online.com/hq/albums/HQ/22/Edicao131/thumb_The_Walking_Dead_131-004.jpg"
                },
                {
                    "href":"thumb_The_Walking_Dead_131-005.jpg",
                    "text":" thumb_The_Walking_Dead_131-005.jpg",
                    "imageUrl":"http://thewalkingdead-online.com/hq/albums/HQ/22/Edicao131/thumb_The_Walking_Dead_131-005.jpg"
                },
                {
                    "href":"thumb_The_Walking_Dead_131-006.jpg",
                    "text":" thumb_The_Walking_Dead_131-006.jpg",
                    "imageUrl":"http://thewalkingdead-online.com/hq/albums/HQ/22/Edicao131/thumb_The_Walking_Dead_131-006.jpg"
                },
                {
                    "href":"thumb_The_Walking_Dead_131-007.jpg",
                    "text":" thumb_The_Walking_Dead_131-007.jpg",
                    "imageUrl":"http://thewalkingdead-online.com/hq/albums/HQ/22/Edicao131/thumb_The_Walking_Dead_131-007.jpg"
                },
                {
                    "href":"thumb_The_Walking_Dead_131-008.jpg",
                    "text":" thumb_The_Walking_Dead_131-008.jpg",
                    "imageUrl":"http://thewalkingdead-online.com/hq/albums/HQ/22/Edicao131/thumb_The_Walking_Dead_131-008.jpg"
                },
                {
                    "href":"thumb_The_Walking_Dead_131-009.jpg",
                    "text":" thumb_The_Walking_Dead_131-009.jpg",
                    "imageUrl":"http://thewalkingdead-online.com/hq/albums/HQ/22/Edicao131/thumb_The_Walking_Dead_131-009.jpg"
                },
                {
                    "href":"thumb_The_Walking_Dead_131-010.jpg",
                    "text":" thumb_The_Walking_Dead_131-010.jpg",
                    "imageUrl":"http://thewalkingdead-online.com/hq/albums/HQ/22/Edicao131/thumb_The_Walking_Dead_131-010.jpg"
                },
                {
                    "href":"thumb_The_Walking_Dead_131-011.jpg",
                    "text":" thumb_The_Walking_Dead_131-011.jpg",
                    "imageUrl":"http://thewalkingdead-online.com/hq/albums/HQ/22/Edicao131/thumb_The_Walking_Dead_131-011.jpg"
                },
                {
                    "href":"thumb_The_Walking_Dead_131-012.jpg",
                    "text":" thumb_The_Walking_Dead_131-012.jpg",
                    "imageUrl":"http://thewalkingdead-online.com/hq/albums/HQ/22/Edicao131/thumb_The_Walking_Dead_131-012.jpg"
                },
                {
                    "href":"thumb_The_Walking_Dead_131-013.jpg",
                    "text":" thumb_The_Walking_Dead_131-013.jpg",
                    "imageUrl":"http://thewalkingdead-online.com/hq/albums/HQ/22/Edicao131/thumb_The_Walking_Dead_131-013.jpg"
                },
                {
                    "href":"thumb_The_Walking_Dead_131-014.jpg",
                    "text":" thumb_The_Walking_Dead_131-014.jpg",
                    "imageUrl":"http://thewalkingdead-online.com/hq/albums/HQ/22/Edicao131/thumb_The_Walking_Dead_131-014.jpg"
                },
                {
                    "href":"thumb_The_Walking_Dead_131-015.jpg",
                    "text":" thumb_The_Walking_Dead_131-015.jpg",
                    "imageUrl":"http://thewalkingdead-online.com/hq/albums/HQ/22/Edicao131/thumb_The_Walking_Dead_131-015.jpg"
                },
                {
                    "href":"thumb_The_Walking_Dead_131-016.jpg",
                    "text":" thumb_The_Walking_Dead_131-016.jpg",
                    "imageUrl":"http://thewalkingdead-online.com/hq/albums/HQ/22/Edicao131/thumb_The_Walking_Dead_131-016.jpg"
                },
                {
                    "href":"thumb_The_Walking_Dead_131-017.jpg",
                    "text":" thumb_The_Walking_Dead_131-017.jpg",
                    "imageUrl":"http://thewalkingdead-online.com/hq/albums/HQ/22/Edicao131/thumb_The_Walking_Dead_131-017.jpg"
                },
                {
                    "href":"thumb_The_Walking_Dead_131-018.jpg",
                    "text":" thumb_The_Walking_Dead_131-018.jpg",
                    "imageUrl":"http://thewalkingdead-online.com/hq/albums/HQ/22/Edicao131/thumb_The_Walking_Dead_131-018.jpg"
                },
                {
                    "href":"thumb_The_Walking_Dead_131-019.jpg",
                    "text":" thumb_The_Walking_Dead_131-019.jpg",
                    "imageUrl":"http://thewalkingdead-online.com/hq/albums/HQ/22/Edicao131/thumb_The_Walking_Dead_131-019.jpg"
                },
                {
                    "href":"thumb_The_Walking_Dead_131-020.jpg",
                    "text":" thumb_The_Walking_Dead_131-020.jpg",
                    "imageUrl":"http://thewalkingdead-online.com/hq/albums/HQ/22/Edicao131/thumb_The_Walking_Dead_131-020.jpg"
                },
                {
                    "href":"thumb_The_Walking_Dead_131-021.jpg",
                    "text":" thumb_The_Walking_Dead_131-021.jpg",
                    "imageUrl":"http://thewalkingdead-online.com/hq/albums/HQ/22/Edicao131/thumb_The_Walking_Dead_131-021.jpg"
                },
                {
                    "href":"thumb_The_Walking_Dead_131-022.jpg",
                    "text":" thumb_The_Walking_Dead_131-022.jpg",
                    "imageUrl":"http://thewalkingdead-online.com/hq/albums/HQ/22/Edicao131/thumb_The_Walking_Dead_131-022.jpg"
                },
                {
                    "href":"thumb_The_Walking_Dead_131-025.jpg",
                    "text":" thumb_The_Walking_Dead_131-025.jpg",
                    "imageUrl":"http://thewalkingdead-online.com/hq/albums/HQ/22/Edicao131/thumb_The_Walking_Dead_131-025.jpg"
                },
                {
                    "href":"thumb_x-credito-site.jpg",
                    "text":" thumb_x-credito-site.jpg",
                    "imageUrl":"http://thewalkingdead-online.com/hq/albums/HQ/22/Edicao131/thumb_x-credito-site.jpg"
                },
                {
                    "href":"x-credito-site.jpg",
                    "text":" x-credito-site.jpg",
                    "imageUrl":"http://thewalkingdead-online.com/hq/albums/HQ/22/Edicao131/x-credito-site.jpg"
                }
            ]
        },
        {
            "href":"Edicao132/",
            "text":" Edicao132/",
            "images":[
                {
                    "href":"The_Walking_Dead_132-000.jpg",
                    "text":" The_Walking_Dead_132-000.jpg",
                    "imageUrl":"http://thewalkingdead-online.com/hq/albums/HQ/22/Edicao132/The_Walking_Dead_132-000.jpg"
                },
                {
                    "href":"The_Walking_Dead_132-001.jpg",
                    "text":" The_Walking_Dead_132-001.jpg",
                    "imageUrl":"http://thewalkingdead-online.com/hq/albums/HQ/22/Edicao132/The_Walking_Dead_132-001.jpg"
                },
                {
                    "href":"The_Walking_Dead_132-002.jpg",
                    "text":" The_Walking_Dead_132-002.jpg",
                    "imageUrl":"http://thewalkingdead-online.com/hq/albums/HQ/22/Edicao132/The_Walking_Dead_132-002.jpg"
                },
                {
                    "href":"The_Walking_Dead_132-003.jpg",
                    "text":" The_Walking_Dead_132-003.jpg",
                    "imageUrl":"http://thewalkingdead-online.com/hq/albums/HQ/22/Edicao132/The_Walking_Dead_132-003.jpg"
                },
                {
                    "href":"The_Walking_Dead_132-004.jpg",
                    "text":" The_Walking_Dead_132-004.jpg",
                    "imageUrl":"http://thewalkingdead-online.com/hq/albums/HQ/22/Edicao132/The_Walking_Dead_132-004.jpg"
                },
                {
                    "href":"The_Walking_Dead_132-005.jpg",
                    "text":" The_Walking_Dead_132-005.jpg",
                    "imageUrl":"http://thewalkingdead-online.com/hq/albums/HQ/22/Edicao132/The_Walking_Dead_132-005.jpg"
                },
                {
                    "href":"The_Walking_Dead_132-006.jpg",
                    "text":" The_Walking_Dead_132-006.jpg",
                    "imageUrl":"http://thewalkingdead-online.com/hq/albums/HQ/22/Edicao132/The_Walking_Dead_132-006.jpg"
                },
                {
                    "href":"The_Walking_Dead_132-007.jpg",
                    "text":" The_Walking_Dead_132-007.jpg",
                    "imageUrl":"http://thewalkingdead-online.com/hq/albums/HQ/22/Edicao132/The_Walking_Dead_132-007.jpg"
                },
                {
                    "href":"The_Walking_Dead_132-008.jpg",
                    "text":" The_Walking_Dead_132-008.jpg",
                    "imageUrl":"http://thewalkingdead-online.com/hq/albums/HQ/22/Edicao132/The_Walking_Dead_132-008.jpg"
                },
                {
                    "href":"The_Walking_Dead_132-009.jpg",
                    "text":" The_Walking_Dead_132-009.jpg",
                    "imageUrl":"http://thewalkingdead-online.com/hq/albums/HQ/22/Edicao132/The_Walking_Dead_132-009.jpg"
                },
                {
                    "href":"The_Walking_Dead_132-010.jpg",
                    "text":" The_Walking_Dead_132-010.jpg",
                    "imageUrl":"http://thewalkingdead-online.com/hq/albums/HQ/22/Edicao132/The_Walking_Dead_132-010.jpg"
                },
                {
                    "href":"The_Walking_Dead_132-011.jpg",
                    "text":" The_Walking_Dead_132-011.jpg",
                    "imageUrl":"http://thewalkingdead-online.com/hq/albums/HQ/22/Edicao132/The_Walking_Dead_132-011.jpg"
                },
                {
                    "href":"The_Walking_Dead_132-012.jpg",
                    "text":" The_Walking_Dead_132-012.jpg",
                    "imageUrl":"http://thewalkingdead-online.com/hq/albums/HQ/22/Edicao132/The_Walking_Dead_132-012.jpg"
                },
                {
                    "href":"The_Walking_Dead_132-013.jpg",
                    "text":" The_Walking_Dead_132-013.jpg",
                    "imageUrl":"http://thewalkingdead-online.com/hq/albums/HQ/22/Edicao132/The_Walking_Dead_132-013.jpg"
                },
                {
                    "href":"The_Walking_Dead_132-014.jpg",
                    "text":" The_Walking_Dead_132-014.jpg",
                    "imageUrl":"http://thewalkingdead-online.com/hq/albums/HQ/22/Edicao132/The_Walking_Dead_132-014.jpg"
                },
                {
                    "href":"The_Walking_Dead_132-015.jpg",
                    "text":" The_Walking_Dead_132-015.jpg",
                    "imageUrl":"http://thewalkingdead-online.com/hq/albums/HQ/22/Edicao132/The_Walking_Dead_132-015.jpg"
                },
                {
                    "href":"The_Walking_Dead_132-016.jpg",
                    "text":" The_Walking_Dead_132-016.jpg",
                    "imageUrl":"http://thewalkingdead-online.com/hq/albums/HQ/22/Edicao132/The_Walking_Dead_132-016.jpg"
                },
                {
                    "href":"The_Walking_Dead_132-017.jpg",
                    "text":" The_Walking_Dead_132-017.jpg",
                    "imageUrl":"http://thewalkingdead-online.com/hq/albums/HQ/22/Edicao132/The_Walking_Dead_132-017.jpg"
                },
                {
                    "href":"The_Walking_Dead_132-018.jpg",
                    "text":" The_Walking_Dead_132-018.jpg",
                    "imageUrl":"http://thewalkingdead-online.com/hq/albums/HQ/22/Edicao132/The_Walking_Dead_132-018.jpg"
                },
                {
                    "href":"The_Walking_Dead_132-019.jpg",
                    "text":" The_Walking_Dead_132-019.jpg",
                    "imageUrl":"http://thewalkingdead-online.com/hq/albums/HQ/22/Edicao132/The_Walking_Dead_132-019.jpg"
                },
                {
                    "href":"The_Walking_Dead_132-020.jpg",
                    "text":" The_Walking_Dead_132-020.jpg",
                    "imageUrl":"http://thewalkingdead-online.com/hq/albums/HQ/22/Edicao132/The_Walking_Dead_132-020.jpg"
                },
                {
                    "href":"The_Walking_Dead_132-021.jpg",
                    "text":" The_Walking_Dead_132-021.jpg",
                    "imageUrl":"http://thewalkingdead-online.com/hq/albums/HQ/22/Edicao132/The_Walking_Dead_132-021.jpg"
                },
                {
                    "href":"The_Walking_Dead_132-024.jpg",
                    "text":" The_Walking_Dead_132-024.jpg",
                    "imageUrl":"http://thewalkingdead-online.com/hq/albums/HQ/22/Edicao132/The_Walking_Dead_132-024.jpg"
                },
                {
                    "href":"thumb_The_Walking_Dead_132-000.jpg",
                    "text":" thumb_The_Walking_Dead_132-000.jpg",
                    "imageUrl":"http://thewalkingdead-online.com/hq/albums/HQ/22/Edicao132/thumb_The_Walking_Dead_132-000.jpg"
                },
                {
                    "href":"thumb_The_Walking_Dead_132-001.jpg",
                    "text":" thumb_The_Walking_Dead_132-001.jpg",
                    "imageUrl":"http://thewalkingdead-online.com/hq/albums/HQ/22/Edicao132/thumb_The_Walking_Dead_132-001.jpg"
                },
                {
                    "href":"thumb_The_Walking_Dead_132-002.jpg",
                    "text":" thumb_The_Walking_Dead_132-002.jpg",
                    "imageUrl":"http://thewalkingdead-online.com/hq/albums/HQ/22/Edicao132/thumb_The_Walking_Dead_132-002.jpg"
                },
                {
                    "href":"thumb_The_Walking_Dead_132-003.jpg",
                    "text":" thumb_The_Walking_Dead_132-003.jpg",
                    "imageUrl":"http://thewalkingdead-online.com/hq/albums/HQ/22/Edicao132/thumb_The_Walking_Dead_132-003.jpg"
                },
                {
                    "href":"thumb_The_Walking_Dead_132-004.jpg",
                    "text":" thumb_The_Walking_Dead_132-004.jpg",
                    "imageUrl":"http://thewalkingdead-online.com/hq/albums/HQ/22/Edicao132/thumb_The_Walking_Dead_132-004.jpg"
                },
                {
                    "href":"thumb_The_Walking_Dead_132-005.jpg",
                    "text":" thumb_The_Walking_Dead_132-005.jpg",
                    "imageUrl":"http://thewalkingdead-online.com/hq/albums/HQ/22/Edicao132/thumb_The_Walking_Dead_132-005.jpg"
                },
                {
                    "href":"thumb_The_Walking_Dead_132-006.jpg",
                    "text":" thumb_The_Walking_Dead_132-006.jpg",
                    "imageUrl":"http://thewalkingdead-online.com/hq/albums/HQ/22/Edicao132/thumb_The_Walking_Dead_132-006.jpg"
                },
                {
                    "href":"thumb_The_Walking_Dead_132-007.jpg",
                    "text":" thumb_The_Walking_Dead_132-007.jpg",
                    "imageUrl":"http://thewalkingdead-online.com/hq/albums/HQ/22/Edicao132/thumb_The_Walking_Dead_132-007.jpg"
                },
                {
                    "href":"thumb_The_Walking_Dead_132-008.jpg",
                    "text":" thumb_The_Walking_Dead_132-008.jpg",
                    "imageUrl":"http://thewalkingdead-online.com/hq/albums/HQ/22/Edicao132/thumb_The_Walking_Dead_132-008.jpg"
                },
                {
                    "href":"thumb_The_Walking_Dead_132-009.jpg",
                    "text":" thumb_The_Walking_Dead_132-009.jpg",
                    "imageUrl":"http://thewalkingdead-online.com/hq/albums/HQ/22/Edicao132/thumb_The_Walking_Dead_132-009.jpg"
                },
                {
                    "href":"thumb_The_Walking_Dead_132-010.jpg",
                    "text":" thumb_The_Walking_Dead_132-010.jpg",
                    "imageUrl":"http://thewalkingdead-online.com/hq/albums/HQ/22/Edicao132/thumb_The_Walking_Dead_132-010.jpg"
                },
                {
                    "href":"thumb_The_Walking_Dead_132-011.jpg",
                    "text":" thumb_The_Walking_Dead_132-011.jpg",
                    "imageUrl":"http://thewalkingdead-online.com/hq/albums/HQ/22/Edicao132/thumb_The_Walking_Dead_132-011.jpg"
                },
                {
                    "href":"thumb_The_Walking_Dead_132-012.jpg",
                    "text":" thumb_The_Walking_Dead_132-012.jpg",
                    "imageUrl":"http://thewalkingdead-online.com/hq/albums/HQ/22/Edicao132/thumb_The_Walking_Dead_132-012.jpg"
                },
                {
                    "href":"thumb_The_Walking_Dead_132-013.jpg",
                    "text":" thumb_The_Walking_Dead_132-013.jpg",
                    "imageUrl":"http://thewalkingdead-online.com/hq/albums/HQ/22/Edicao132/thumb_The_Walking_Dead_132-013.jpg"
                },
                {
                    "href":"thumb_The_Walking_Dead_132-014.jpg",
                    "text":" thumb_The_Walking_Dead_132-014.jpg",
                    "imageUrl":"http://thewalkingdead-online.com/hq/albums/HQ/22/Edicao132/thumb_The_Walking_Dead_132-014.jpg"
                },
                {
                    "href":"thumb_The_Walking_Dead_132-015.jpg",
                    "text":" thumb_The_Walking_Dead_132-015.jpg",
                    "imageUrl":"http://thewalkingdead-online.com/hq/albums/HQ/22/Edicao132/thumb_The_Walking_Dead_132-015.jpg"
                },
                {
                    "href":"thumb_The_Walking_Dead_132-016.jpg",
                    "text":" thumb_The_Walking_Dead_132-016.jpg",
                    "imageUrl":"http://thewalkingdead-online.com/hq/albums/HQ/22/Edicao132/thumb_The_Walking_Dead_132-016.jpg"
                },
                {
                    "href":"thumb_The_Walking_Dead_132-017.jpg",
                    "text":" thumb_The_Walking_Dead_132-017.jpg",
                    "imageUrl":"http://thewalkingdead-online.com/hq/albums/HQ/22/Edicao132/thumb_The_Walking_Dead_132-017.jpg"
                },
                {
                    "href":"thumb_The_Walking_Dead_132-018.jpg",
                    "text":" thumb_The_Walking_Dead_132-018.jpg",
                    "imageUrl":"http://thewalkingdead-online.com/hq/albums/HQ/22/Edicao132/thumb_The_Walking_Dead_132-018.jpg"
                },
                {
                    "href":"thumb_The_Walking_Dead_132-019.jpg",
                    "text":" thumb_The_Walking_Dead_132-019.jpg",
                    "imageUrl":"http://thewalkingdead-online.com/hq/albums/HQ/22/Edicao132/thumb_The_Walking_Dead_132-019.jpg"
                },
                {
                    "href":"thumb_The_Walking_Dead_132-020.jpg",
                    "text":" thumb_The_Walking_Dead_132-020.jpg",
                    "imageUrl":"http://thewalkingdead-online.com/hq/albums/HQ/22/Edicao132/thumb_The_Walking_Dead_132-020.jpg"
                },
                {
                    "href":"thumb_The_Walking_Dead_132-021.jpg",
                    "text":" thumb_The_Walking_Dead_132-021.jpg",
                    "imageUrl":"http://thewalkingdead-online.com/hq/albums/HQ/22/Edicao132/thumb_The_Walking_Dead_132-021.jpg"
                },
                {
                    "href":"thumb_The_Walking_Dead_132-024.jpg",
                    "text":" thumb_The_Walking_Dead_132-024.jpg",
                    "imageUrl":"http://thewalkingdead-online.com/hq/albums/HQ/22/Edicao132/thumb_The_Walking_Dead_132-024.jpg"
                },
                {
                    "href":"thumb_x-credito-site.jpg",
                    "text":" thumb_x-credito-site.jpg",
                    "imageUrl":"http://thewalkingdead-online.com/hq/albums/HQ/22/Edicao132/thumb_x-credito-site.jpg"
                },
                {
                    "href":"x-credito-site.jpg",
                    "text":" x-credito-site.jpg",
                    "imageUrl":"http://thewalkingdead-online.com/hq/albums/HQ/22/Edicao132/x-credito-site.jpg"
                }
            ]
        }
    ]
}