{
    "href":"23/",
    "text":" 23/",
    "chapters":[
        {
            "href":"Edicao133/",
            "text":" Edicao133/",
            "images":[
                {
                    "href":"133_000.jpg",
                    "text":" 133_000.jpg",
                    "imageUrl":"http://thewalkingdead-online.com/hq/albums/HQ/23/Edicao133/133_000.jpg"
                },
                {
                    "href":"133_001.png",
                    "text":" 133_001.png",
                    "imageUrl":"http://thewalkingdead-online.com/hq/albums/HQ/23/Edicao133/133_001.png"
                },
                {
                    "href":"133_002.png",
                    "text":" 133_002.png",
                    "imageUrl":"http://thewalkingdead-online.com/hq/albums/HQ/23/Edicao133/133_002.png"
                },
                {
                    "href":"133_003.png",
                    "text":" 133_003.png",
                    "imageUrl":"http://thewalkingdead-online.com/hq/albums/HQ/23/Edicao133/133_003.png"
                },
                {
                    "href":"133_004.png",
                    "text":" 133_004.png",
                    "imageUrl":"http://thewalkingdead-online.com/hq/albums/HQ/23/Edicao133/133_004.png"
                },
                {
                    "href":"133_005.png",
                    "text":" 133_005.png",
                    "imageUrl":"http://thewalkingdead-online.com/hq/albums/HQ/23/Edicao133/133_005.png"
                },
                {
                    "href":"133_006.png",
                    "text":" 133_006.png",
                    "imageUrl":"http://thewalkingdead-online.com/hq/albums/HQ/23/Edicao133/133_006.png"
                },
                {
                    "href":"133_007.png",
                    "text":" 133_007.png",
                    "imageUrl":"http://thewalkingdead-online.com/hq/albums/HQ/23/Edicao133/133_007.png"
                },
                {
                    "href":"133_008.png",
                    "text":" 133_008.png",
                    "imageUrl":"http://thewalkingdead-online.com/hq/albums/HQ/23/Edicao133/133_008.png"
                },
                {
                    "href":"133_009.png",
                    "text":" 133_009.png",
                    "imageUrl":"http://thewalkingdead-online.com/hq/albums/HQ/23/Edicao133/133_009.png"
                },
                {
                    "href":"133_011.png",
                    "text":" 133_011.png",
                    "imageUrl":"http://thewalkingdead-online.com/hq/albums/HQ/23/Edicao133/133_011.png"
                },
                {
                    "href":"133_012.png",
                    "text":" 133_012.png",
                    "imageUrl":"http://thewalkingdead-online.com/hq/albums/HQ/23/Edicao133/133_012.png"
                },
                {
                    "href":"133_013.png",
                    "text":" 133_013.png",
                    "imageUrl":"http://thewalkingdead-online.com/hq/albums/HQ/23/Edicao133/133_013.png"
                },
                {
                    "href":"133_014.png",
                    "text":" 133_014.png",
                    "imageUrl":"http://thewalkingdead-online.com/hq/albums/HQ/23/Edicao133/133_014.png"
                },
                {
                    "href":"133_015.png",
                    "text":" 133_015.png",
                    "imageUrl":"http://thewalkingdead-online.com/hq/albums/HQ/23/Edicao133/133_015.png"
                },
                {
                    "href":"133_016.png",
                    "text":" 133_016.png",
                    "imageUrl":"http://thewalkingdead-online.com/hq/albums/HQ/23/Edicao133/133_016.png"
                },
                {
                    "href":"133_017.png",
                    "text":" 133_017.png",
                    "imageUrl":"http://thewalkingdead-online.com/hq/albums/HQ/23/Edicao133/133_017.png"
                },
                {
                    "href":"133_018.png",
                    "text":" 133_018.png",
                    "imageUrl":"http://thewalkingdead-online.com/hq/albums/HQ/23/Edicao133/133_018.png"
                },
                {
                    "href":"133_019.png",
                    "text":" 133_019.png",
                    "imageUrl":"http://thewalkingdead-online.com/hq/albums/HQ/23/Edicao133/133_019.png"
                },
                {
                    "href":"133_020.png",
                    "text":" 133_020.png",
                    "imageUrl":"http://thewalkingdead-online.com/hq/albums/HQ/23/Edicao133/133_020.png"
                },
                {
                    "href":"133_021.png",
                    "text":" 133_021.png",
                    "imageUrl":"http://thewalkingdead-online.com/hq/albums/HQ/23/Edicao133/133_021.png"
                },
                {
                    "href":"133_022.png",
                    "text":" 133_022.png",
                    "imageUrl":"http://thewalkingdead-online.com/hq/albums/HQ/23/Edicao133/133_022.png"
                },
                {
                    "href":"133_023.png",
                    "text":" 133_023.png",
                    "imageUrl":"http://thewalkingdead-online.com/hq/albums/HQ/23/Edicao133/133_023.png"
                },
                {
                    "href":"133_10.png",
                    "text":" 133_10.png",
                    "imageUrl":"http://thewalkingdead-online.com/hq/albums/HQ/23/Edicao133/133_10.png"
                },
                {
                    "href":"thumb_133_000.jpg",
                    "text":" thumb_133_000.jpg",
                    "imageUrl":"http://thewalkingdead-online.com/hq/albums/HQ/23/Edicao133/thumb_133_000.jpg"
                },
                {
                    "href":"thumb_133_001.png",
                    "text":" thumb_133_001.png",
                    "imageUrl":"http://thewalkingdead-online.com/hq/albums/HQ/23/Edicao133/thumb_133_001.png"
                },
                {
                    "href":"thumb_133_002.png",
                    "text":" thumb_133_002.png",
                    "imageUrl":"http://thewalkingdead-online.com/hq/albums/HQ/23/Edicao133/thumb_133_002.png"
                },
                {
                    "href":"thumb_133_003.png",
                    "text":" thumb_133_003.png",
                    "imageUrl":"http://thewalkingdead-online.com/hq/albums/HQ/23/Edicao133/thumb_133_003.png"
                },
                {
                    "href":"thumb_133_004.png",
                    "text":" thumb_133_004.png",
                    "imageUrl":"http://thewalkingdead-online.com/hq/albums/HQ/23/Edicao133/thumb_133_004.png"
                },
                {
                    "href":"thumb_133_005.png",
                    "text":" thumb_133_005.png",
                    "imageUrl":"http://thewalkingdead-online.com/hq/albums/HQ/23/Edicao133/thumb_133_005.png"
                },
                {
                    "href":"thumb_133_006.png",
                    "text":" thumb_133_006.png",
                    "imageUrl":"http://thewalkingdead-online.com/hq/albums/HQ/23/Edicao133/thumb_133_006.png"
                },
                {
                    "href":"thumb_133_007.png",
                    "text":" thumb_133_007.png",
                    "imageUrl":"http://thewalkingdead-online.com/hq/albums/HQ/23/Edicao133/thumb_133_007.png"
                },
                {
                    "href":"thumb_133_008.png",
                    "text":" thumb_133_008.png",
                    "imageUrl":"http://thewalkingdead-online.com/hq/albums/HQ/23/Edicao133/thumb_133_008.png"
                },
                {
                    "href":"thumb_133_009.png",
                    "text":" thumb_133_009.png",
                    "imageUrl":"http://thewalkingdead-online.com/hq/albums/HQ/23/Edicao133/thumb_133_009.png"
                },
                {
                    "href":"thumb_133_011.png",
                    "text":" thumb_133_011.png",
                    "imageUrl":"http://thewalkingdead-online.com/hq/albums/HQ/23/Edicao133/thumb_133_011.png"
                },
                {
                    "href":"thumb_133_012.png",
                    "text":" thumb_133_012.png",
                    "imageUrl":"http://thewalkingdead-online.com/hq/albums/HQ/23/Edicao133/thumb_133_012.png"
                },
                {
                    "href":"thumb_133_013.png",
                    "text":" thumb_133_013.png",
                    "imageUrl":"http://thewalkingdead-online.com/hq/albums/HQ/23/Edicao133/thumb_133_013.png"
                },
                {
                    "href":"thumb_133_014.png",
                    "text":" thumb_133_014.png",
                    "imageUrl":"http://thewalkingdead-online.com/hq/albums/HQ/23/Edicao133/thumb_133_014.png"
                },
                {
                    "href":"thumb_133_015.png",
                    "text":" thumb_133_015.png",
                    "imageUrl":"http://thewalkingdead-online.com/hq/albums/HQ/23/Edicao133/thumb_133_015.png"
                },
                {
                    "href":"thumb_133_016.png",
                    "text":" thumb_133_016.png",
                    "imageUrl":"http://thewalkingdead-online.com/hq/albums/HQ/23/Edicao133/thumb_133_016.png"
                },
                {
                    "href":"thumb_133_017.png",
                    "text":" thumb_133_017.png",
                    "imageUrl":"http://thewalkingdead-online.com/hq/albums/HQ/23/Edicao133/thumb_133_017.png"
                },
                {
                    "href":"thumb_133_018.png",
                    "text":" thumb_133_018.png",
                    "imageUrl":"http://thewalkingdead-online.com/hq/albums/HQ/23/Edicao133/thumb_133_018.png"
                },
                {
                    "href":"thumb_133_019.png",
                    "text":" thumb_133_019.png",
                    "imageUrl":"http://thewalkingdead-online.com/hq/albums/HQ/23/Edicao133/thumb_133_019.png"
                },
                {
                    "href":"thumb_133_020.png",
                    "text":" thumb_133_020.png",
                    "imageUrl":"http://thewalkingdead-online.com/hq/albums/HQ/23/Edicao133/thumb_133_020.png"
                },
                {
                    "href":"thumb_133_021.png",
                    "text":" thumb_133_021.png",
                    "imageUrl":"http://thewalkingdead-online.com/hq/albums/HQ/23/Edicao133/thumb_133_021.png"
                },
                {
                    "href":"thumb_133_022.png",
                    "text":" thumb_133_022.png",
                    "imageUrl":"http://thewalkingdead-online.com/hq/albums/HQ/23/Edicao133/thumb_133_022.png"
                },
                {
                    "href":"thumb_133_023.png",
                    "text":" thumb_133_023.png",
                    "imageUrl":"http://thewalkingdead-online.com/hq/albums/HQ/23/Edicao133/thumb_133_023.png"
                },
                {
                    "href":"thumb_133_10.png",
                    "text":" thumb_133_10.png",
                    "imageUrl":"http://thewalkingdead-online.com/hq/albums/HQ/23/Edicao133/thumb_133_10.png"
                },
                {
                    "href":"thumb_x-credito-site.jpg",
                    "text":" thumb_x-credito-site.jpg",
                    "imageUrl":"http://thewalkingdead-online.com/hq/albums/HQ/23/Edicao133/thumb_x-credito-site.jpg"
                },
                {
                    "href":"x-credito-site.jpg",
                    "text":" x-credito-site.jpg",
                    "imageUrl":"http://thewalkingdead-online.com/hq/albums/HQ/23/Edicao133/x-credito-site.jpg"
                }
            ]
        },
        {
            "href":"Edicao134/",
            "text":" Edicao134/",
            "images":[
                {
                    "href":"The_Walking_Dead_134-000.jpg",
                    "text":" The_Walking_Dead_134-000.jpg",
                    "imageUrl":"http://thewalkingdead-online.com/hq/albums/HQ/23/Edicao134/The_Walking_Dead_134-000.jpg"
                },
                {
                    "href":"The_Walking_Dead_134-001.jpg",
                    "text":" The_Walking_Dead_134-001.jpg",
                    "imageUrl":"http://thewalkingdead-online.com/hq/albums/HQ/23/Edicao134/The_Walking_Dead_134-001.jpg"
                },
                {
                    "href":"The_Walking_Dead_134-002.jpg",
                    "text":" The_Walking_Dead_134-002.jpg",
                    "imageUrl":"http://thewalkingdead-online.com/hq/albums/HQ/23/Edicao134/The_Walking_Dead_134-002.jpg"
                },
                {
                    "href":"The_Walking_Dead_134-003.jpg",
                    "text":" The_Walking_Dead_134-003.jpg",
                    "imageUrl":"http://thewalkingdead-online.com/hq/albums/HQ/23/Edicao134/The_Walking_Dead_134-003.jpg"
                },
                {
                    "href":"The_Walking_Dead_134-004.jpg",
                    "text":" The_Walking_Dead_134-004.jpg",
                    "imageUrl":"http://thewalkingdead-online.com/hq/albums/HQ/23/Edicao134/The_Walking_Dead_134-004.jpg"
                },
                {
                    "href":"The_Walking_Dead_134-005.jpg",
                    "text":" The_Walking_Dead_134-005.jpg",
                    "imageUrl":"http://thewalkingdead-online.com/hq/albums/HQ/23/Edicao134/The_Walking_Dead_134-005.jpg"
                },
                {
                    "href":"The_Walking_Dead_134-006.jpg",
                    "text":" The_Walking_Dead_134-006.jpg",
                    "imageUrl":"http://thewalkingdead-online.com/hq/albums/HQ/23/Edicao134/The_Walking_Dead_134-006.jpg"
                },
                {
                    "href":"The_Walking_Dead_134-007.jpg",
                    "text":" The_Walking_Dead_134-007.jpg",
                    "imageUrl":"http://thewalkingdead-online.com/hq/albums/HQ/23/Edicao134/The_Walking_Dead_134-007.jpg"
                },
                {
                    "href":"The_Walking_Dead_134-008.jpg",
                    "text":" The_Walking_Dead_134-008.jpg",
                    "imageUrl":"http://thewalkingdead-online.com/hq/albums/HQ/23/Edicao134/The_Walking_Dead_134-008.jpg"
                },
                {
                    "href":"The_Walking_Dead_134-009.jpg",
                    "text":" The_Walking_Dead_134-009.jpg",
                    "imageUrl":"http://thewalkingdead-online.com/hq/albums/HQ/23/Edicao134/The_Walking_Dead_134-009.jpg"
                },
                {
                    "href":"The_Walking_Dead_134-010.jpg",
                    "text":" The_Walking_Dead_134-010.jpg",
                    "imageUrl":"http://thewalkingdead-online.com/hq/albums/HQ/23/Edicao134/The_Walking_Dead_134-010.jpg"
                },
                {
                    "href":"The_Walking_Dead_134-011.jpg",
                    "text":" The_Walking_Dead_134-011.jpg",
                    "imageUrl":"http://thewalkingdead-online.com/hq/albums/HQ/23/Edicao134/The_Walking_Dead_134-011.jpg"
                },
                {
                    "href":"The_Walking_Dead_134-012.jpg",
                    "text":" The_Walking_Dead_134-012.jpg",
                    "imageUrl":"http://thewalkingdead-online.com/hq/albums/HQ/23/Edicao134/The_Walking_Dead_134-012.jpg"
                },
                {
                    "href":"The_Walking_Dead_134-013.jpg",
                    "text":" The_Walking_Dead_134-013.jpg",
                    "imageUrl":"http://thewalkingdead-online.com/hq/albums/HQ/23/Edicao134/The_Walking_Dead_134-013.jpg"
                },
                {
                    "href":"The_Walking_Dead_134-014.jpg",
                    "text":" The_Walking_Dead_134-014.jpg",
                    "imageUrl":"http://thewalkingdead-online.com/hq/albums/HQ/23/Edicao134/The_Walking_Dead_134-014.jpg"
                },
                {
                    "href":"The_Walking_Dead_134-015.jpg",
                    "text":" The_Walking_Dead_134-015.jpg",
                    "imageUrl":"http://thewalkingdead-online.com/hq/albums/HQ/23/Edicao134/The_Walking_Dead_134-015.jpg"
                },
                {
                    "href":"The_Walking_Dead_134-016.jpg",
                    "text":" The_Walking_Dead_134-016.jpg",
                    "imageUrl":"http://thewalkingdead-online.com/hq/albums/HQ/23/Edicao134/The_Walking_Dead_134-016.jpg"
                },
                {
                    "href":"The_Walking_Dead_134-017.jpg",
                    "text":" The_Walking_Dead_134-017.jpg",
                    "imageUrl":"http://thewalkingdead-online.com/hq/albums/HQ/23/Edicao134/The_Walking_Dead_134-017.jpg"
                },
                {
                    "href":"The_Walking_Dead_134-018.jpg",
                    "text":" The_Walking_Dead_134-018.jpg",
                    "imageUrl":"http://thewalkingdead-online.com/hq/albums/HQ/23/Edicao134/The_Walking_Dead_134-018.jpg"
                },
                {
                    "href":"The_Walking_Dead_134-019.jpg",
                    "text":" The_Walking_Dead_134-019.jpg",
                    "imageUrl":"http://thewalkingdead-online.com/hq/albums/HQ/23/Edicao134/The_Walking_Dead_134-019.jpg"
                },
                {
                    "href":"The_Walking_Dead_134-020.jpg",
                    "text":" The_Walking_Dead_134-020.jpg",
                    "imageUrl":"http://thewalkingdead-online.com/hq/albums/HQ/23/Edicao134/The_Walking_Dead_134-020.jpg"
                },
                {
                    "href":"The_Walking_Dead_134-021.jpg",
                    "text":" The_Walking_Dead_134-021.jpg",
                    "imageUrl":"http://thewalkingdead-online.com/hq/albums/HQ/23/Edicao134/The_Walking_Dead_134-021.jpg"
                },
                {
                    "href":"The_Walking_Dead_134-022.jpg",
                    "text":" The_Walking_Dead_134-022.jpg",
                    "imageUrl":"http://thewalkingdead-online.com/hq/albums/HQ/23/Edicao134/The_Walking_Dead_134-022.jpg"
                },
                {
                    "href":"The_Walking_Dead_134-023.jpg",
                    "text":" The_Walking_Dead_134-023.jpg",
                    "imageUrl":"http://thewalkingdead-online.com/hq/albums/HQ/23/Edicao134/The_Walking_Dead_134-023.jpg"
                },
                {
                    "href":"The_Walking_Dead_134-026.jpg",
                    "text":" The_Walking_Dead_134-026.jpg",
                    "imageUrl":"http://thewalkingdead-online.com/hq/albums/HQ/23/Edicao134/The_Walking_Dead_134-026.jpg"
                },
                {
                    "href":"thumb_The_Walking_Dead_134-000.jpg",
                    "text":" thumb_The_Walking_Dead_134-000.jpg",
                    "imageUrl":"http://thewalkingdead-online.com/hq/albums/HQ/23/Edicao134/thumb_The_Walking_Dead_134-000.jpg"
                },
                {
                    "href":"thumb_The_Walking_Dead_134-001.jpg",
                    "text":" thumb_The_Walking_Dead_134-001.jpg",
                    "imageUrl":"http://thewalkingdead-online.com/hq/albums/HQ/23/Edicao134/thumb_The_Walking_Dead_134-001.jpg"
                },
                {
                    "href":"thumb_The_Walking_Dead_134-002.jpg",
                    "text":" thumb_The_Walking_Dead_134-002.jpg",
                    "imageUrl":"http://thewalkingdead-online.com/hq/albums/HQ/23/Edicao134/thumb_The_Walking_Dead_134-002.jpg"
                },
                {
                    "href":"thumb_The_Walking_Dead_134-003.jpg",
                    "text":" thumb_The_Walking_Dead_134-003.jpg",
                    "imageUrl":"http://thewalkingdead-online.com/hq/albums/HQ/23/Edicao134/thumb_The_Walking_Dead_134-003.jpg"
                },
                {
                    "href":"thumb_The_Walking_Dead_134-004.jpg",
                    "text":" thumb_The_Walking_Dead_134-004.jpg",
                    "imageUrl":"http://thewalkingdead-online.com/hq/albums/HQ/23/Edicao134/thumb_The_Walking_Dead_134-004.jpg"
                },
                {
                    "href":"thumb_The_Walking_Dead_134-005.jpg",
                    "text":" thumb_The_Walking_Dead_134-005.jpg",
                    "imageUrl":"http://thewalkingdead-online.com/hq/albums/HQ/23/Edicao134/thumb_The_Walking_Dead_134-005.jpg"
                },
                {
                    "href":"thumb_The_Walking_Dead_134-006.jpg",
                    "text":" thumb_The_Walking_Dead_134-006.jpg",
                    "imageUrl":"http://thewalkingdead-online.com/hq/albums/HQ/23/Edicao134/thumb_The_Walking_Dead_134-006.jpg"
                },
                {
                    "href":"thumb_The_Walking_Dead_134-007.jpg",
                    "text":" thumb_The_Walking_Dead_134-007.jpg",
                    "imageUrl":"http://thewalkingdead-online.com/hq/albums/HQ/23/Edicao134/thumb_The_Walking_Dead_134-007.jpg"
                },
                {
                    "href":"thumb_The_Walking_Dead_134-008.jpg",
                    "text":" thumb_The_Walking_Dead_134-008.jpg",
                    "imageUrl":"http://thewalkingdead-online.com/hq/albums/HQ/23/Edicao134/thumb_The_Walking_Dead_134-008.jpg"
                },
                {
                    "href":"thumb_The_Walking_Dead_134-009.jpg",
                    "text":" thumb_The_Walking_Dead_134-009.jpg",
                    "imageUrl":"http://thewalkingdead-online.com/hq/albums/HQ/23/Edicao134/thumb_The_Walking_Dead_134-009.jpg"
                },
                {
                    "href":"thumb_The_Walking_Dead_134-010.jpg",
                    "text":" thumb_The_Walking_Dead_134-010.jpg",
                    "imageUrl":"http://thewalkingdead-online.com/hq/albums/HQ/23/Edicao134/thumb_The_Walking_Dead_134-010.jpg"
                },
                {
                    "href":"thumb_The_Walking_Dead_134-011.jpg",
                    "text":" thumb_The_Walking_Dead_134-011.jpg",
                    "imageUrl":"http://thewalkingdead-online.com/hq/albums/HQ/23/Edicao134/thumb_The_Walking_Dead_134-011.jpg"
                },
                {
                    "href":"thumb_The_Walking_Dead_134-012.jpg",
                    "text":" thumb_The_Walking_Dead_134-012.jpg",
                    "imageUrl":"http://thewalkingdead-online.com/hq/albums/HQ/23/Edicao134/thumb_The_Walking_Dead_134-012.jpg"
                },
                {
                    "href":"thumb_The_Walking_Dead_134-013.jpg",
                    "text":" thumb_The_Walking_Dead_134-013.jpg",
                    "imageUrl":"http://thewalkingdead-online.com/hq/albums/HQ/23/Edicao134/thumb_The_Walking_Dead_134-013.jpg"
                },
                {
                    "href":"thumb_The_Walking_Dead_134-014.jpg",
                    "text":" thumb_The_Walking_Dead_134-014.jpg",
                    "imageUrl":"http://thewalkingdead-online.com/hq/albums/HQ/23/Edicao134/thumb_The_Walking_Dead_134-014.jpg"
                },
                {
                    "href":"thumb_The_Walking_Dead_134-015.jpg",
                    "text":" thumb_The_Walking_Dead_134-015.jpg",
                    "imageUrl":"http://thewalkingdead-online.com/hq/albums/HQ/23/Edicao134/thumb_The_Walking_Dead_134-015.jpg"
                },
                {
                    "href":"thumb_The_Walking_Dead_134-016.jpg",
                    "text":" thumb_The_Walking_Dead_134-016.jpg",
                    "imageUrl":"http://thewalkingdead-online.com/hq/albums/HQ/23/Edicao134/thumb_The_Walking_Dead_134-016.jpg"
                },
                {
                    "href":"thumb_The_Walking_Dead_134-017.jpg",
                    "text":" thumb_The_Walking_Dead_134-017.jpg",
                    "imageUrl":"http://thewalkingdead-online.com/hq/albums/HQ/23/Edicao134/thumb_The_Walking_Dead_134-017.jpg"
                },
                {
                    "href":"thumb_The_Walking_Dead_134-018.jpg",
                    "text":" thumb_The_Walking_Dead_134-018.jpg",
                    "imageUrl":"http://thewalkingdead-online.com/hq/albums/HQ/23/Edicao134/thumb_The_Walking_Dead_134-018.jpg"
                },
                {
                    "href":"thumb_The_Walking_Dead_134-019.jpg",
                    "text":" thumb_The_Walking_Dead_134-019.jpg",
                    "imageUrl":"http://thewalkingdead-online.com/hq/albums/HQ/23/Edicao134/thumb_The_Walking_Dead_134-019.jpg"
                },
                {
                    "href":"thumb_The_Walking_Dead_134-020.jpg",
                    "text":" thumb_The_Walking_Dead_134-020.jpg",
                    "imageUrl":"http://thewalkingdead-online.com/hq/albums/HQ/23/Edicao134/thumb_The_Walking_Dead_134-020.jpg"
                },
                {
                    "href":"thumb_The_Walking_Dead_134-021.jpg",
                    "text":" thumb_The_Walking_Dead_134-021.jpg",
                    "imageUrl":"http://thewalkingdead-online.com/hq/albums/HQ/23/Edicao134/thumb_The_Walking_Dead_134-021.jpg"
                },
                {
                    "href":"thumb_The_Walking_Dead_134-022.jpg",
                    "text":" thumb_The_Walking_Dead_134-022.jpg",
                    "imageUrl":"http://thewalkingdead-online.com/hq/albums/HQ/23/Edicao134/thumb_The_Walking_Dead_134-022.jpg"
                },
                {
                    "href":"thumb_The_Walking_Dead_134-023.jpg",
                    "text":" thumb_The_Walking_Dead_134-023.jpg",
                    "imageUrl":"http://thewalkingdead-online.com/hq/albums/HQ/23/Edicao134/thumb_The_Walking_Dead_134-023.jpg"
                },
                {
                    "href":"thumb_The_Walking_Dead_134-026.jpg",
                    "text":" thumb_The_Walking_Dead_134-026.jpg",
                    "imageUrl":"http://thewalkingdead-online.com/hq/albums/HQ/23/Edicao134/thumb_The_Walking_Dead_134-026.jpg"
                },
                {
                    "href":"thumb_x-credito-site.jpg",
                    "text":" thumb_x-credito-site.jpg",
                    "imageUrl":"http://thewalkingdead-online.com/hq/albums/HQ/23/Edicao134/thumb_x-credito-site.jpg"
                },
                {
                    "href":"x-credito-site.jpg",
                    "text":" x-credito-site.jpg",
                    "imageUrl":"http://thewalkingdead-online.com/hq/albums/HQ/23/Edicao134/x-credito-site.jpg"
                }
            ]
        },
        {
            "href":"Edicao135/",
            "text":" Edicao135/",
            "images":[

            ]
        },
        {
            "href":"Edicao136/",
            "text":" Edicao136/",
            "images":[

            ]
        },
        {
            "href":"Edicao137/",
            "text":" Edicao137/",
            "images":[

            ]
        },
        {
            "href":"Edicao138/",
            "text":" Edicao138/",
            "images":[

            ]
        }
    ]
}