{
    "href": "03%20-%20Seguranca%20Atras%20de%20Grades/",
    "text": " 03 - Seguranca Atras de Grades/",
    "chapters": [
        {
            "href": "13%20-%20Seguranca%20Atras%20de%20Grades/",
            "text": " 13 - Seguranca Atras de Grades/",
            "images": [
                {
                    "href": "00.jpg",
                    "text": " 00.jpg",
                    "imageUrl": "http://thewalkingdead-online.com/hq/albums/HQ/03%20-%20Seguranca%20Atras%20de%20Grades/13%20-%20Seguranca%20Atras%20de%20Grades/00.jpg"
                },
                {
                    "href": "01.jpg",
                    "text": " 01.jpg",
                    "imageUrl": "http://thewalkingdead-online.com/hq/albums/HQ/03%20-%20Seguranca%20Atras%20de%20Grades/13%20-%20Seguranca%20Atras%20de%20Grades/01.jpg"
                },
                {
                    "href": "02.jpg",
                    "text": " 02.jpg",
                    "imageUrl": "http://thewalkingdead-online.com/hq/albums/HQ/03%20-%20Seguranca%20Atras%20de%20Grades/13%20-%20Seguranca%20Atras%20de%20Grades/02.jpg"
                },
                {
                    "href": "03.jpg",
                    "text": " 03.jpg",
                    "imageUrl": "http://thewalkingdead-online.com/hq/albums/HQ/03%20-%20Seguranca%20Atras%20de%20Grades/13%20-%20Seguranca%20Atras%20de%20Grades/03.jpg"
                },
                {
                    "href": "04.jpg",
                    "text": " 04.jpg",
                    "imageUrl": "http://thewalkingdead-online.com/hq/albums/HQ/03%20-%20Seguranca%20Atras%20de%20Grades/13%20-%20Seguranca%20Atras%20de%20Grades/04.jpg"
                },
                {
                    "href": "05.jpg",
                    "text": " 05.jpg",
                    "imageUrl": "http://thewalkingdead-online.com/hq/albums/HQ/03%20-%20Seguranca%20Atras%20de%20Grades/13%20-%20Seguranca%20Atras%20de%20Grades/05.jpg"
                },
                {
                    "href": "06.jpg",
                    "text": " 06.jpg",
                    "imageUrl": "http://thewalkingdead-online.com/hq/albums/HQ/03%20-%20Seguranca%20Atras%20de%20Grades/13%20-%20Seguranca%20Atras%20de%20Grades/06.jpg"
                },
                {
                    "href": "07.jpg",
                    "text": " 07.jpg",
                    "imageUrl": "http://thewalkingdead-online.com/hq/albums/HQ/03%20-%20Seguranca%20Atras%20de%20Grades/13%20-%20Seguranca%20Atras%20de%20Grades/07.jpg"
                },
                {
                    "href": "08.jpg",
                    "text": " 08.jpg",
                    "imageUrl": "http://thewalkingdead-online.com/hq/albums/HQ/03%20-%20Seguranca%20Atras%20de%20Grades/13%20-%20Seguranca%20Atras%20de%20Grades/08.jpg"
                },
                {
                    "href": "09.jpg",
                    "text": " 09.jpg",
                    "imageUrl": "http://thewalkingdead-online.com/hq/albums/HQ/03%20-%20Seguranca%20Atras%20de%20Grades/13%20-%20Seguranca%20Atras%20de%20Grades/09.jpg"
                },
                {
                    "href": "10.jpg",
                    "text": " 10.jpg",
                    "imageUrl": "http://thewalkingdead-online.com/hq/albums/HQ/03%20-%20Seguranca%20Atras%20de%20Grades/13%20-%20Seguranca%20Atras%20de%20Grades/10.jpg"
                },
                {
                    "href": "11.jpg",
                    "text": " 11.jpg",
                    "imageUrl": "http://thewalkingdead-online.com/hq/albums/HQ/03%20-%20Seguranca%20Atras%20de%20Grades/13%20-%20Seguranca%20Atras%20de%20Grades/11.jpg"
                },
                {
                    "href": "12.jpg",
                    "text": " 12.jpg",
                    "imageUrl": "http://thewalkingdead-online.com/hq/albums/HQ/03%20-%20Seguranca%20Atras%20de%20Grades/13%20-%20Seguranca%20Atras%20de%20Grades/12.jpg"
                },
                {
                    "href": "13.jpg",
                    "text": " 13.jpg",
                    "imageUrl": "http://thewalkingdead-online.com/hq/albums/HQ/03%20-%20Seguranca%20Atras%20de%20Grades/13%20-%20Seguranca%20Atras%20de%20Grades/13.jpg"
                },
                {
                    "href": "14.jpg",
                    "text": " 14.jpg",
                    "imageUrl": "http://thewalkingdead-online.com/hq/albums/HQ/03%20-%20Seguranca%20Atras%20de%20Grades/13%20-%20Seguranca%20Atras%20de%20Grades/14.jpg"
                },
                {
                    "href": "15.jpg",
                    "text": " 15.jpg",
                    "imageUrl": "http://thewalkingdead-online.com/hq/albums/HQ/03%20-%20Seguranca%20Atras%20de%20Grades/13%20-%20Seguranca%20Atras%20de%20Grades/15.jpg"
                },
                {
                    "href": "16.jpg",
                    "text": " 16.jpg",
                    "imageUrl": "http://thewalkingdead-online.com/hq/albums/HQ/03%20-%20Seguranca%20Atras%20de%20Grades/13%20-%20Seguranca%20Atras%20de%20Grades/16.jpg"
                },
                {
                    "href": "17.jpg",
                    "text": " 17.jpg",
                    "imageUrl": "http://thewalkingdead-online.com/hq/albums/HQ/03%20-%20Seguranca%20Atras%20de%20Grades/13%20-%20Seguranca%20Atras%20de%20Grades/17.jpg"
                },
                {
                    "href": "18.jpg",
                    "text": " 18.jpg",
                    "imageUrl": "http://thewalkingdead-online.com/hq/albums/HQ/03%20-%20Seguranca%20Atras%20de%20Grades/13%20-%20Seguranca%20Atras%20de%20Grades/18.jpg"
                },
                {
                    "href": "19.jpg",
                    "text": " 19.jpg",
                    "imageUrl": "http://thewalkingdead-online.com/hq/albums/HQ/03%20-%20Seguranca%20Atras%20de%20Grades/13%20-%20Seguranca%20Atras%20de%20Grades/19.jpg"
                },
                {
                    "href": "20.jpg",
                    "text": " 20.jpg",
                    "imageUrl": "http://thewalkingdead-online.com/hq/albums/HQ/03%20-%20Seguranca%20Atras%20de%20Grades/13%20-%20Seguranca%20Atras%20de%20Grades/20.jpg"
                },
                {
                    "href": "21.jpg",
                    "text": " 21.jpg",
                    "imageUrl": "http://thewalkingdead-online.com/hq/albums/HQ/03%20-%20Seguranca%20Atras%20de%20Grades/13%20-%20Seguranca%20Atras%20de%20Grades/21.jpg"
                },
                {
                    "href": "22.jpg",
                    "text": " 22.jpg",
                    "imageUrl": "http://thewalkingdead-online.com/hq/albums/HQ/03%20-%20Seguranca%20Atras%20de%20Grades/13%20-%20Seguranca%20Atras%20de%20Grades/22.jpg"
                },
                {
                    "href": "23.jpg",
                    "text": " 23.jpg",
                    "imageUrl": "http://thewalkingdead-online.com/hq/albums/HQ/03%20-%20Seguranca%20Atras%20de%20Grades/13%20-%20Seguranca%20Atras%20de%20Grades/23.jpg"
                }
            ]
        },
        {
            "href": "14%20-%20Seguranca%20Atras%20de%20Grades/",
            "text": " 14 - Seguranca Atras de Grades/",
            "images": [
                {
                    "href": "00.jpg",
                    "text": " 00.jpg",
                    "imageUrl": "http://thewalkingdead-online.com/hq/albums/HQ/03%20-%20Seguranca%20Atras%20de%20Grades/14%20-%20Seguranca%20Atras%20de%20Grades/00.jpg"
                },
                {
                    "href": "01.jpg",
                    "text": " 01.jpg",
                    "imageUrl": "http://thewalkingdead-online.com/hq/albums/HQ/03%20-%20Seguranca%20Atras%20de%20Grades/14%20-%20Seguranca%20Atras%20de%20Grades/01.jpg"
                },
                {
                    "href": "02.JPG",
                    "text": " 02.JPG",
                    "imageUrl": "http://thewalkingdead-online.com/hq/albums/HQ/03%20-%20Seguranca%20Atras%20de%20Grades/14%20-%20Seguranca%20Atras%20de%20Grades/02.JPG"
                },
                {
                    "href": "03.JPG",
                    "text": " 03.JPG",
                    "imageUrl": "http://thewalkingdead-online.com/hq/albums/HQ/03%20-%20Seguranca%20Atras%20de%20Grades/14%20-%20Seguranca%20Atras%20de%20Grades/03.JPG"
                },
                {
                    "href": "04.JPG",
                    "text": " 04.JPG",
                    "imageUrl": "http://thewalkingdead-online.com/hq/albums/HQ/03%20-%20Seguranca%20Atras%20de%20Grades/14%20-%20Seguranca%20Atras%20de%20Grades/04.JPG"
                },
                {
                    "href": "05.JPG",
                    "text": " 05.JPG",
                    "imageUrl": "http://thewalkingdead-online.com/hq/albums/HQ/03%20-%20Seguranca%20Atras%20de%20Grades/14%20-%20Seguranca%20Atras%20de%20Grades/05.JPG"
                },
                {
                    "href": "06.JPG",
                    "text": " 06.JPG",
                    "imageUrl": "http://thewalkingdead-online.com/hq/albums/HQ/03%20-%20Seguranca%20Atras%20de%20Grades/14%20-%20Seguranca%20Atras%20de%20Grades/06.JPG"
                },
                {
                    "href": "07.JPG",
                    "text": " 07.JPG",
                    "imageUrl": "http://thewalkingdead-online.com/hq/albums/HQ/03%20-%20Seguranca%20Atras%20de%20Grades/14%20-%20Seguranca%20Atras%20de%20Grades/07.JPG"
                },
                {
                    "href": "08.JPG",
                    "text": " 08.JPG",
                    "imageUrl": "http://thewalkingdead-online.com/hq/albums/HQ/03%20-%20Seguranca%20Atras%20de%20Grades/14%20-%20Seguranca%20Atras%20de%20Grades/08.JPG"
                },
                {
                    "href": "09.JPG",
                    "text": " 09.JPG",
                    "imageUrl": "http://thewalkingdead-online.com/hq/albums/HQ/03%20-%20Seguranca%20Atras%20de%20Grades/14%20-%20Seguranca%20Atras%20de%20Grades/09.JPG"
                },
                {
                    "href": "10.JPG",
                    "text": " 10.JPG",
                    "imageUrl": "http://thewalkingdead-online.com/hq/albums/HQ/03%20-%20Seguranca%20Atras%20de%20Grades/14%20-%20Seguranca%20Atras%20de%20Grades/10.JPG"
                },
                {
                    "href": "11.JPG",
                    "text": " 11.JPG",
                    "imageUrl": "http://thewalkingdead-online.com/hq/albums/HQ/03%20-%20Seguranca%20Atras%20de%20Grades/14%20-%20Seguranca%20Atras%20de%20Grades/11.JPG"
                },
                {
                    "href": "12.JPG",
                    "text": " 12.JPG",
                    "imageUrl": "http://thewalkingdead-online.com/hq/albums/HQ/03%20-%20Seguranca%20Atras%20de%20Grades/14%20-%20Seguranca%20Atras%20de%20Grades/12.JPG"
                },
                {
                    "href": "13.JPG",
                    "text": " 13.JPG",
                    "imageUrl": "http://thewalkingdead-online.com/hq/albums/HQ/03%20-%20Seguranca%20Atras%20de%20Grades/14%20-%20Seguranca%20Atras%20de%20Grades/13.JPG"
                },
                {
                    "href": "14.JPG",
                    "text": " 14.JPG",
                    "imageUrl": "http://thewalkingdead-online.com/hq/albums/HQ/03%20-%20Seguranca%20Atras%20de%20Grades/14%20-%20Seguranca%20Atras%20de%20Grades/14.JPG"
                },
                {
                    "href": "15.JPG",
                    "text": " 15.JPG",
                    "imageUrl": "http://thewalkingdead-online.com/hq/albums/HQ/03%20-%20Seguranca%20Atras%20de%20Grades/14%20-%20Seguranca%20Atras%20de%20Grades/15.JPG"
                },
                {
                    "href": "16.JPG",
                    "text": " 16.JPG",
                    "imageUrl": "http://thewalkingdead-online.com/hq/albums/HQ/03%20-%20Seguranca%20Atras%20de%20Grades/14%20-%20Seguranca%20Atras%20de%20Grades/16.JPG"
                },
                {
                    "href": "17.JPG",
                    "text": " 17.JPG",
                    "imageUrl": "http://thewalkingdead-online.com/hq/albums/HQ/03%20-%20Seguranca%20Atras%20de%20Grades/14%20-%20Seguranca%20Atras%20de%20Grades/17.JPG"
                },
                {
                    "href": "18.JPG",
                    "text": " 18.JPG",
                    "imageUrl": "http://thewalkingdead-online.com/hq/albums/HQ/03%20-%20Seguranca%20Atras%20de%20Grades/14%20-%20Seguranca%20Atras%20de%20Grades/18.JPG"
                },
                {
                    "href": "19.JPG",
                    "text": " 19.JPG",
                    "imageUrl": "http://thewalkingdead-online.com/hq/albums/HQ/03%20-%20Seguranca%20Atras%20de%20Grades/14%20-%20Seguranca%20Atras%20de%20Grades/19.JPG"
                },
                {
                    "href": "20.JPG",
                    "text": " 20.JPG",
                    "imageUrl": "http://thewalkingdead-online.com/hq/albums/HQ/03%20-%20Seguranca%20Atras%20de%20Grades/14%20-%20Seguranca%20Atras%20de%20Grades/20.JPG"
                },
                {
                    "href": "21.JPG",
                    "text": " 21.JPG",
                    "imageUrl": "http://thewalkingdead-online.com/hq/albums/HQ/03%20-%20Seguranca%20Atras%20de%20Grades/14%20-%20Seguranca%20Atras%20de%20Grades/21.JPG"
                },
                {
                    "href": "22.jpg",
                    "text": " 22.jpg",
                    "imageUrl": "http://thewalkingdead-online.com/hq/albums/HQ/03%20-%20Seguranca%20Atras%20de%20Grades/14%20-%20Seguranca%20Atras%20de%20Grades/22.jpg"
                },
                {
                    "href": "23.jpg",
                    "text": " 23.jpg",
                    "imageUrl": "http://thewalkingdead-online.com/hq/albums/HQ/03%20-%20Seguranca%20Atras%20de%20Grades/14%20-%20Seguranca%20Atras%20de%20Grades/23.jpg"
                }
            ]
        },
        {
            "href": "15%20-%20Seguranca%20Atras%20de%20Grades/",
            "text": " 15 - Seguranca Atras de Grades/",
            "images": [
                {
                    "href": "00.jpg",
                    "text": " 00.jpg",
                    "imageUrl": "http://thewalkingdead-online.com/hq/albums/HQ/03%20-%20Seguranca%20Atras%20de%20Grades/15%20-%20Seguranca%20Atras%20de%20Grades/00.jpg"
                },
                {
                    "href": "01.jpg",
                    "text": " 01.jpg",
                    "imageUrl": "http://thewalkingdead-online.com/hq/albums/HQ/03%20-%20Seguranca%20Atras%20de%20Grades/15%20-%20Seguranca%20Atras%20de%20Grades/01.jpg"
                },
                {
                    "href": "02.jpg",
                    "text": " 02.jpg",
                    "imageUrl": "http://thewalkingdead-online.com/hq/albums/HQ/03%20-%20Seguranca%20Atras%20de%20Grades/15%20-%20Seguranca%20Atras%20de%20Grades/02.jpg"
                },
                {
                    "href": "03.jpg",
                    "text": " 03.jpg",
                    "imageUrl": "http://thewalkingdead-online.com/hq/albums/HQ/03%20-%20Seguranca%20Atras%20de%20Grades/15%20-%20Seguranca%20Atras%20de%20Grades/03.jpg"
                },
                {
                    "href": "04.jpg",
                    "text": " 04.jpg",
                    "imageUrl": "http://thewalkingdead-online.com/hq/albums/HQ/03%20-%20Seguranca%20Atras%20de%20Grades/15%20-%20Seguranca%20Atras%20de%20Grades/04.jpg"
                },
                {
                    "href": "05.jpg",
                    "text": " 05.jpg",
                    "imageUrl": "http://thewalkingdead-online.com/hq/albums/HQ/03%20-%20Seguranca%20Atras%20de%20Grades/15%20-%20Seguranca%20Atras%20de%20Grades/05.jpg"
                },
                {
                    "href": "06.jpg",
                    "text": " 06.jpg",
                    "imageUrl": "http://thewalkingdead-online.com/hq/albums/HQ/03%20-%20Seguranca%20Atras%20de%20Grades/15%20-%20Seguranca%20Atras%20de%20Grades/06.jpg"
                },
                {
                    "href": "07.jpg",
                    "text": " 07.jpg",
                    "imageUrl": "http://thewalkingdead-online.com/hq/albums/HQ/03%20-%20Seguranca%20Atras%20de%20Grades/15%20-%20Seguranca%20Atras%20de%20Grades/07.jpg"
                },
                {
                    "href": "08.jpg",
                    "text": " 08.jpg",
                    "imageUrl": "http://thewalkingdead-online.com/hq/albums/HQ/03%20-%20Seguranca%20Atras%20de%20Grades/15%20-%20Seguranca%20Atras%20de%20Grades/08.jpg"
                },
                {
                    "href": "09.jpg",
                    "text": " 09.jpg",
                    "imageUrl": "http://thewalkingdead-online.com/hq/albums/HQ/03%20-%20Seguranca%20Atras%20de%20Grades/15%20-%20Seguranca%20Atras%20de%20Grades/09.jpg"
                },
                {
                    "href": "10.jpg",
                    "text": " 10.jpg",
                    "imageUrl": "http://thewalkingdead-online.com/hq/albums/HQ/03%20-%20Seguranca%20Atras%20de%20Grades/15%20-%20Seguranca%20Atras%20de%20Grades/10.jpg"
                },
                {
                    "href": "11.jpg",
                    "text": " 11.jpg",
                    "imageUrl": "http://thewalkingdead-online.com/hq/albums/HQ/03%20-%20Seguranca%20Atras%20de%20Grades/15%20-%20Seguranca%20Atras%20de%20Grades/11.jpg"
                },
                {
                    "href": "12.jpg",
                    "text": " 12.jpg",
                    "imageUrl": "http://thewalkingdead-online.com/hq/albums/HQ/03%20-%20Seguranca%20Atras%20de%20Grades/15%20-%20Seguranca%20Atras%20de%20Grades/12.jpg"
                },
                {
                    "href": "13.jpg",
                    "text": " 13.jpg",
                    "imageUrl": "http://thewalkingdead-online.com/hq/albums/HQ/03%20-%20Seguranca%20Atras%20de%20Grades/15%20-%20Seguranca%20Atras%20de%20Grades/13.jpg"
                },
                {
                    "href": "14.jpg",
                    "text": " 14.jpg",
                    "imageUrl": "http://thewalkingdead-online.com/hq/albums/HQ/03%20-%20Seguranca%20Atras%20de%20Grades/15%20-%20Seguranca%20Atras%20de%20Grades/14.jpg"
                },
                {
                    "href": "15.jpg",
                    "text": " 15.jpg",
                    "imageUrl": "http://thewalkingdead-online.com/hq/albums/HQ/03%20-%20Seguranca%20Atras%20de%20Grades/15%20-%20Seguranca%20Atras%20de%20Grades/15.jpg"
                },
                {
                    "href": "16.jpg",
                    "text": " 16.jpg",
                    "imageUrl": "http://thewalkingdead-online.com/hq/albums/HQ/03%20-%20Seguranca%20Atras%20de%20Grades/15%20-%20Seguranca%20Atras%20de%20Grades/16.jpg"
                },
                {
                    "href": "17.jpg",
                    "text": " 17.jpg",
                    "imageUrl": "http://thewalkingdead-online.com/hq/albums/HQ/03%20-%20Seguranca%20Atras%20de%20Grades/15%20-%20Seguranca%20Atras%20de%20Grades/17.jpg"
                },
                {
                    "href": "18.jpg",
                    "text": " 18.jpg",
                    "imageUrl": "http://thewalkingdead-online.com/hq/albums/HQ/03%20-%20Seguranca%20Atras%20de%20Grades/15%20-%20Seguranca%20Atras%20de%20Grades/18.jpg"
                },
                {
                    "href": "19.jpg",
                    "text": " 19.jpg",
                    "imageUrl": "http://thewalkingdead-online.com/hq/albums/HQ/03%20-%20Seguranca%20Atras%20de%20Grades/15%20-%20Seguranca%20Atras%20de%20Grades/19.jpg"
                },
                {
                    "href": "20.jpg",
                    "text": " 20.jpg",
                    "imageUrl": "http://thewalkingdead-online.com/hq/albums/HQ/03%20-%20Seguranca%20Atras%20de%20Grades/15%20-%20Seguranca%20Atras%20de%20Grades/20.jpg"
                },
                {
                    "href": "21.jpg",
                    "text": " 21.jpg",
                    "imageUrl": "http://thewalkingdead-online.com/hq/albums/HQ/03%20-%20Seguranca%20Atras%20de%20Grades/15%20-%20Seguranca%20Atras%20de%20Grades/21.jpg"
                },
                {
                    "href": "22.jpg",
                    "text": " 22.jpg",
                    "imageUrl": "http://thewalkingdead-online.com/hq/albums/HQ/03%20-%20Seguranca%20Atras%20de%20Grades/15%20-%20Seguranca%20Atras%20de%20Grades/22.jpg"
                },
                {
                    "href": "23.jpg",
                    "text": " 23.jpg",
                    "imageUrl": "http://thewalkingdead-online.com/hq/albums/HQ/03%20-%20Seguranca%20Atras%20de%20Grades/15%20-%20Seguranca%20Atras%20de%20Grades/23.jpg"
                },
                {
                    "href": "24.jpg",
                    "text": " 24.jpg",
                    "imageUrl": "http://thewalkingdead-online.com/hq/albums/HQ/03%20-%20Seguranca%20Atras%20de%20Grades/15%20-%20Seguranca%20Atras%20de%20Grades/24.jpg"
                }
            ]
        },
        {
            "href": "16%20-%20Seguranca%20Atras%20de%20Grades/",
            "text": " 16 - Seguranca Atras de Grades/",
            "images": [
                {
                    "href": "00.jpg",
                    "text": " 00.jpg",
                    "imageUrl": "http://thewalkingdead-online.com/hq/albums/HQ/03%20-%20Seguranca%20Atras%20de%20Grades/16%20-%20Seguranca%20Atras%20de%20Grades/00.jpg"
                },
                {
                    "href": "01.jpg",
                    "text": " 01.jpg",
                    "imageUrl": "http://thewalkingdead-online.com/hq/albums/HQ/03%20-%20Seguranca%20Atras%20de%20Grades/16%20-%20Seguranca%20Atras%20de%20Grades/01.jpg"
                },
                {
                    "href": "02.jpg",
                    "text": " 02.jpg",
                    "imageUrl": "http://thewalkingdead-online.com/hq/albums/HQ/03%20-%20Seguranca%20Atras%20de%20Grades/16%20-%20Seguranca%20Atras%20de%20Grades/02.jpg"
                },
                {
                    "href": "03.jpg",
                    "text": " 03.jpg",
                    "imageUrl": "http://thewalkingdead-online.com/hq/albums/HQ/03%20-%20Seguranca%20Atras%20de%20Grades/16%20-%20Seguranca%20Atras%20de%20Grades/03.jpg"
                },
                {
                    "href": "04.jpg",
                    "text": " 04.jpg",
                    "imageUrl": "http://thewalkingdead-online.com/hq/albums/HQ/03%20-%20Seguranca%20Atras%20de%20Grades/16%20-%20Seguranca%20Atras%20de%20Grades/04.jpg"
                },
                {
                    "href": "05.jpg",
                    "text": " 05.jpg",
                    "imageUrl": "http://thewalkingdead-online.com/hq/albums/HQ/03%20-%20Seguranca%20Atras%20de%20Grades/16%20-%20Seguranca%20Atras%20de%20Grades/05.jpg"
                },
                {
                    "href": "06.jpg",
                    "text": " 06.jpg",
                    "imageUrl": "http://thewalkingdead-online.com/hq/albums/HQ/03%20-%20Seguranca%20Atras%20de%20Grades/16%20-%20Seguranca%20Atras%20de%20Grades/06.jpg"
                },
                {
                    "href": "07.jpg",
                    "text": " 07.jpg",
                    "imageUrl": "http://thewalkingdead-online.com/hq/albums/HQ/03%20-%20Seguranca%20Atras%20de%20Grades/16%20-%20Seguranca%20Atras%20de%20Grades/07.jpg"
                },
                {
                    "href": "08.jpg",
                    "text": " 08.jpg",
                    "imageUrl": "http://thewalkingdead-online.com/hq/albums/HQ/03%20-%20Seguranca%20Atras%20de%20Grades/16%20-%20Seguranca%20Atras%20de%20Grades/08.jpg"
                },
                {
                    "href": "09.jpg",
                    "text": " 09.jpg",
                    "imageUrl": "http://thewalkingdead-online.com/hq/albums/HQ/03%20-%20Seguranca%20Atras%20de%20Grades/16%20-%20Seguranca%20Atras%20de%20Grades/09.jpg"
                },
                {
                    "href": "10.jpg",
                    "text": " 10.jpg",
                    "imageUrl": "http://thewalkingdead-online.com/hq/albums/HQ/03%20-%20Seguranca%20Atras%20de%20Grades/16%20-%20Seguranca%20Atras%20de%20Grades/10.jpg"
                },
                {
                    "href": "11.jpg",
                    "text": " 11.jpg",
                    "imageUrl": "http://thewalkingdead-online.com/hq/albums/HQ/03%20-%20Seguranca%20Atras%20de%20Grades/16%20-%20Seguranca%20Atras%20de%20Grades/11.jpg"
                },
                {
                    "href": "12.jpg",
                    "text": " 12.jpg",
                    "imageUrl": "http://thewalkingdead-online.com/hq/albums/HQ/03%20-%20Seguranca%20Atras%20de%20Grades/16%20-%20Seguranca%20Atras%20de%20Grades/12.jpg"
                },
                {
                    "href": "13.jpg",
                    "text": " 13.jpg",
                    "imageUrl": "http://thewalkingdead-online.com/hq/albums/HQ/03%20-%20Seguranca%20Atras%20de%20Grades/16%20-%20Seguranca%20Atras%20de%20Grades/13.jpg"
                },
                {
                    "href": "14.jpg",
                    "text": " 14.jpg",
                    "imageUrl": "http://thewalkingdead-online.com/hq/albums/HQ/03%20-%20Seguranca%20Atras%20de%20Grades/16%20-%20Seguranca%20Atras%20de%20Grades/14.jpg"
                },
                {
                    "href": "15.jpg",
                    "text": " 15.jpg",
                    "imageUrl": "http://thewalkingdead-online.com/hq/albums/HQ/03%20-%20Seguranca%20Atras%20de%20Grades/16%20-%20Seguranca%20Atras%20de%20Grades/15.jpg"
                },
                {
                    "href": "16.jpg",
                    "text": " 16.jpg",
                    "imageUrl": "http://thewalkingdead-online.com/hq/albums/HQ/03%20-%20Seguranca%20Atras%20de%20Grades/16%20-%20Seguranca%20Atras%20de%20Grades/16.jpg"
                },
                {
                    "href": "17.jpg",
                    "text": " 17.jpg",
                    "imageUrl": "http://thewalkingdead-online.com/hq/albums/HQ/03%20-%20Seguranca%20Atras%20de%20Grades/16%20-%20Seguranca%20Atras%20de%20Grades/17.jpg"
                },
                {
                    "href": "18.jpg",
                    "text": " 18.jpg",
                    "imageUrl": "http://thewalkingdead-online.com/hq/albums/HQ/03%20-%20Seguranca%20Atras%20de%20Grades/16%20-%20Seguranca%20Atras%20de%20Grades/18.jpg"
                },
                {
                    "href": "19.jpg",
                    "text": " 19.jpg",
                    "imageUrl": "http://thewalkingdead-online.com/hq/albums/HQ/03%20-%20Seguranca%20Atras%20de%20Grades/16%20-%20Seguranca%20Atras%20de%20Grades/19.jpg"
                },
                {
                    "href": "20.jpg",
                    "text": " 20.jpg",
                    "imageUrl": "http://thewalkingdead-online.com/hq/albums/HQ/03%20-%20Seguranca%20Atras%20de%20Grades/16%20-%20Seguranca%20Atras%20de%20Grades/20.jpg"
                },
                {
                    "href": "21.jpg",
                    "text": " 21.jpg",
                    "imageUrl": "http://thewalkingdead-online.com/hq/albums/HQ/03%20-%20Seguranca%20Atras%20de%20Grades/16%20-%20Seguranca%20Atras%20de%20Grades/21.jpg"
                },
                {
                    "href": "22.jpg",
                    "text": " 22.jpg",
                    "imageUrl": "http://thewalkingdead-online.com/hq/albums/HQ/03%20-%20Seguranca%20Atras%20de%20Grades/16%20-%20Seguranca%20Atras%20de%20Grades/22.jpg"
                },
                {
                    "href": "23.jpg",
                    "text": " 23.jpg",
                    "imageUrl": "http://thewalkingdead-online.com/hq/albums/HQ/03%20-%20Seguranca%20Atras%20de%20Grades/16%20-%20Seguranca%20Atras%20de%20Grades/23.jpg"
                },
                {
                    "href": "24.jpg",
                    "text": " 24.jpg",
                    "imageUrl": "http://thewalkingdead-online.com/hq/albums/HQ/03%20-%20Seguranca%20Atras%20de%20Grades/16%20-%20Seguranca%20Atras%20de%20Grades/24.jpg"
                }
            ]
        },
        {
            "href": "17%20-%20Seguranca%20Atras%20de%20Grades/",
            "text": " 17 - Seguranca Atras de Grades/",
            "images": [
                {
                    "href": "01.jpg",
                    "text": " 01.jpg",
                    "imageUrl": "http://thewalkingdead-online.com/hq/albums/HQ/03%20-%20Seguranca%20Atras%20de%20Grades/17%20-%20Seguranca%20Atras%20de%20Grades/01.jpg"
                },
                {
                    "href": "02.jpg",
                    "text": " 02.jpg",
                    "imageUrl": "http://thewalkingdead-online.com/hq/albums/HQ/03%20-%20Seguranca%20Atras%20de%20Grades/17%20-%20Seguranca%20Atras%20de%20Grades/02.jpg"
                },
                {
                    "href": "03.jpg",
                    "text": " 03.jpg",
                    "imageUrl": "http://thewalkingdead-online.com/hq/albums/HQ/03%20-%20Seguranca%20Atras%20de%20Grades/17%20-%20Seguranca%20Atras%20de%20Grades/03.jpg"
                },
                {
                    "href": "04.jpg",
                    "text": " 04.jpg",
                    "imageUrl": "http://thewalkingdead-online.com/hq/albums/HQ/03%20-%20Seguranca%20Atras%20de%20Grades/17%20-%20Seguranca%20Atras%20de%20Grades/04.jpg"
                },
                {
                    "href": "05.jpg",
                    "text": " 05.jpg",
                    "imageUrl": "http://thewalkingdead-online.com/hq/albums/HQ/03%20-%20Seguranca%20Atras%20de%20Grades/17%20-%20Seguranca%20Atras%20de%20Grades/05.jpg"
                },
                {
                    "href": "06.jpg",
                    "text": " 06.jpg",
                    "imageUrl": "http://thewalkingdead-online.com/hq/albums/HQ/03%20-%20Seguranca%20Atras%20de%20Grades/17%20-%20Seguranca%20Atras%20de%20Grades/06.jpg"
                },
                {
                    "href": "07.jpg",
                    "text": " 07.jpg",
                    "imageUrl": "http://thewalkingdead-online.com/hq/albums/HQ/03%20-%20Seguranca%20Atras%20de%20Grades/17%20-%20Seguranca%20Atras%20de%20Grades/07.jpg"
                },
                {
                    "href": "08.jpg",
                    "text": " 08.jpg",
                    "imageUrl": "http://thewalkingdead-online.com/hq/albums/HQ/03%20-%20Seguranca%20Atras%20de%20Grades/17%20-%20Seguranca%20Atras%20de%20Grades/08.jpg"
                },
                {
                    "href": "09.jpg",
                    "text": " 09.jpg",
                    "imageUrl": "http://thewalkingdead-online.com/hq/albums/HQ/03%20-%20Seguranca%20Atras%20de%20Grades/17%20-%20Seguranca%20Atras%20de%20Grades/09.jpg"
                },
                {
                    "href": "10.jpg",
                    "text": " 10.jpg",
                    "imageUrl": "http://thewalkingdead-online.com/hq/albums/HQ/03%20-%20Seguranca%20Atras%20de%20Grades/17%20-%20Seguranca%20Atras%20de%20Grades/10.jpg"
                },
                {
                    "href": "11.jpg",
                    "text": " 11.jpg",
                    "imageUrl": "http://thewalkingdead-online.com/hq/albums/HQ/03%20-%20Seguranca%20Atras%20de%20Grades/17%20-%20Seguranca%20Atras%20de%20Grades/11.jpg"
                },
                {
                    "href": "12.jpg",
                    "text": " 12.jpg",
                    "imageUrl": "http://thewalkingdead-online.com/hq/albums/HQ/03%20-%20Seguranca%20Atras%20de%20Grades/17%20-%20Seguranca%20Atras%20de%20Grades/12.jpg"
                },
                {
                    "href": "13.jpg",
                    "text": " 13.jpg",
                    "imageUrl": "http://thewalkingdead-online.com/hq/albums/HQ/03%20-%20Seguranca%20Atras%20de%20Grades/17%20-%20Seguranca%20Atras%20de%20Grades/13.jpg"
                },
                {
                    "href": "14.jpg",
                    "text": " 14.jpg",
                    "imageUrl": "http://thewalkingdead-online.com/hq/albums/HQ/03%20-%20Seguranca%20Atras%20de%20Grades/17%20-%20Seguranca%20Atras%20de%20Grades/14.jpg"
                },
                {
                    "href": "15.jpg",
                    "text": " 15.jpg",
                    "imageUrl": "http://thewalkingdead-online.com/hq/albums/HQ/03%20-%20Seguranca%20Atras%20de%20Grades/17%20-%20Seguranca%20Atras%20de%20Grades/15.jpg"
                },
                {
                    "href": "16.jpg",
                    "text": " 16.jpg",
                    "imageUrl": "http://thewalkingdead-online.com/hq/albums/HQ/03%20-%20Seguranca%20Atras%20de%20Grades/17%20-%20Seguranca%20Atras%20de%20Grades/16.jpg"
                },
                {
                    "href": "17.jpg",
                    "text": " 17.jpg",
                    "imageUrl": "http://thewalkingdead-online.com/hq/albums/HQ/03%20-%20Seguranca%20Atras%20de%20Grades/17%20-%20Seguranca%20Atras%20de%20Grades/17.jpg"
                },
                {
                    "href": "18.jpg",
                    "text": " 18.jpg",
                    "imageUrl": "http://thewalkingdead-online.com/hq/albums/HQ/03%20-%20Seguranca%20Atras%20de%20Grades/17%20-%20Seguranca%20Atras%20de%20Grades/18.jpg"
                },
                {
                    "href": "20.jpg",
                    "text": " 20.jpg",
                    "imageUrl": "http://thewalkingdead-online.com/hq/albums/HQ/03%20-%20Seguranca%20Atras%20de%20Grades/17%20-%20Seguranca%20Atras%20de%20Grades/20.jpg"
                },
                {
                    "href": "21.jpg",
                    "text": " 21.jpg",
                    "imageUrl": "http://thewalkingdead-online.com/hq/albums/HQ/03%20-%20Seguranca%20Atras%20de%20Grades/17%20-%20Seguranca%20Atras%20de%20Grades/21.jpg"
                },
                {
                    "href": "22.jpg",
                    "text": " 22.jpg",
                    "imageUrl": "http://thewalkingdead-online.com/hq/albums/HQ/03%20-%20Seguranca%20Atras%20de%20Grades/17%20-%20Seguranca%20Atras%20de%20Grades/22.jpg"
                },
                {
                    "href": "23.jpg",
                    "text": " 23.jpg",
                    "imageUrl": "http://thewalkingdead-online.com/hq/albums/HQ/03%20-%20Seguranca%20Atras%20de%20Grades/17%20-%20Seguranca%20Atras%20de%20Grades/23.jpg"
                },
                {
                    "href": "24.jpg",
                    "text": " 24.jpg",
                    "imageUrl": "http://thewalkingdead-online.com/hq/albums/HQ/03%20-%20Seguranca%20Atras%20de%20Grades/17%20-%20Seguranca%20Atras%20de%20Grades/24.jpg"
                },
                {
                    "href": "25.jpg",
                    "text": " 25.jpg",
                    "imageUrl": "http://thewalkingdead-online.com/hq/albums/HQ/03%20-%20Seguranca%20Atras%20de%20Grades/17%20-%20Seguranca%20Atras%20de%20Grades/25.jpg"
                }
            ]
        },
        {
            "href": "18%20-%20Seguranca%20Atras%20de%20Grades/",
            "text": " 18 - Seguranca Atras de Grades/",
            "images": [
                {
                    "href": "01.jpg",
                    "text": " 01.jpg",
                    "imageUrl": "http://thewalkingdead-online.com/hq/albums/HQ/03%20-%20Seguranca%20Atras%20de%20Grades/18%20-%20Seguranca%20Atras%20de%20Grades/01.jpg"
                },
                {
                    "href": "02.jpg",
                    "text": " 02.jpg",
                    "imageUrl": "http://thewalkingdead-online.com/hq/albums/HQ/03%20-%20Seguranca%20Atras%20de%20Grades/18%20-%20Seguranca%20Atras%20de%20Grades/02.jpg"
                },
                {
                    "href": "03.jpg",
                    "text": " 03.jpg",
                    "imageUrl": "http://thewalkingdead-online.com/hq/albums/HQ/03%20-%20Seguranca%20Atras%20de%20Grades/18%20-%20Seguranca%20Atras%20de%20Grades/03.jpg"
                },
                {
                    "href": "04.jpg",
                    "text": " 04.jpg",
                    "imageUrl": "http://thewalkingdead-online.com/hq/albums/HQ/03%20-%20Seguranca%20Atras%20de%20Grades/18%20-%20Seguranca%20Atras%20de%20Grades/04.jpg"
                },
                {
                    "href": "05.jpg",
                    "text": " 05.jpg",
                    "imageUrl": "http://thewalkingdead-online.com/hq/albums/HQ/03%20-%20Seguranca%20Atras%20de%20Grades/18%20-%20Seguranca%20Atras%20de%20Grades/05.jpg"
                },
                {
                    "href": "06.jpg",
                    "text": " 06.jpg",
                    "imageUrl": "http://thewalkingdead-online.com/hq/albums/HQ/03%20-%20Seguranca%20Atras%20de%20Grades/18%20-%20Seguranca%20Atras%20de%20Grades/06.jpg"
                },
                {
                    "href": "07.jpg",
                    "text": " 07.jpg",
                    "imageUrl": "http://thewalkingdead-online.com/hq/albums/HQ/03%20-%20Seguranca%20Atras%20de%20Grades/18%20-%20Seguranca%20Atras%20de%20Grades/07.jpg"
                },
                {
                    "href": "08.jpg",
                    "text": " 08.jpg",
                    "imageUrl": "http://thewalkingdead-online.com/hq/albums/HQ/03%20-%20Seguranca%20Atras%20de%20Grades/18%20-%20Seguranca%20Atras%20de%20Grades/08.jpg"
                },
                {
                    "href": "09.jpg",
                    "text": " 09.jpg",
                    "imageUrl": "http://thewalkingdead-online.com/hq/albums/HQ/03%20-%20Seguranca%20Atras%20de%20Grades/18%20-%20Seguranca%20Atras%20de%20Grades/09.jpg"
                },
                {
                    "href": "10.jpg",
                    "text": " 10.jpg",
                    "imageUrl": "http://thewalkingdead-online.com/hq/albums/HQ/03%20-%20Seguranca%20Atras%20de%20Grades/18%20-%20Seguranca%20Atras%20de%20Grades/10.jpg"
                },
                {
                    "href": "11.jpg",
                    "text": " 11.jpg",
                    "imageUrl": "http://thewalkingdead-online.com/hq/albums/HQ/03%20-%20Seguranca%20Atras%20de%20Grades/18%20-%20Seguranca%20Atras%20de%20Grades/11.jpg"
                },
                {
                    "href": "12.jpg",
                    "text": " 12.jpg",
                    "imageUrl": "http://thewalkingdead-online.com/hq/albums/HQ/03%20-%20Seguranca%20Atras%20de%20Grades/18%20-%20Seguranca%20Atras%20de%20Grades/12.jpg"
                },
                {
                    "href": "13.jpg",
                    "text": " 13.jpg",
                    "imageUrl": "http://thewalkingdead-online.com/hq/albums/HQ/03%20-%20Seguranca%20Atras%20de%20Grades/18%20-%20Seguranca%20Atras%20de%20Grades/13.jpg"
                },
                {
                    "href": "14.jpg",
                    "text": " 14.jpg",
                    "imageUrl": "http://thewalkingdead-online.com/hq/albums/HQ/03%20-%20Seguranca%20Atras%20de%20Grades/18%20-%20Seguranca%20Atras%20de%20Grades/14.jpg"
                },
                {
                    "href": "15.jpg",
                    "text": " 15.jpg",
                    "imageUrl": "http://thewalkingdead-online.com/hq/albums/HQ/03%20-%20Seguranca%20Atras%20de%20Grades/18%20-%20Seguranca%20Atras%20de%20Grades/15.jpg"
                },
                {
                    "href": "16.jpg",
                    "text": " 16.jpg",
                    "imageUrl": "http://thewalkingdead-online.com/hq/albums/HQ/03%20-%20Seguranca%20Atras%20de%20Grades/18%20-%20Seguranca%20Atras%20de%20Grades/16.jpg"
                },
                {
                    "href": "17.jpg",
                    "text": " 17.jpg",
                    "imageUrl": "http://thewalkingdead-online.com/hq/albums/HQ/03%20-%20Seguranca%20Atras%20de%20Grades/18%20-%20Seguranca%20Atras%20de%20Grades/17.jpg"
                },
                {
                    "href": "18.jpg",
                    "text": " 18.jpg",
                    "imageUrl": "http://thewalkingdead-online.com/hq/albums/HQ/03%20-%20Seguranca%20Atras%20de%20Grades/18%20-%20Seguranca%20Atras%20de%20Grades/18.jpg"
                },
                {
                    "href": "19.jpg",
                    "text": " 19.jpg",
                    "imageUrl": "http://thewalkingdead-online.com/hq/albums/HQ/03%20-%20Seguranca%20Atras%20de%20Grades/18%20-%20Seguranca%20Atras%20de%20Grades/19.jpg"
                },
                {
                    "href": "20.jpg",
                    "text": " 20.jpg",
                    "imageUrl": "http://thewalkingdead-online.com/hq/albums/HQ/03%20-%20Seguranca%20Atras%20de%20Grades/18%20-%20Seguranca%20Atras%20de%20Grades/20.jpg"
                },
                {
                    "href": "21.jpg",
                    "text": " 21.jpg",
                    "imageUrl": "http://thewalkingdead-online.com/hq/albums/HQ/03%20-%20Seguranca%20Atras%20de%20Grades/18%20-%20Seguranca%20Atras%20de%20Grades/21.jpg"
                },
                {
                    "href": "22.jpg",
                    "text": " 22.jpg",
                    "imageUrl": "http://thewalkingdead-online.com/hq/albums/HQ/03%20-%20Seguranca%20Atras%20de%20Grades/18%20-%20Seguranca%20Atras%20de%20Grades/22.jpg"
                },
                {
                    "href": "23.jpg",
                    "text": " 23.jpg",
                    "imageUrl": "http://thewalkingdead-online.com/hq/albums/HQ/03%20-%20Seguranca%20Atras%20de%20Grades/18%20-%20Seguranca%20Atras%20de%20Grades/23.jpg"
                },
                {
                    "href": "24.jpg",
                    "text": " 24.jpg",
                    "imageUrl": "http://thewalkingdead-online.com/hq/albums/HQ/03%20-%20Seguranca%20Atras%20de%20Grades/18%20-%20Seguranca%20Atras%20de%20Grades/24.jpg"
                },
                {
                    "href": "29.jpg",
                    "text": " 29.jpg",
                    "imageUrl": "http://thewalkingdead-online.com/hq/albums/HQ/03%20-%20Seguranca%20Atras%20de%20Grades/18%20-%20Seguranca%20Atras%20de%20Grades/29.jpg"
                },
                {
                    "href": "30.jpg",
                    "text": " 30.jpg",
                    "imageUrl": "http://thewalkingdead-online.com/hq/albums/HQ/03%20-%20Seguranca%20Atras%20de%20Grades/18%20-%20Seguranca%20Atras%20de%20Grades/30.jpg"
                },
                {
                    "href": "31.jpg",
                    "text": " 31.jpg",
                    "imageUrl": "http://thewalkingdead-online.com/hq/albums/HQ/03%20-%20Seguranca%20Atras%20de%20Grades/18%20-%20Seguranca%20Atras%20de%20Grades/31.jpg"
                },
                {
                    "href": "32.jpg",
                    "text": " 32.jpg",
                    "imageUrl": "http://thewalkingdead-online.com/hq/albums/HQ/03%20-%20Seguranca%20Atras%20de%20Grades/18%20-%20Seguranca%20Atras%20de%20Grades/32.jpg"
                },
                {
                    "href": "33.jpg",
                    "text": " 33.jpg",
                    "imageUrl": "http://thewalkingdead-online.com/hq/albums/HQ/03%20-%20Seguranca%20Atras%20de%20Grades/18%20-%20Seguranca%20Atras%20de%20Grades/33.jpg"
                },
                {
                    "href": "34.jpg",
                    "text": " 34.jpg",
                    "imageUrl": "http://thewalkingdead-online.com/hq/albums/HQ/03%20-%20Seguranca%20Atras%20de%20Grades/18%20-%20Seguranca%20Atras%20de%20Grades/34.jpg"
                },
                {
                    "href": "35.jpg",
                    "text": " 35.jpg",
                    "imageUrl": "http://thewalkingdead-online.com/hq/albums/HQ/03%20-%20Seguranca%20Atras%20de%20Grades/18%20-%20Seguranca%20Atras%20de%20Grades/35.jpg"
                }
            ]
        }
    ]
}