{
    "href": "04%20-%20Desejos%20Carnais/",
    "text": " 04 - Desejos Carnais/",
    "chapters": [
        {
            "href": "19%20-%20Desejos%20Carnais/",
            "text": " 19 - Desejos Carnais/",
            "images": [
                {
                    "href": "01.jpg",
                    "text": " 01.jpg",
                    "imageUrl": "http://thewalkingdead-online.com/hq/albums/HQ/04%20-%20Desejos%20Carnais/19%20-%20Desejos%20Carnais/01.jpg"
                },
                {
                    "href": "02.jpg",
                    "text": " 02.jpg",
                    "imageUrl": "http://thewalkingdead-online.com/hq/albums/HQ/04%20-%20Desejos%20Carnais/19%20-%20Desejos%20Carnais/02.jpg"
                },
                {
                    "href": "03.jpg",
                    "text": " 03.jpg",
                    "imageUrl": "http://thewalkingdead-online.com/hq/albums/HQ/04%20-%20Desejos%20Carnais/19%20-%20Desejos%20Carnais/03.jpg"
                },
                {
                    "href": "04.jpg",
                    "text": " 04.jpg",
                    "imageUrl": "http://thewalkingdead-online.com/hq/albums/HQ/04%20-%20Desejos%20Carnais/19%20-%20Desejos%20Carnais/04.jpg"
                },
                {
                    "href": "05.jpg",
                    "text": " 05.jpg",
                    "imageUrl": "http://thewalkingdead-online.com/hq/albums/HQ/04%20-%20Desejos%20Carnais/19%20-%20Desejos%20Carnais/05.jpg"
                },
                {
                    "href": "06.jpg",
                    "text": " 06.jpg",
                    "imageUrl": "http://thewalkingdead-online.com/hq/albums/HQ/04%20-%20Desejos%20Carnais/19%20-%20Desejos%20Carnais/06.jpg"
                },
                {
                    "href": "07.jpg",
                    "text": " 07.jpg",
                    "imageUrl": "http://thewalkingdead-online.com/hq/albums/HQ/04%20-%20Desejos%20Carnais/19%20-%20Desejos%20Carnais/07.jpg"
                },
                {
                    "href": "08.jpg",
                    "text": " 08.jpg",
                    "imageUrl": "http://thewalkingdead-online.com/hq/albums/HQ/04%20-%20Desejos%20Carnais/19%20-%20Desejos%20Carnais/08.jpg"
                },
                {
                    "href": "10.jpg",
                    "text": " 10.jpg",
                    "imageUrl": "http://thewalkingdead-online.com/hq/albums/HQ/04%20-%20Desejos%20Carnais/19%20-%20Desejos%20Carnais/10.jpg"
                },
                {
                    "href": "11.jpg",
                    "text": " 11.jpg",
                    "imageUrl": "http://thewalkingdead-online.com/hq/albums/HQ/04%20-%20Desejos%20Carnais/19%20-%20Desejos%20Carnais/11.jpg"
                },
                {
                    "href": "12.jpg",
                    "text": " 12.jpg",
                    "imageUrl": "http://thewalkingdead-online.com/hq/albums/HQ/04%20-%20Desejos%20Carnais/19%20-%20Desejos%20Carnais/12.jpg"
                },
                {
                    "href": "13.jpg",
                    "text": " 13.jpg",
                    "imageUrl": "http://thewalkingdead-online.com/hq/albums/HQ/04%20-%20Desejos%20Carnais/19%20-%20Desejos%20Carnais/13.jpg"
                },
                {
                    "href": "14.jpg",
                    "text": " 14.jpg",
                    "imageUrl": "http://thewalkingdead-online.com/hq/albums/HQ/04%20-%20Desejos%20Carnais/19%20-%20Desejos%20Carnais/14.jpg"
                },
                {
                    "href": "15.jpg",
                    "text": " 15.jpg",
                    "imageUrl": "http://thewalkingdead-online.com/hq/albums/HQ/04%20-%20Desejos%20Carnais/19%20-%20Desejos%20Carnais/15.jpg"
                },
                {
                    "href": "16.jpg",
                    "text": " 16.jpg",
                    "imageUrl": "http://thewalkingdead-online.com/hq/albums/HQ/04%20-%20Desejos%20Carnais/19%20-%20Desejos%20Carnais/16.jpg"
                },
                {
                    "href": "17.jpg",
                    "text": " 17.jpg",
                    "imageUrl": "http://thewalkingdead-online.com/hq/albums/HQ/04%20-%20Desejos%20Carnais/19%20-%20Desejos%20Carnais/17.jpg"
                },
                {
                    "href": "18.jpg",
                    "text": " 18.jpg",
                    "imageUrl": "http://thewalkingdead-online.com/hq/albums/HQ/04%20-%20Desejos%20Carnais/19%20-%20Desejos%20Carnais/18.jpg"
                },
                {
                    "href": "19.jpg",
                    "text": " 19.jpg",
                    "imageUrl": "http://thewalkingdead-online.com/hq/albums/HQ/04%20-%20Desejos%20Carnais/19%20-%20Desejos%20Carnais/19.jpg"
                },
                {
                    "href": "20.jpg",
                    "text": " 20.jpg",
                    "imageUrl": "http://thewalkingdead-online.com/hq/albums/HQ/04%20-%20Desejos%20Carnais/19%20-%20Desejos%20Carnais/20.jpg"
                },
                {
                    "href": "21.jpg",
                    "text": " 21.jpg",
                    "imageUrl": "http://thewalkingdead-online.com/hq/albums/HQ/04%20-%20Desejos%20Carnais/19%20-%20Desejos%20Carnais/21.jpg"
                },
                {
                    "href": "22.jpg",
                    "text": " 22.jpg",
                    "imageUrl": "http://thewalkingdead-online.com/hq/albums/HQ/04%20-%20Desejos%20Carnais/19%20-%20Desejos%20Carnais/22.jpg"
                },
                {
                    "href": "23.jpg",
                    "text": " 23.jpg",
                    "imageUrl": "http://thewalkingdead-online.com/hq/albums/HQ/04%20-%20Desejos%20Carnais/19%20-%20Desejos%20Carnais/23.jpg"
                },
                {
                    "href": "24.jpg",
                    "text": " 24.jpg",
                    "imageUrl": "http://thewalkingdead-online.com/hq/albums/HQ/04%20-%20Desejos%20Carnais/19%20-%20Desejos%20Carnais/24.jpg"
                },
                {
                    "href": "25.jpg",
                    "text": " 25.jpg",
                    "imageUrl": "http://thewalkingdead-online.com/hq/albums/HQ/04%20-%20Desejos%20Carnais/19%20-%20Desejos%20Carnais/25.jpg"
                }
            ]
        },
        {
            "href": "20%20-%20Desejos%20Carnais/",
            "text": " 20 - Desejos Carnais/",
            "images": [
                {
                    "href": "00.jpg",
                    "text": " 00.jpg",
                    "imageUrl": "http://thewalkingdead-online.com/hq/albums/HQ/04%20-%20Desejos%20Carnais/20%20-%20Desejos%20Carnais/00.jpg"
                },
                {
                    "href": "01.jpg",
                    "text": " 01.jpg",
                    "imageUrl": "http://thewalkingdead-online.com/hq/albums/HQ/04%20-%20Desejos%20Carnais/20%20-%20Desejos%20Carnais/01.jpg"
                },
                {
                    "href": "02.jpg",
                    "text": " 02.jpg",
                    "imageUrl": "http://thewalkingdead-online.com/hq/albums/HQ/04%20-%20Desejos%20Carnais/20%20-%20Desejos%20Carnais/02.jpg"
                },
                {
                    "href": "03.jpg",
                    "text": " 03.jpg",
                    "imageUrl": "http://thewalkingdead-online.com/hq/albums/HQ/04%20-%20Desejos%20Carnais/20%20-%20Desejos%20Carnais/03.jpg"
                },
                {
                    "href": "04.jpg",
                    "text": " 04.jpg",
                    "imageUrl": "http://thewalkingdead-online.com/hq/albums/HQ/04%20-%20Desejos%20Carnais/20%20-%20Desejos%20Carnais/04.jpg"
                },
                {
                    "href": "05.jpg",
                    "text": " 05.jpg",
                    "imageUrl": "http://thewalkingdead-online.com/hq/albums/HQ/04%20-%20Desejos%20Carnais/20%20-%20Desejos%20Carnais/05.jpg"
                },
                {
                    "href": "06.jpg",
                    "text": " 06.jpg",
                    "imageUrl": "http://thewalkingdead-online.com/hq/albums/HQ/04%20-%20Desejos%20Carnais/20%20-%20Desejos%20Carnais/06.jpg"
                },
                {
                    "href": "07.jpg",
                    "text": " 07.jpg",
                    "imageUrl": "http://thewalkingdead-online.com/hq/albums/HQ/04%20-%20Desejos%20Carnais/20%20-%20Desejos%20Carnais/07.jpg"
                },
                {
                    "href": "08.jpg",
                    "text": " 08.jpg",
                    "imageUrl": "http://thewalkingdead-online.com/hq/albums/HQ/04%20-%20Desejos%20Carnais/20%20-%20Desejos%20Carnais/08.jpg"
                },
                {
                    "href": "09.jpg",
                    "text": " 09.jpg",
                    "imageUrl": "http://thewalkingdead-online.com/hq/albums/HQ/04%20-%20Desejos%20Carnais/20%20-%20Desejos%20Carnais/09.jpg"
                },
                {
                    "href": "10.jpg",
                    "text": " 10.jpg",
                    "imageUrl": "http://thewalkingdead-online.com/hq/albums/HQ/04%20-%20Desejos%20Carnais/20%20-%20Desejos%20Carnais/10.jpg"
                },
                {
                    "href": "11.jpg",
                    "text": " 11.jpg",
                    "imageUrl": "http://thewalkingdead-online.com/hq/albums/HQ/04%20-%20Desejos%20Carnais/20%20-%20Desejos%20Carnais/11.jpg"
                },
                {
                    "href": "12.jpg",
                    "text": " 12.jpg",
                    "imageUrl": "http://thewalkingdead-online.com/hq/albums/HQ/04%20-%20Desejos%20Carnais/20%20-%20Desejos%20Carnais/12.jpg"
                },
                {
                    "href": "13.jpg",
                    "text": " 13.jpg",
                    "imageUrl": "http://thewalkingdead-online.com/hq/albums/HQ/04%20-%20Desejos%20Carnais/20%20-%20Desejos%20Carnais/13.jpg"
                },
                {
                    "href": "14.jpg",
                    "text": " 14.jpg",
                    "imageUrl": "http://thewalkingdead-online.com/hq/albums/HQ/04%20-%20Desejos%20Carnais/20%20-%20Desejos%20Carnais/14.jpg"
                },
                {
                    "href": "15.jpg",
                    "text": " 15.jpg",
                    "imageUrl": "http://thewalkingdead-online.com/hq/albums/HQ/04%20-%20Desejos%20Carnais/20%20-%20Desejos%20Carnais/15.jpg"
                },
                {
                    "href": "16.jpg",
                    "text": " 16.jpg",
                    "imageUrl": "http://thewalkingdead-online.com/hq/albums/HQ/04%20-%20Desejos%20Carnais/20%20-%20Desejos%20Carnais/16.jpg"
                },
                {
                    "href": "17.jpg",
                    "text": " 17.jpg",
                    "imageUrl": "http://thewalkingdead-online.com/hq/albums/HQ/04%20-%20Desejos%20Carnais/20%20-%20Desejos%20Carnais/17.jpg"
                },
                {
                    "href": "18.jpg",
                    "text": " 18.jpg",
                    "imageUrl": "http://thewalkingdead-online.com/hq/albums/HQ/04%20-%20Desejos%20Carnais/20%20-%20Desejos%20Carnais/18.jpg"
                },
                {
                    "href": "19.jpg",
                    "text": " 19.jpg",
                    "imageUrl": "http://thewalkingdead-online.com/hq/albums/HQ/04%20-%20Desejos%20Carnais/20%20-%20Desejos%20Carnais/19.jpg"
                },
                {
                    "href": "20.jpg",
                    "text": " 20.jpg",
                    "imageUrl": "http://thewalkingdead-online.com/hq/albums/HQ/04%20-%20Desejos%20Carnais/20%20-%20Desejos%20Carnais/20.jpg"
                },
                {
                    "href": "21.jpg",
                    "text": " 21.jpg",
                    "imageUrl": "http://thewalkingdead-online.com/hq/albums/HQ/04%20-%20Desejos%20Carnais/20%20-%20Desejos%20Carnais/21.jpg"
                },
                {
                    "href": "22.jpg",
                    "text": " 22.jpg",
                    "imageUrl": "http://thewalkingdead-online.com/hq/albums/HQ/04%20-%20Desejos%20Carnais/20%20-%20Desejos%20Carnais/22.jpg"
                },
                {
                    "href": "23.jpg",
                    "text": " 23.jpg",
                    "imageUrl": "http://thewalkingdead-online.com/hq/albums/HQ/04%20-%20Desejos%20Carnais/20%20-%20Desejos%20Carnais/23.jpg"
                },
                {
                    "href": "31.jpg",
                    "text": " 31.jpg",
                    "imageUrl": "http://thewalkingdead-online.com/hq/albums/HQ/04%20-%20Desejos%20Carnais/20%20-%20Desejos%20Carnais/31.jpg"
                },
                {
                    "href": "32.jpg",
                    "text": " 32.jpg",
                    "imageUrl": "http://thewalkingdead-online.com/hq/albums/HQ/04%20-%20Desejos%20Carnais/20%20-%20Desejos%20Carnais/32.jpg"
                },
                {
                    "href": "33.jpg",
                    "text": " 33.jpg",
                    "imageUrl": "http://thewalkingdead-online.com/hq/albums/HQ/04%20-%20Desejos%20Carnais/20%20-%20Desejos%20Carnais/33.jpg"
                },
                {
                    "href": "34.jpg",
                    "text": " 34.jpg",
                    "imageUrl": "http://thewalkingdead-online.com/hq/albums/HQ/04%20-%20Desejos%20Carnais/20%20-%20Desejos%20Carnais/34.jpg"
                }
            ]
        },
        {
            "href": "21%20-%20Desejos%20Carnais/",
            "text": " 21 - Desejos Carnais/",
            "images": [
                {
                    "href": "01.jpg",
                    "text": " 01.jpg",
                    "imageUrl": "http://thewalkingdead-online.com/hq/albums/HQ/04%20-%20Desejos%20Carnais/21%20-%20Desejos%20Carnais/01.jpg"
                },
                {
                    "href": "02.jpg",
                    "text": " 02.jpg",
                    "imageUrl": "http://thewalkingdead-online.com/hq/albums/HQ/04%20-%20Desejos%20Carnais/21%20-%20Desejos%20Carnais/02.jpg"
                },
                {
                    "href": "03.jpg",
                    "text": " 03.jpg",
                    "imageUrl": "http://thewalkingdead-online.com/hq/albums/HQ/04%20-%20Desejos%20Carnais/21%20-%20Desejos%20Carnais/03.jpg"
                },
                {
                    "href": "04.jpg",
                    "text": " 04.jpg",
                    "imageUrl": "http://thewalkingdead-online.com/hq/albums/HQ/04%20-%20Desejos%20Carnais/21%20-%20Desejos%20Carnais/04.jpg"
                },
                {
                    "href": "05.jpg",
                    "text": " 05.jpg",
                    "imageUrl": "http://thewalkingdead-online.com/hq/albums/HQ/04%20-%20Desejos%20Carnais/21%20-%20Desejos%20Carnais/05.jpg"
                },
                {
                    "href": "06.jpg",
                    "text": " 06.jpg",
                    "imageUrl": "http://thewalkingdead-online.com/hq/albums/HQ/04%20-%20Desejos%20Carnais/21%20-%20Desejos%20Carnais/06.jpg"
                },
                {
                    "href": "07.jpg",
                    "text": " 07.jpg",
                    "imageUrl": "http://thewalkingdead-online.com/hq/albums/HQ/04%20-%20Desejos%20Carnais/21%20-%20Desejos%20Carnais/07.jpg"
                },
                {
                    "href": "08.jpg",
                    "text": " 08.jpg",
                    "imageUrl": "http://thewalkingdead-online.com/hq/albums/HQ/04%20-%20Desejos%20Carnais/21%20-%20Desejos%20Carnais/08.jpg"
                },
                {
                    "href": "09.jpg",
                    "text": " 09.jpg",
                    "imageUrl": "http://thewalkingdead-online.com/hq/albums/HQ/04%20-%20Desejos%20Carnais/21%20-%20Desejos%20Carnais/09.jpg"
                },
                {
                    "href": "10.jpg",
                    "text": " 10.jpg",
                    "imageUrl": "http://thewalkingdead-online.com/hq/albums/HQ/04%20-%20Desejos%20Carnais/21%20-%20Desejos%20Carnais/10.jpg"
                },
                {
                    "href": "11.jpg",
                    "text": " 11.jpg",
                    "imageUrl": "http://thewalkingdead-online.com/hq/albums/HQ/04%20-%20Desejos%20Carnais/21%20-%20Desejos%20Carnais/11.jpg"
                },
                {
                    "href": "12.jpg",
                    "text": " 12.jpg",
                    "imageUrl": "http://thewalkingdead-online.com/hq/albums/HQ/04%20-%20Desejos%20Carnais/21%20-%20Desejos%20Carnais/12.jpg"
                },
                {
                    "href": "13.jpg",
                    "text": " 13.jpg",
                    "imageUrl": "http://thewalkingdead-online.com/hq/albums/HQ/04%20-%20Desejos%20Carnais/21%20-%20Desejos%20Carnais/13.jpg"
                },
                {
                    "href": "14.jpg",
                    "text": " 14.jpg",
                    "imageUrl": "http://thewalkingdead-online.com/hq/albums/HQ/04%20-%20Desejos%20Carnais/21%20-%20Desejos%20Carnais/14.jpg"
                },
                {
                    "href": "15.jpg",
                    "text": " 15.jpg",
                    "imageUrl": "http://thewalkingdead-online.com/hq/albums/HQ/04%20-%20Desejos%20Carnais/21%20-%20Desejos%20Carnais/15.jpg"
                },
                {
                    "href": "16.jpg",
                    "text": " 16.jpg",
                    "imageUrl": "http://thewalkingdead-online.com/hq/albums/HQ/04%20-%20Desejos%20Carnais/21%20-%20Desejos%20Carnais/16.jpg"
                },
                {
                    "href": "17.jpg",
                    "text": " 17.jpg",
                    "imageUrl": "http://thewalkingdead-online.com/hq/albums/HQ/04%20-%20Desejos%20Carnais/21%20-%20Desejos%20Carnais/17.jpg"
                },
                {
                    "href": "18.jpg",
                    "text": " 18.jpg",
                    "imageUrl": "http://thewalkingdead-online.com/hq/albums/HQ/04%20-%20Desejos%20Carnais/21%20-%20Desejos%20Carnais/18.jpg"
                },
                {
                    "href": "19.jpg",
                    "text": " 19.jpg",
                    "imageUrl": "http://thewalkingdead-online.com/hq/albums/HQ/04%20-%20Desejos%20Carnais/21%20-%20Desejos%20Carnais/19.jpg"
                },
                {
                    "href": "20.jpg",
                    "text": " 20.jpg",
                    "imageUrl": "http://thewalkingdead-online.com/hq/albums/HQ/04%20-%20Desejos%20Carnais/21%20-%20Desejos%20Carnais/20.jpg"
                },
                {
                    "href": "21.jpg",
                    "text": " 21.jpg",
                    "imageUrl": "http://thewalkingdead-online.com/hq/albums/HQ/04%20-%20Desejos%20Carnais/21%20-%20Desejos%20Carnais/21.jpg"
                },
                {
                    "href": "22.jpg",
                    "text": " 22.jpg",
                    "imageUrl": "http://thewalkingdead-online.com/hq/albums/HQ/04%20-%20Desejos%20Carnais/21%20-%20Desejos%20Carnais/22.jpg"
                },
                {
                    "href": "23.jpg",
                    "text": " 23.jpg",
                    "imageUrl": "http://thewalkingdead-online.com/hq/albums/HQ/04%20-%20Desejos%20Carnais/21%20-%20Desejos%20Carnais/23.jpg"
                },
                {
                    "href": "24.jpg",
                    "text": " 24.jpg",
                    "imageUrl": "http://thewalkingdead-online.com/hq/albums/HQ/04%20-%20Desejos%20Carnais/21%20-%20Desejos%20Carnais/24.jpg"
                },
                {
                    "href": "31.jpg",
                    "text": " 31.jpg",
                    "imageUrl": "http://thewalkingdead-online.com/hq/albums/HQ/04%20-%20Desejos%20Carnais/21%20-%20Desejos%20Carnais/31.jpg"
                },
                {
                    "href": "32.jpg",
                    "text": " 32.jpg",
                    "imageUrl": "http://thewalkingdead-online.com/hq/albums/HQ/04%20-%20Desejos%20Carnais/21%20-%20Desejos%20Carnais/32.jpg"
                },
                {
                    "href": "33.jpg",
                    "text": " 33.jpg",
                    "imageUrl": "http://thewalkingdead-online.com/hq/albums/HQ/04%20-%20Desejos%20Carnais/21%20-%20Desejos%20Carnais/33.jpg"
                },
                {
                    "href": "34.jpg",
                    "text": " 34.jpg",
                    "imageUrl": "http://thewalkingdead-online.com/hq/albums/HQ/04%20-%20Desejos%20Carnais/21%20-%20Desejos%20Carnais/34.jpg"
                }
            ]
        },
        {
            "href": "22%20-%20Desejos%20Carnais/",
            "text": " 22 - Desejos Carnais/",
            "images": [
                {
                    "href": "00a.jpg",
                    "text": " 00a.jpg",
                    "imageUrl": "http://thewalkingdead-online.com/hq/albums/HQ/04%20-%20Desejos%20Carnais/22%20-%20Desejos%20Carnais/00a.jpg"
                },
                {
                    "href": "00b.jpg",
                    "text": " 00b.jpg",
                    "imageUrl": "http://thewalkingdead-online.com/hq/albums/HQ/04%20-%20Desejos%20Carnais/22%20-%20Desejos%20Carnais/00b.jpg"
                },
                {
                    "href": "01.jpg",
                    "text": " 01.jpg",
                    "imageUrl": "http://thewalkingdead-online.com/hq/albums/HQ/04%20-%20Desejos%20Carnais/22%20-%20Desejos%20Carnais/01.jpg"
                },
                {
                    "href": "02.jpg",
                    "text": " 02.jpg",
                    "imageUrl": "http://thewalkingdead-online.com/hq/albums/HQ/04%20-%20Desejos%20Carnais/22%20-%20Desejos%20Carnais/02.jpg"
                },
                {
                    "href": "03.jpg",
                    "text": " 03.jpg",
                    "imageUrl": "http://thewalkingdead-online.com/hq/albums/HQ/04%20-%20Desejos%20Carnais/22%20-%20Desejos%20Carnais/03.jpg"
                },
                {
                    "href": "04.jpg",
                    "text": " 04.jpg",
                    "imageUrl": "http://thewalkingdead-online.com/hq/albums/HQ/04%20-%20Desejos%20Carnais/22%20-%20Desejos%20Carnais/04.jpg"
                },
                {
                    "href": "05.jpg",
                    "text": " 05.jpg",
                    "imageUrl": "http://thewalkingdead-online.com/hq/albums/HQ/04%20-%20Desejos%20Carnais/22%20-%20Desejos%20Carnais/05.jpg"
                },
                {
                    "href": "06.jpg",
                    "text": " 06.jpg",
                    "imageUrl": "http://thewalkingdead-online.com/hq/albums/HQ/04%20-%20Desejos%20Carnais/22%20-%20Desejos%20Carnais/06.jpg"
                },
                {
                    "href": "07.jpg",
                    "text": " 07.jpg",
                    "imageUrl": "http://thewalkingdead-online.com/hq/albums/HQ/04%20-%20Desejos%20Carnais/22%20-%20Desejos%20Carnais/07.jpg"
                },
                {
                    "href": "08.jpg",
                    "text": " 08.jpg",
                    "imageUrl": "http://thewalkingdead-online.com/hq/albums/HQ/04%20-%20Desejos%20Carnais/22%20-%20Desejos%20Carnais/08.jpg"
                },
                {
                    "href": "09.jpg",
                    "text": " 09.jpg",
                    "imageUrl": "http://thewalkingdead-online.com/hq/albums/HQ/04%20-%20Desejos%20Carnais/22%20-%20Desejos%20Carnais/09.jpg"
                },
                {
                    "href": "10.jpg",
                    "text": " 10.jpg",
                    "imageUrl": "http://thewalkingdead-online.com/hq/albums/HQ/04%20-%20Desejos%20Carnais/22%20-%20Desejos%20Carnais/10.jpg"
                },
                {
                    "href": "11.jpg",
                    "text": " 11.jpg",
                    "imageUrl": "http://thewalkingdead-online.com/hq/albums/HQ/04%20-%20Desejos%20Carnais/22%20-%20Desejos%20Carnais/11.jpg"
                },
                {
                    "href": "12.jpg",
                    "text": " 12.jpg",
                    "imageUrl": "http://thewalkingdead-online.com/hq/albums/HQ/04%20-%20Desejos%20Carnais/22%20-%20Desejos%20Carnais/12.jpg"
                },
                {
                    "href": "13.jpg",
                    "text": " 13.jpg",
                    "imageUrl": "http://thewalkingdead-online.com/hq/albums/HQ/04%20-%20Desejos%20Carnais/22%20-%20Desejos%20Carnais/13.jpg"
                },
                {
                    "href": "14.jpg",
                    "text": " 14.jpg",
                    "imageUrl": "http://thewalkingdead-online.com/hq/albums/HQ/04%20-%20Desejos%20Carnais/22%20-%20Desejos%20Carnais/14.jpg"
                },
                {
                    "href": "15.jpg",
                    "text": " 15.jpg",
                    "imageUrl": "http://thewalkingdead-online.com/hq/albums/HQ/04%20-%20Desejos%20Carnais/22%20-%20Desejos%20Carnais/15.jpg"
                },
                {
                    "href": "16.jpg",
                    "text": " 16.jpg",
                    "imageUrl": "http://thewalkingdead-online.com/hq/albums/HQ/04%20-%20Desejos%20Carnais/22%20-%20Desejos%20Carnais/16.jpg"
                },
                {
                    "href": "17.jpg",
                    "text": " 17.jpg",
                    "imageUrl": "http://thewalkingdead-online.com/hq/albums/HQ/04%20-%20Desejos%20Carnais/22%20-%20Desejos%20Carnais/17.jpg"
                },
                {
                    "href": "18.jpg",
                    "text": " 18.jpg",
                    "imageUrl": "http://thewalkingdead-online.com/hq/albums/HQ/04%20-%20Desejos%20Carnais/22%20-%20Desejos%20Carnais/18.jpg"
                },
                {
                    "href": "19.jpg",
                    "text": " 19.jpg",
                    "imageUrl": "http://thewalkingdead-online.com/hq/albums/HQ/04%20-%20Desejos%20Carnais/22%20-%20Desejos%20Carnais/19.jpg"
                },
                {
                    "href": "20.jpg",
                    "text": " 20.jpg",
                    "imageUrl": "http://thewalkingdead-online.com/hq/albums/HQ/04%20-%20Desejos%20Carnais/22%20-%20Desejos%20Carnais/20.jpg"
                },
                {
                    "href": "21.jpg",
                    "text": " 21.jpg",
                    "imageUrl": "http://thewalkingdead-online.com/hq/albums/HQ/04%20-%20Desejos%20Carnais/22%20-%20Desejos%20Carnais/21.jpg"
                },
                {
                    "href": "23.jpg",
                    "text": " 23.jpg",
                    "imageUrl": "http://thewalkingdead-online.com/hq/albums/HQ/04%20-%20Desejos%20Carnais/22%20-%20Desejos%20Carnais/23.jpg"
                },
                {
                    "href": "24.jpg",
                    "text": " 24.jpg",
                    "imageUrl": "http://thewalkingdead-online.com/hq/albums/HQ/04%20-%20Desejos%20Carnais/22%20-%20Desejos%20Carnais/24.jpg"
                },
                {
                    "href": "25.jpg",
                    "text": " 25.jpg",
                    "imageUrl": "http://thewalkingdead-online.com/hq/albums/HQ/04%20-%20Desejos%20Carnais/22%20-%20Desejos%20Carnais/25.jpg"
                },
                {
                    "href": "26.jpg",
                    "text": " 26.jpg",
                    "imageUrl": "http://thewalkingdead-online.com/hq/albums/HQ/04%20-%20Desejos%20Carnais/22%20-%20Desejos%20Carnais/26.jpg"
                },
                {
                    "href": "27.jpg",
                    "text": " 27.jpg",
                    "imageUrl": "http://thewalkingdead-online.com/hq/albums/HQ/04%20-%20Desejos%20Carnais/22%20-%20Desejos%20Carnais/27.jpg"
                }
            ]
        },
        {
            "href": "23%20-%20Desejos%20Carnais/",
            "text": " 23 - Desejos Carnais/",
            "images": [
                {
                    "href": "00.jpg",
                    "text": " 00.jpg",
                    "imageUrl": "http://thewalkingdead-online.com/hq/albums/HQ/04%20-%20Desejos%20Carnais/23%20-%20Desejos%20Carnais/00.jpg"
                },
                {
                    "href": "00a.jpg",
                    "text": " 00a.jpg",
                    "imageUrl": "http://thewalkingdead-online.com/hq/albums/HQ/04%20-%20Desejos%20Carnais/23%20-%20Desejos%20Carnais/00a.jpg"
                },
                {
                    "href": "01.jpg",
                    "text": " 01.jpg",
                    "imageUrl": "http://thewalkingdead-online.com/hq/albums/HQ/04%20-%20Desejos%20Carnais/23%20-%20Desejos%20Carnais/01.jpg"
                },
                {
                    "href": "02.jpg",
                    "text": " 02.jpg",
                    "imageUrl": "http://thewalkingdead-online.com/hq/albums/HQ/04%20-%20Desejos%20Carnais/23%20-%20Desejos%20Carnais/02.jpg"
                },
                {
                    "href": "03.jpg",
                    "text": " 03.jpg",
                    "imageUrl": "http://thewalkingdead-online.com/hq/albums/HQ/04%20-%20Desejos%20Carnais/23%20-%20Desejos%20Carnais/03.jpg"
                },
                {
                    "href": "04.jpg",
                    "text": " 04.jpg",
                    "imageUrl": "http://thewalkingdead-online.com/hq/albums/HQ/04%20-%20Desejos%20Carnais/23%20-%20Desejos%20Carnais/04.jpg"
                },
                {
                    "href": "05.jpg",
                    "text": " 05.jpg",
                    "imageUrl": "http://thewalkingdead-online.com/hq/albums/HQ/04%20-%20Desejos%20Carnais/23%20-%20Desejos%20Carnais/05.jpg"
                },
                {
                    "href": "06.jpg",
                    "text": " 06.jpg",
                    "imageUrl": "http://thewalkingdead-online.com/hq/albums/HQ/04%20-%20Desejos%20Carnais/23%20-%20Desejos%20Carnais/06.jpg"
                },
                {
                    "href": "07.jpg",
                    "text": " 07.jpg",
                    "imageUrl": "http://thewalkingdead-online.com/hq/albums/HQ/04%20-%20Desejos%20Carnais/23%20-%20Desejos%20Carnais/07.jpg"
                },
                {
                    "href": "08.jpg",
                    "text": " 08.jpg",
                    "imageUrl": "http://thewalkingdead-online.com/hq/albums/HQ/04%20-%20Desejos%20Carnais/23%20-%20Desejos%20Carnais/08.jpg"
                },
                {
                    "href": "09.jpg",
                    "text": " 09.jpg",
                    "imageUrl": "http://thewalkingdead-online.com/hq/albums/HQ/04%20-%20Desejos%20Carnais/23%20-%20Desejos%20Carnais/09.jpg"
                },
                {
                    "href": "10.jpg",
                    "text": " 10.jpg",
                    "imageUrl": "http://thewalkingdead-online.com/hq/albums/HQ/04%20-%20Desejos%20Carnais/23%20-%20Desejos%20Carnais/10.jpg"
                },
                {
                    "href": "11.jpg",
                    "text": " 11.jpg",
                    "imageUrl": "http://thewalkingdead-online.com/hq/albums/HQ/04%20-%20Desejos%20Carnais/23%20-%20Desejos%20Carnais/11.jpg"
                },
                {
                    "href": "12.jpg",
                    "text": " 12.jpg",
                    "imageUrl": "http://thewalkingdead-online.com/hq/albums/HQ/04%20-%20Desejos%20Carnais/23%20-%20Desejos%20Carnais/12.jpg"
                },
                {
                    "href": "13.jpg",
                    "text": " 13.jpg",
                    "imageUrl": "http://thewalkingdead-online.com/hq/albums/HQ/04%20-%20Desejos%20Carnais/23%20-%20Desejos%20Carnais/13.jpg"
                },
                {
                    "href": "14.jpg",
                    "text": " 14.jpg",
                    "imageUrl": "http://thewalkingdead-online.com/hq/albums/HQ/04%20-%20Desejos%20Carnais/23%20-%20Desejos%20Carnais/14.jpg"
                },
                {
                    "href": "15.jpg",
                    "text": " 15.jpg",
                    "imageUrl": "http://thewalkingdead-online.com/hq/albums/HQ/04%20-%20Desejos%20Carnais/23%20-%20Desejos%20Carnais/15.jpg"
                },
                {
                    "href": "16.jpg",
                    "text": " 16.jpg",
                    "imageUrl": "http://thewalkingdead-online.com/hq/albums/HQ/04%20-%20Desejos%20Carnais/23%20-%20Desejos%20Carnais/16.jpg"
                },
                {
                    "href": "17.jpg",
                    "text": " 17.jpg",
                    "imageUrl": "http://thewalkingdead-online.com/hq/albums/HQ/04%20-%20Desejos%20Carnais/23%20-%20Desejos%20Carnais/17.jpg"
                },
                {
                    "href": "18.jpg",
                    "text": " 18.jpg",
                    "imageUrl": "http://thewalkingdead-online.com/hq/albums/HQ/04%20-%20Desejos%20Carnais/23%20-%20Desejos%20Carnais/18.jpg"
                },
                {
                    "href": "19.jpg",
                    "text": " 19.jpg",
                    "imageUrl": "http://thewalkingdead-online.com/hq/albums/HQ/04%20-%20Desejos%20Carnais/23%20-%20Desejos%20Carnais/19.jpg"
                },
                {
                    "href": "20.jpg",
                    "text": " 20.jpg",
                    "imageUrl": "http://thewalkingdead-online.com/hq/albums/HQ/04%20-%20Desejos%20Carnais/23%20-%20Desejos%20Carnais/20.jpg"
                },
                {
                    "href": "21.jpg",
                    "text": " 21.jpg",
                    "imageUrl": "http://thewalkingdead-online.com/hq/albums/HQ/04%20-%20Desejos%20Carnais/23%20-%20Desejos%20Carnais/21.jpg"
                },
                {
                    "href": "22.jpg",
                    "text": " 22.jpg",
                    "imageUrl": "http://thewalkingdead-online.com/hq/albums/HQ/04%20-%20Desejos%20Carnais/23%20-%20Desejos%20Carnais/22.jpg"
                },
                {
                    "href": "31.jpg",
                    "text": " 31.jpg",
                    "imageUrl": "http://thewalkingdead-online.com/hq/albums/HQ/04%20-%20Desejos%20Carnais/23%20-%20Desejos%20Carnais/31.jpg"
                },
                {
                    "href": "32.jpg",
                    "text": " 32.jpg",
                    "imageUrl": "http://thewalkingdead-online.com/hq/albums/HQ/04%20-%20Desejos%20Carnais/23%20-%20Desejos%20Carnais/32.jpg"
                },
                {
                    "href": "33.jpg",
                    "text": " 33.jpg",
                    "imageUrl": "http://thewalkingdead-online.com/hq/albums/HQ/04%20-%20Desejos%20Carnais/23%20-%20Desejos%20Carnais/33.jpg"
                },
                {
                    "href": "34.jpg",
                    "text": " 34.jpg",
                    "imageUrl": "http://thewalkingdead-online.com/hq/albums/HQ/04%20-%20Desejos%20Carnais/23%20-%20Desejos%20Carnais/34.jpg"
                }
            ]
        },
        {
            "href": "24%20-%20Desejos%20Carnais/",
            "text": " 24 - Desejos Carnais/",
            "images": [
                {
                    "href": "00a.jpg",
                    "text": " 00a.jpg",
                    "imageUrl": "http://thewalkingdead-online.com/hq/albums/HQ/04%20-%20Desejos%20Carnais/24%20-%20Desejos%20Carnais/00a.jpg"
                },
                {
                    "href": "00b.jpg",
                    "text": " 00b.jpg",
                    "imageUrl": "http://thewalkingdead-online.com/hq/albums/HQ/04%20-%20Desejos%20Carnais/24%20-%20Desejos%20Carnais/00b.jpg"
                },
                {
                    "href": "01.jpg",
                    "text": " 01.jpg",
                    "imageUrl": "http://thewalkingdead-online.com/hq/albums/HQ/04%20-%20Desejos%20Carnais/24%20-%20Desejos%20Carnais/01.jpg"
                },
                {
                    "href": "02.jpg",
                    "text": " 02.jpg",
                    "imageUrl": "http://thewalkingdead-online.com/hq/albums/HQ/04%20-%20Desejos%20Carnais/24%20-%20Desejos%20Carnais/02.jpg"
                },
                {
                    "href": "03.jpg",
                    "text": " 03.jpg",
                    "imageUrl": "http://thewalkingdead-online.com/hq/albums/HQ/04%20-%20Desejos%20Carnais/24%20-%20Desejos%20Carnais/03.jpg"
                },
                {
                    "href": "04.jpg",
                    "text": " 04.jpg",
                    "imageUrl": "http://thewalkingdead-online.com/hq/albums/HQ/04%20-%20Desejos%20Carnais/24%20-%20Desejos%20Carnais/04.jpg"
                },
                {
                    "href": "05.jpg",
                    "text": " 05.jpg",
                    "imageUrl": "http://thewalkingdead-online.com/hq/albums/HQ/04%20-%20Desejos%20Carnais/24%20-%20Desejos%20Carnais/05.jpg"
                },
                {
                    "href": "06.jpg",
                    "text": " 06.jpg",
                    "imageUrl": "http://thewalkingdead-online.com/hq/albums/HQ/04%20-%20Desejos%20Carnais/24%20-%20Desejos%20Carnais/06.jpg"
                },
                {
                    "href": "07.jpg",
                    "text": " 07.jpg",
                    "imageUrl": "http://thewalkingdead-online.com/hq/albums/HQ/04%20-%20Desejos%20Carnais/24%20-%20Desejos%20Carnais/07.jpg"
                },
                {
                    "href": "08.jpg",
                    "text": " 08.jpg",
                    "imageUrl": "http://thewalkingdead-online.com/hq/albums/HQ/04%20-%20Desejos%20Carnais/24%20-%20Desejos%20Carnais/08.jpg"
                },
                {
                    "href": "09.jpg",
                    "text": " 09.jpg",
                    "imageUrl": "http://thewalkingdead-online.com/hq/albums/HQ/04%20-%20Desejos%20Carnais/24%20-%20Desejos%20Carnais/09.jpg"
                },
                {
                    "href": "10.jpg",
                    "text": " 10.jpg",
                    "imageUrl": "http://thewalkingdead-online.com/hq/albums/HQ/04%20-%20Desejos%20Carnais/24%20-%20Desejos%20Carnais/10.jpg"
                },
                {
                    "href": "11.jpg",
                    "text": " 11.jpg",
                    "imageUrl": "http://thewalkingdead-online.com/hq/albums/HQ/04%20-%20Desejos%20Carnais/24%20-%20Desejos%20Carnais/11.jpg"
                },
                {
                    "href": "12-13.jpg",
                    "text": " 12-13.jpg",
                    "imageUrl": "http://thewalkingdead-online.com/hq/albums/HQ/04%20-%20Desejos%20Carnais/24%20-%20Desejos%20Carnais/12-13.jpg"
                },
                {
                    "href": "14.jpg",
                    "text": " 14.jpg",
                    "imageUrl": "http://thewalkingdead-online.com/hq/albums/HQ/04%20-%20Desejos%20Carnais/24%20-%20Desejos%20Carnais/14.jpg"
                },
                {
                    "href": "15.jpg",
                    "text": " 15.jpg",
                    "imageUrl": "http://thewalkingdead-online.com/hq/albums/HQ/04%20-%20Desejos%20Carnais/24%20-%20Desejos%20Carnais/15.jpg"
                },
                {
                    "href": "16.jpg",
                    "text": " 16.jpg",
                    "imageUrl": "http://thewalkingdead-online.com/hq/albums/HQ/04%20-%20Desejos%20Carnais/24%20-%20Desejos%20Carnais/16.jpg"
                },
                {
                    "href": "17.jpg",
                    "text": " 17.jpg",
                    "imageUrl": "http://thewalkingdead-online.com/hq/albums/HQ/04%20-%20Desejos%20Carnais/24%20-%20Desejos%20Carnais/17.jpg"
                },
                {
                    "href": "18.jpg",
                    "text": " 18.jpg",
                    "imageUrl": "http://thewalkingdead-online.com/hq/albums/HQ/04%20-%20Desejos%20Carnais/24%20-%20Desejos%20Carnais/18.jpg"
                },
                {
                    "href": "19.jpg",
                    "text": " 19.jpg",
                    "imageUrl": "http://thewalkingdead-online.com/hq/albums/HQ/04%20-%20Desejos%20Carnais/24%20-%20Desejos%20Carnais/19.jpg"
                },
                {
                    "href": "20-21.jpg",
                    "text": " 20-21.jpg",
                    "imageUrl": "http://thewalkingdead-online.com/hq/albums/HQ/04%20-%20Desejos%20Carnais/24%20-%20Desejos%20Carnais/20-21.jpg"
                },
                {
                    "href": "22.jpg",
                    "text": " 22.jpg",
                    "imageUrl": "http://thewalkingdead-online.com/hq/albums/HQ/04%20-%20Desejos%20Carnais/24%20-%20Desejos%20Carnais/22.jpg"
                },
                {
                    "href": "31.jpg",
                    "text": " 31.jpg",
                    "imageUrl": "http://thewalkingdead-online.com/hq/albums/HQ/04%20-%20Desejos%20Carnais/24%20-%20Desejos%20Carnais/31.jpg"
                },
                {
                    "href": "32.jpg",
                    "text": " 32.jpg",
                    "imageUrl": "http://thewalkingdead-online.com/hq/albums/HQ/04%20-%20Desejos%20Carnais/24%20-%20Desejos%20Carnais/32.jpg"
                },
                {
                    "href": "33.jpg",
                    "text": " 33.jpg",
                    "imageUrl": "http://thewalkingdead-online.com/hq/albums/HQ/04%20-%20Desejos%20Carnais/24%20-%20Desejos%20Carnais/33.jpg"
                },
                {
                    "href": "34.jpg",
                    "text": " 34.jpg",
                    "imageUrl": "http://thewalkingdead-online.com/hq/albums/HQ/04%20-%20Desejos%20Carnais/24%20-%20Desejos%20Carnais/34.jpg"
                }
            ]
        }
    ]
}