{
    "href": "05%20-%20A%20Melhor%20Defesa/",
    "text": " 05 - A Melhor Defesa/",
    "chapters": [
        {
            "href": "25%20-%20A%20Melhor%20Defesa/",
            "text": " 25 - A Melhor Defesa/",
            "images": [
                {
                    "href": "00a.jpg",
                    "text": " 00a.jpg",
                    "imageUrl": "http://thewalkingdead-online.com/hq/albums/HQ/05%20-%20A%20Melhor%20Defesa/25%20-%20A%20Melhor%20Defesa/00a.jpg"
                },
                {
                    "href": "00b.jpg",
                    "text": " 00b.jpg",
                    "imageUrl": "http://thewalkingdead-online.com/hq/albums/HQ/05%20-%20A%20Melhor%20Defesa/25%20-%20A%20Melhor%20Defesa/00b.jpg"
                },
                {
                    "href": "01.jpg",
                    "text": " 01.jpg",
                    "imageUrl": "http://thewalkingdead-online.com/hq/albums/HQ/05%20-%20A%20Melhor%20Defesa/25%20-%20A%20Melhor%20Defesa/01.jpg"
                },
                {
                    "href": "02.jpg",
                    "text": " 02.jpg",
                    "imageUrl": "http://thewalkingdead-online.com/hq/albums/HQ/05%20-%20A%20Melhor%20Defesa/25%20-%20A%20Melhor%20Defesa/02.jpg"
                },
                {
                    "href": "03.jpg",
                    "text": " 03.jpg",
                    "imageUrl": "http://thewalkingdead-online.com/hq/albums/HQ/05%20-%20A%20Melhor%20Defesa/25%20-%20A%20Melhor%20Defesa/03.jpg"
                },
                {
                    "href": "04.jpg",
                    "text": " 04.jpg",
                    "imageUrl": "http://thewalkingdead-online.com/hq/albums/HQ/05%20-%20A%20Melhor%20Defesa/25%20-%20A%20Melhor%20Defesa/04.jpg"
                },
                {
                    "href": "05.jpg",
                    "text": " 05.jpg",
                    "imageUrl": "http://thewalkingdead-online.com/hq/albums/HQ/05%20-%20A%20Melhor%20Defesa/25%20-%20A%20Melhor%20Defesa/05.jpg"
                },
                {
                    "href": "06.jpg",
                    "text": " 06.jpg",
                    "imageUrl": "http://thewalkingdead-online.com/hq/albums/HQ/05%20-%20A%20Melhor%20Defesa/25%20-%20A%20Melhor%20Defesa/06.jpg"
                },
                {
                    "href": "07.jpg",
                    "text": " 07.jpg",
                    "imageUrl": "http://thewalkingdead-online.com/hq/albums/HQ/05%20-%20A%20Melhor%20Defesa/25%20-%20A%20Melhor%20Defesa/07.jpg"
                },
                {
                    "href": "08.jpg",
                    "text": " 08.jpg",
                    "imageUrl": "http://thewalkingdead-online.com/hq/albums/HQ/05%20-%20A%20Melhor%20Defesa/25%20-%20A%20Melhor%20Defesa/08.jpg"
                },
                {
                    "href": "09.jpg",
                    "text": " 09.jpg",
                    "imageUrl": "http://thewalkingdead-online.com/hq/albums/HQ/05%20-%20A%20Melhor%20Defesa/25%20-%20A%20Melhor%20Defesa/09.jpg"
                },
                {
                    "href": "10.jpg",
                    "text": " 10.jpg",
                    "imageUrl": "http://thewalkingdead-online.com/hq/albums/HQ/05%20-%20A%20Melhor%20Defesa/25%20-%20A%20Melhor%20Defesa/10.jpg"
                },
                {
                    "href": "11.jpg",
                    "text": " 11.jpg",
                    "imageUrl": "http://thewalkingdead-online.com/hq/albums/HQ/05%20-%20A%20Melhor%20Defesa/25%20-%20A%20Melhor%20Defesa/11.jpg"
                },
                {
                    "href": "12.jpg",
                    "text": " 12.jpg",
                    "imageUrl": "http://thewalkingdead-online.com/hq/albums/HQ/05%20-%20A%20Melhor%20Defesa/25%20-%20A%20Melhor%20Defesa/12.jpg"
                },
                {
                    "href": "13.jpg",
                    "text": " 13.jpg",
                    "imageUrl": "http://thewalkingdead-online.com/hq/albums/HQ/05%20-%20A%20Melhor%20Defesa/25%20-%20A%20Melhor%20Defesa/13.jpg"
                },
                {
                    "href": "14.jpg",
                    "text": " 14.jpg",
                    "imageUrl": "http://thewalkingdead-online.com/hq/albums/HQ/05%20-%20A%20Melhor%20Defesa/25%20-%20A%20Melhor%20Defesa/14.jpg"
                },
                {
                    "href": "15.jpg",
                    "text": " 15.jpg",
                    "imageUrl": "http://thewalkingdead-online.com/hq/albums/HQ/05%20-%20A%20Melhor%20Defesa/25%20-%20A%20Melhor%20Defesa/15.jpg"
                },
                {
                    "href": "16.jpg",
                    "text": " 16.jpg",
                    "imageUrl": "http://thewalkingdead-online.com/hq/albums/HQ/05%20-%20A%20Melhor%20Defesa/25%20-%20A%20Melhor%20Defesa/16.jpg"
                },
                {
                    "href": "17.jpg",
                    "text": " 17.jpg",
                    "imageUrl": "http://thewalkingdead-online.com/hq/albums/HQ/05%20-%20A%20Melhor%20Defesa/25%20-%20A%20Melhor%20Defesa/17.jpg"
                },
                {
                    "href": "18.jpg",
                    "text": " 18.jpg",
                    "imageUrl": "http://thewalkingdead-online.com/hq/albums/HQ/05%20-%20A%20Melhor%20Defesa/25%20-%20A%20Melhor%20Defesa/18.jpg"
                },
                {
                    "href": "19.jpg",
                    "text": " 19.jpg",
                    "imageUrl": "http://thewalkingdead-online.com/hq/albums/HQ/05%20-%20A%20Melhor%20Defesa/25%20-%20A%20Melhor%20Defesa/19.jpg"
                },
                {
                    "href": "20-21.jpg",
                    "text": " 20-21.jpg",
                    "imageUrl": "http://thewalkingdead-online.com/hq/albums/HQ/05%20-%20A%20Melhor%20Defesa/25%20-%20A%20Melhor%20Defesa/20-21.jpg"
                },
                {
                    "href": "22.jpg",
                    "text": " 22.jpg",
                    "imageUrl": "http://thewalkingdead-online.com/hq/albums/HQ/05%20-%20A%20Melhor%20Defesa/25%20-%20A%20Melhor%20Defesa/22.jpg"
                },
                {
                    "href": "31.jpg",
                    "text": " 31.jpg",
                    "imageUrl": "http://thewalkingdead-online.com/hq/albums/HQ/05%20-%20A%20Melhor%20Defesa/25%20-%20A%20Melhor%20Defesa/31.jpg"
                },
                {
                    "href": "32.jpg",
                    "text": " 32.jpg",
                    "imageUrl": "http://thewalkingdead-online.com/hq/albums/HQ/05%20-%20A%20Melhor%20Defesa/25%20-%20A%20Melhor%20Defesa/32.jpg"
                },
                {
                    "href": "33.jpg",
                    "text": " 33.jpg",
                    "imageUrl": "http://thewalkingdead-online.com/hq/albums/HQ/05%20-%20A%20Melhor%20Defesa/25%20-%20A%20Melhor%20Defesa/33.jpg"
                },
                {
                    "href": "34.jpg",
                    "text": " 34.jpg",
                    "imageUrl": "http://thewalkingdead-online.com/hq/albums/HQ/05%20-%20A%20Melhor%20Defesa/25%20-%20A%20Melhor%20Defesa/34.jpg"
                }
            ]
        },
        {
            "href": "26%20-%20A%20Melhor%20Defesa/",
            "text": " 26 - A Melhor Defesa/",
            "images": [
                {
                    "href": "01.jpg",
                    "text": " 01.jpg",
                    "imageUrl": "http://thewalkingdead-online.com/hq/albums/HQ/05%20-%20A%20Melhor%20Defesa/26%20-%20A%20Melhor%20Defesa/01.jpg"
                },
                {
                    "href": "02.jpg",
                    "text": " 02.jpg",
                    "imageUrl": "http://thewalkingdead-online.com/hq/albums/HQ/05%20-%20A%20Melhor%20Defesa/26%20-%20A%20Melhor%20Defesa/02.jpg"
                },
                {
                    "href": "03.jpg",
                    "text": " 03.jpg",
                    "imageUrl": "http://thewalkingdead-online.com/hq/albums/HQ/05%20-%20A%20Melhor%20Defesa/26%20-%20A%20Melhor%20Defesa/03.jpg"
                },
                {
                    "href": "04.jpg",
                    "text": " 04.jpg",
                    "imageUrl": "http://thewalkingdead-online.com/hq/albums/HQ/05%20-%20A%20Melhor%20Defesa/26%20-%20A%20Melhor%20Defesa/04.jpg"
                },
                {
                    "href": "05.jpg",
                    "text": " 05.jpg",
                    "imageUrl": "http://thewalkingdead-online.com/hq/albums/HQ/05%20-%20A%20Melhor%20Defesa/26%20-%20A%20Melhor%20Defesa/05.jpg"
                },
                {
                    "href": "06.jpg",
                    "text": " 06.jpg",
                    "imageUrl": "http://thewalkingdead-online.com/hq/albums/HQ/05%20-%20A%20Melhor%20Defesa/26%20-%20A%20Melhor%20Defesa/06.jpg"
                },
                {
                    "href": "07.jpg",
                    "text": " 07.jpg",
                    "imageUrl": "http://thewalkingdead-online.com/hq/albums/HQ/05%20-%20A%20Melhor%20Defesa/26%20-%20A%20Melhor%20Defesa/07.jpg"
                },
                {
                    "href": "08.jpg",
                    "text": " 08.jpg",
                    "imageUrl": "http://thewalkingdead-online.com/hq/albums/HQ/05%20-%20A%20Melhor%20Defesa/26%20-%20A%20Melhor%20Defesa/08.jpg"
                },
                {
                    "href": "09.jpg",
                    "text": " 09.jpg",
                    "imageUrl": "http://thewalkingdead-online.com/hq/albums/HQ/05%20-%20A%20Melhor%20Defesa/26%20-%20A%20Melhor%20Defesa/09.jpg"
                },
                {
                    "href": "10.jpg",
                    "text": " 10.jpg",
                    "imageUrl": "http://thewalkingdead-online.com/hq/albums/HQ/05%20-%20A%20Melhor%20Defesa/26%20-%20A%20Melhor%20Defesa/10.jpg"
                },
                {
                    "href": "11.jpg",
                    "text": " 11.jpg",
                    "imageUrl": "http://thewalkingdead-online.com/hq/albums/HQ/05%20-%20A%20Melhor%20Defesa/26%20-%20A%20Melhor%20Defesa/11.jpg"
                },
                {
                    "href": "12.jpg",
                    "text": " 12.jpg",
                    "imageUrl": "http://thewalkingdead-online.com/hq/albums/HQ/05%20-%20A%20Melhor%20Defesa/26%20-%20A%20Melhor%20Defesa/12.jpg"
                },
                {
                    "href": "13.jpg",
                    "text": " 13.jpg",
                    "imageUrl": "http://thewalkingdead-online.com/hq/albums/HQ/05%20-%20A%20Melhor%20Defesa/26%20-%20A%20Melhor%20Defesa/13.jpg"
                },
                {
                    "href": "14.jpg",
                    "text": " 14.jpg",
                    "imageUrl": "http://thewalkingdead-online.com/hq/albums/HQ/05%20-%20A%20Melhor%20Defesa/26%20-%20A%20Melhor%20Defesa/14.jpg"
                },
                {
                    "href": "15.jpg",
                    "text": " 15.jpg",
                    "imageUrl": "http://thewalkingdead-online.com/hq/albums/HQ/05%20-%20A%20Melhor%20Defesa/26%20-%20A%20Melhor%20Defesa/15.jpg"
                },
                {
                    "href": "16.jpg",
                    "text": " 16.jpg",
                    "imageUrl": "http://thewalkingdead-online.com/hq/albums/HQ/05%20-%20A%20Melhor%20Defesa/26%20-%20A%20Melhor%20Defesa/16.jpg"
                },
                {
                    "href": "17.jpg",
                    "text": " 17.jpg",
                    "imageUrl": "http://thewalkingdead-online.com/hq/albums/HQ/05%20-%20A%20Melhor%20Defesa/26%20-%20A%20Melhor%20Defesa/17.jpg"
                },
                {
                    "href": "18.jpg",
                    "text": " 18.jpg",
                    "imageUrl": "http://thewalkingdead-online.com/hq/albums/HQ/05%20-%20A%20Melhor%20Defesa/26%20-%20A%20Melhor%20Defesa/18.jpg"
                },
                {
                    "href": "19.jpg",
                    "text": " 19.jpg",
                    "imageUrl": "http://thewalkingdead-online.com/hq/albums/HQ/05%20-%20A%20Melhor%20Defesa/26%20-%20A%20Melhor%20Defesa/19.jpg"
                },
                {
                    "href": "20.jpg",
                    "text": " 20.jpg",
                    "imageUrl": "http://thewalkingdead-online.com/hq/albums/HQ/05%20-%20A%20Melhor%20Defesa/26%20-%20A%20Melhor%20Defesa/20.jpg"
                },
                {
                    "href": "21.jpg",
                    "text": " 21.jpg",
                    "imageUrl": "http://thewalkingdead-online.com/hq/albums/HQ/05%20-%20A%20Melhor%20Defesa/26%20-%20A%20Melhor%20Defesa/21.jpg"
                },
                {
                    "href": "22.jpg",
                    "text": " 22.jpg",
                    "imageUrl": "http://thewalkingdead-online.com/hq/albums/HQ/05%20-%20A%20Melhor%20Defesa/26%20-%20A%20Melhor%20Defesa/22.jpg"
                },
                {
                    "href": "23.jpg",
                    "text": " 23.jpg",
                    "imageUrl": "http://thewalkingdead-online.com/hq/albums/HQ/05%20-%20A%20Melhor%20Defesa/26%20-%20A%20Melhor%20Defesa/23.jpg"
                },
                {
                    "href": "24.jpg",
                    "text": " 24.jpg",
                    "imageUrl": "http://thewalkingdead-online.com/hq/albums/HQ/05%20-%20A%20Melhor%20Defesa/26%20-%20A%20Melhor%20Defesa/24.jpg"
                },
                {
                    "href": "34.jpg",
                    "text": " 34.jpg",
                    "imageUrl": "http://thewalkingdead-online.com/hq/albums/HQ/05%20-%20A%20Melhor%20Defesa/26%20-%20A%20Melhor%20Defesa/34.jpg"
                },
                {
                    "href": "35.jpg",
                    "text": " 35.jpg",
                    "imageUrl": "http://thewalkingdead-online.com/hq/albums/HQ/05%20-%20A%20Melhor%20Defesa/26%20-%20A%20Melhor%20Defesa/35.jpg"
                }
            ]
        },
        {
            "href": "27%20-%20A%20Melhor%20Defesa/",
            "text": " 27 - A Melhor Defesa/",
            "images": [
                {
                    "href": "00a.jpg",
                    "text": " 00a.jpg",
                    "imageUrl": "http://thewalkingdead-online.com/hq/albums/HQ/05%20-%20A%20Melhor%20Defesa/27%20-%20A%20Melhor%20Defesa/00a.jpg"
                },
                {
                    "href": "00b.jpg",
                    "text": " 00b.jpg",
                    "imageUrl": "http://thewalkingdead-online.com/hq/albums/HQ/05%20-%20A%20Melhor%20Defesa/27%20-%20A%20Melhor%20Defesa/00b.jpg"
                },
                {
                    "href": "01.jpg",
                    "text": " 01.jpg",
                    "imageUrl": "http://thewalkingdead-online.com/hq/albums/HQ/05%20-%20A%20Melhor%20Defesa/27%20-%20A%20Melhor%20Defesa/01.jpg"
                },
                {
                    "href": "02.jpg",
                    "text": " 02.jpg",
                    "imageUrl": "http://thewalkingdead-online.com/hq/albums/HQ/05%20-%20A%20Melhor%20Defesa/27%20-%20A%20Melhor%20Defesa/02.jpg"
                },
                {
                    "href": "03.jpg",
                    "text": " 03.jpg",
                    "imageUrl": "http://thewalkingdead-online.com/hq/albums/HQ/05%20-%20A%20Melhor%20Defesa/27%20-%20A%20Melhor%20Defesa/03.jpg"
                },
                {
                    "href": "04.jpg",
                    "text": " 04.jpg",
                    "imageUrl": "http://thewalkingdead-online.com/hq/albums/HQ/05%20-%20A%20Melhor%20Defesa/27%20-%20A%20Melhor%20Defesa/04.jpg"
                },
                {
                    "href": "05.jpg",
                    "text": " 05.jpg",
                    "imageUrl": "http://thewalkingdead-online.com/hq/albums/HQ/05%20-%20A%20Melhor%20Defesa/27%20-%20A%20Melhor%20Defesa/05.jpg"
                },
                {
                    "href": "06.jpg",
                    "text": " 06.jpg",
                    "imageUrl": "http://thewalkingdead-online.com/hq/albums/HQ/05%20-%20A%20Melhor%20Defesa/27%20-%20A%20Melhor%20Defesa/06.jpg"
                },
                {
                    "href": "07.jpg",
                    "text": " 07.jpg",
                    "imageUrl": "http://thewalkingdead-online.com/hq/albums/HQ/05%20-%20A%20Melhor%20Defesa/27%20-%20A%20Melhor%20Defesa/07.jpg"
                },
                {
                    "href": "08.jpg",
                    "text": " 08.jpg",
                    "imageUrl": "http://thewalkingdead-online.com/hq/albums/HQ/05%20-%20A%20Melhor%20Defesa/27%20-%20A%20Melhor%20Defesa/08.jpg"
                },
                {
                    "href": "09.jpg",
                    "text": " 09.jpg",
                    "imageUrl": "http://thewalkingdead-online.com/hq/albums/HQ/05%20-%20A%20Melhor%20Defesa/27%20-%20A%20Melhor%20Defesa/09.jpg"
                },
                {
                    "href": "10.jpg",
                    "text": " 10.jpg",
                    "imageUrl": "http://thewalkingdead-online.com/hq/albums/HQ/05%20-%20A%20Melhor%20Defesa/27%20-%20A%20Melhor%20Defesa/10.jpg"
                },
                {
                    "href": "11.jpg",
                    "text": " 11.jpg",
                    "imageUrl": "http://thewalkingdead-online.com/hq/albums/HQ/05%20-%20A%20Melhor%20Defesa/27%20-%20A%20Melhor%20Defesa/11.jpg"
                },
                {
                    "href": "12.jpg",
                    "text": " 12.jpg",
                    "imageUrl": "http://thewalkingdead-online.com/hq/albums/HQ/05%20-%20A%20Melhor%20Defesa/27%20-%20A%20Melhor%20Defesa/12.jpg"
                },
                {
                    "href": "13.jpg",
                    "text": " 13.jpg",
                    "imageUrl": "http://thewalkingdead-online.com/hq/albums/HQ/05%20-%20A%20Melhor%20Defesa/27%20-%20A%20Melhor%20Defesa/13.jpg"
                },
                {
                    "href": "14.jpg",
                    "text": " 14.jpg",
                    "imageUrl": "http://thewalkingdead-online.com/hq/albums/HQ/05%20-%20A%20Melhor%20Defesa/27%20-%20A%20Melhor%20Defesa/14.jpg"
                },
                {
                    "href": "15.jpg",
                    "text": " 15.jpg",
                    "imageUrl": "http://thewalkingdead-online.com/hq/albums/HQ/05%20-%20A%20Melhor%20Defesa/27%20-%20A%20Melhor%20Defesa/15.jpg"
                },
                {
                    "href": "16.jpg",
                    "text": " 16.jpg",
                    "imageUrl": "http://thewalkingdead-online.com/hq/albums/HQ/05%20-%20A%20Melhor%20Defesa/27%20-%20A%20Melhor%20Defesa/16.jpg"
                },
                {
                    "href": "17.jpg",
                    "text": " 17.jpg",
                    "imageUrl": "http://thewalkingdead-online.com/hq/albums/HQ/05%20-%20A%20Melhor%20Defesa/27%20-%20A%20Melhor%20Defesa/17.jpg"
                },
                {
                    "href": "18.jpg",
                    "text": " 18.jpg",
                    "imageUrl": "http://thewalkingdead-online.com/hq/albums/HQ/05%20-%20A%20Melhor%20Defesa/27%20-%20A%20Melhor%20Defesa/18.jpg"
                },
                {
                    "href": "19.jpg",
                    "text": " 19.jpg",
                    "imageUrl": "http://thewalkingdead-online.com/hq/albums/HQ/05%20-%20A%20Melhor%20Defesa/27%20-%20A%20Melhor%20Defesa/19.jpg"
                },
                {
                    "href": "20-21.jpg",
                    "text": " 20-21.jpg",
                    "imageUrl": "http://thewalkingdead-online.com/hq/albums/HQ/05%20-%20A%20Melhor%20Defesa/27%20-%20A%20Melhor%20Defesa/20-21.jpg"
                },
                {
                    "href": "22.jpg",
                    "text": " 22.jpg",
                    "imageUrl": "http://thewalkingdead-online.com/hq/albums/HQ/05%20-%20A%20Melhor%20Defesa/27%20-%20A%20Melhor%20Defesa/22.jpg"
                },
                {
                    "href": "33.jpg",
                    "text": " 33.jpg",
                    "imageUrl": "http://thewalkingdead-online.com/hq/albums/HQ/05%20-%20A%20Melhor%20Defesa/27%20-%20A%20Melhor%20Defesa/33.jpg"
                },
                {
                    "href": "34.jpg",
                    "text": " 34.jpg",
                    "imageUrl": "http://thewalkingdead-online.com/hq/albums/HQ/05%20-%20A%20Melhor%20Defesa/27%20-%20A%20Melhor%20Defesa/34.jpg"
                }
            ]
        },
        {
            "href": "28%20-%20A%20Melhor%20Defesa/",
            "text": " 28 - A Melhor Defesa/",
            "images": [
                {
                    "href": "00a.jpg",
                    "text": " 00a.jpg",
                    "imageUrl": "http://thewalkingdead-online.com/hq/albums/HQ/05%20-%20A%20Melhor%20Defesa/28%20-%20A%20Melhor%20Defesa/00a.jpg"
                },
                {
                    "href": "00b.jpg",
                    "text": " 00b.jpg",
                    "imageUrl": "http://thewalkingdead-online.com/hq/albums/HQ/05%20-%20A%20Melhor%20Defesa/28%20-%20A%20Melhor%20Defesa/00b.jpg"
                },
                {
                    "href": "01.jpg",
                    "text": " 01.jpg",
                    "imageUrl": "http://thewalkingdead-online.com/hq/albums/HQ/05%20-%20A%20Melhor%20Defesa/28%20-%20A%20Melhor%20Defesa/01.jpg"
                },
                {
                    "href": "02.jpg",
                    "text": " 02.jpg",
                    "imageUrl": "http://thewalkingdead-online.com/hq/albums/HQ/05%20-%20A%20Melhor%20Defesa/28%20-%20A%20Melhor%20Defesa/02.jpg"
                },
                {
                    "href": "03.jpg",
                    "text": " 03.jpg",
                    "imageUrl": "http://thewalkingdead-online.com/hq/albums/HQ/05%20-%20A%20Melhor%20Defesa/28%20-%20A%20Melhor%20Defesa/03.jpg"
                },
                {
                    "href": "04-05.jpg",
                    "text": " 04-05.jpg",
                    "imageUrl": "http://thewalkingdead-online.com/hq/albums/HQ/05%20-%20A%20Melhor%20Defesa/28%20-%20A%20Melhor%20Defesa/04-05.jpg"
                },
                {
                    "href": "06.jpg",
                    "text": " 06.jpg",
                    "imageUrl": "http://thewalkingdead-online.com/hq/albums/HQ/05%20-%20A%20Melhor%20Defesa/28%20-%20A%20Melhor%20Defesa/06.jpg"
                },
                {
                    "href": "07.jpg",
                    "text": " 07.jpg",
                    "imageUrl": "http://thewalkingdead-online.com/hq/albums/HQ/05%20-%20A%20Melhor%20Defesa/28%20-%20A%20Melhor%20Defesa/07.jpg"
                },
                {
                    "href": "08.jpg",
                    "text": " 08.jpg",
                    "imageUrl": "http://thewalkingdead-online.com/hq/albums/HQ/05%20-%20A%20Melhor%20Defesa/28%20-%20A%20Melhor%20Defesa/08.jpg"
                },
                {
                    "href": "09.jpg",
                    "text": " 09.jpg",
                    "imageUrl": "http://thewalkingdead-online.com/hq/albums/HQ/05%20-%20A%20Melhor%20Defesa/28%20-%20A%20Melhor%20Defesa/09.jpg"
                },
                {
                    "href": "10.jpg",
                    "text": " 10.jpg",
                    "imageUrl": "http://thewalkingdead-online.com/hq/albums/HQ/05%20-%20A%20Melhor%20Defesa/28%20-%20A%20Melhor%20Defesa/10.jpg"
                },
                {
                    "href": "11.jpg",
                    "text": " 11.jpg",
                    "imageUrl": "http://thewalkingdead-online.com/hq/albums/HQ/05%20-%20A%20Melhor%20Defesa/28%20-%20A%20Melhor%20Defesa/11.jpg"
                },
                {
                    "href": "12.jpg",
                    "text": " 12.jpg",
                    "imageUrl": "http://thewalkingdead-online.com/hq/albums/HQ/05%20-%20A%20Melhor%20Defesa/28%20-%20A%20Melhor%20Defesa/12.jpg"
                },
                {
                    "href": "13.jpg",
                    "text": " 13.jpg",
                    "imageUrl": "http://thewalkingdead-online.com/hq/albums/HQ/05%20-%20A%20Melhor%20Defesa/28%20-%20A%20Melhor%20Defesa/13.jpg"
                },
                {
                    "href": "14.jpg",
                    "text": " 14.jpg",
                    "imageUrl": "http://thewalkingdead-online.com/hq/albums/HQ/05%20-%20A%20Melhor%20Defesa/28%20-%20A%20Melhor%20Defesa/14.jpg"
                },
                {
                    "href": "15.jpg",
                    "text": " 15.jpg",
                    "imageUrl": "http://thewalkingdead-online.com/hq/albums/HQ/05%20-%20A%20Melhor%20Defesa/28%20-%20A%20Melhor%20Defesa/15.jpg"
                },
                {
                    "href": "16-17.jpg",
                    "text": " 16-17.jpg",
                    "imageUrl": "http://thewalkingdead-online.com/hq/albums/HQ/05%20-%20A%20Melhor%20Defesa/28%20-%20A%20Melhor%20Defesa/16-17.jpg"
                },
                {
                    "href": "18.jpg",
                    "text": " 18.jpg",
                    "imageUrl": "http://thewalkingdead-online.com/hq/albums/HQ/05%20-%20A%20Melhor%20Defesa/28%20-%20A%20Melhor%20Defesa/18.jpg"
                },
                {
                    "href": "19.jpg",
                    "text": " 19.jpg",
                    "imageUrl": "http://thewalkingdead-online.com/hq/albums/HQ/05%20-%20A%20Melhor%20Defesa/28%20-%20A%20Melhor%20Defesa/19.jpg"
                },
                {
                    "href": "20.jpg",
                    "text": " 20.jpg",
                    "imageUrl": "http://thewalkingdead-online.com/hq/albums/HQ/05%20-%20A%20Melhor%20Defesa/28%20-%20A%20Melhor%20Defesa/20.jpg"
                },
                {
                    "href": "21.jpg",
                    "text": " 21.jpg",
                    "imageUrl": "http://thewalkingdead-online.com/hq/albums/HQ/05%20-%20A%20Melhor%20Defesa/28%20-%20A%20Melhor%20Defesa/21.jpg"
                },
                {
                    "href": "22.jpg",
                    "text": " 22.jpg",
                    "imageUrl": "http://thewalkingdead-online.com/hq/albums/HQ/05%20-%20A%20Melhor%20Defesa/28%20-%20A%20Melhor%20Defesa/22.jpg"
                },
                {
                    "href": "34.jpg",
                    "text": " 34.jpg",
                    "imageUrl": "http://thewalkingdead-online.com/hq/albums/HQ/05%20-%20A%20Melhor%20Defesa/28%20-%20A%20Melhor%20Defesa/34.jpg"
                }
            ]
        },
        {
            "href": "29%20-%20A%20Melhor%20Defesa/",
            "text": " 29 - A Melhor Defesa/",
            "images": [
                {
                    "href": "00a.jpg",
                    "text": " 00a.jpg",
                    "imageUrl": "http://thewalkingdead-online.com/hq/albums/HQ/05%20-%20A%20Melhor%20Defesa/29%20-%20A%20Melhor%20Defesa/00a.jpg"
                },
                {
                    "href": "00b.jpg",
                    "text": " 00b.jpg",
                    "imageUrl": "http://thewalkingdead-online.com/hq/albums/HQ/05%20-%20A%20Melhor%20Defesa/29%20-%20A%20Melhor%20Defesa/00b.jpg"
                },
                {
                    "href": "03.jpg",
                    "text": " 03.jpg",
                    "imageUrl": "http://thewalkingdead-online.com/hq/albums/HQ/05%20-%20A%20Melhor%20Defesa/29%20-%20A%20Melhor%20Defesa/03.jpg"
                },
                {
                    "href": "04.jpg",
                    "text": " 04.jpg",
                    "imageUrl": "http://thewalkingdead-online.com/hq/albums/HQ/05%20-%20A%20Melhor%20Defesa/29%20-%20A%20Melhor%20Defesa/04.jpg"
                },
                {
                    "href": "05.jpg",
                    "text": " 05.jpg",
                    "imageUrl": "http://thewalkingdead-online.com/hq/albums/HQ/05%20-%20A%20Melhor%20Defesa/29%20-%20A%20Melhor%20Defesa/05.jpg"
                },
                {
                    "href": "06.jpg",
                    "text": " 06.jpg",
                    "imageUrl": "http://thewalkingdead-online.com/hq/albums/HQ/05%20-%20A%20Melhor%20Defesa/29%20-%20A%20Melhor%20Defesa/06.jpg"
                },
                {
                    "href": "07.jpg",
                    "text": " 07.jpg",
                    "imageUrl": "http://thewalkingdead-online.com/hq/albums/HQ/05%20-%20A%20Melhor%20Defesa/29%20-%20A%20Melhor%20Defesa/07.jpg"
                },
                {
                    "href": "08.jpg",
                    "text": " 08.jpg",
                    "imageUrl": "http://thewalkingdead-online.com/hq/albums/HQ/05%20-%20A%20Melhor%20Defesa/29%20-%20A%20Melhor%20Defesa/08.jpg"
                },
                {
                    "href": "09.jpg",
                    "text": " 09.jpg",
                    "imageUrl": "http://thewalkingdead-online.com/hq/albums/HQ/05%20-%20A%20Melhor%20Defesa/29%20-%20A%20Melhor%20Defesa/09.jpg"
                },
                {
                    "href": "10.jpg",
                    "text": " 10.jpg",
                    "imageUrl": "http://thewalkingdead-online.com/hq/albums/HQ/05%20-%20A%20Melhor%20Defesa/29%20-%20A%20Melhor%20Defesa/10.jpg"
                },
                {
                    "href": "11.jpg",
                    "text": " 11.jpg",
                    "imageUrl": "http://thewalkingdead-online.com/hq/albums/HQ/05%20-%20A%20Melhor%20Defesa/29%20-%20A%20Melhor%20Defesa/11.jpg"
                },
                {
                    "href": "12.jpg",
                    "text": " 12.jpg",
                    "imageUrl": "http://thewalkingdead-online.com/hq/albums/HQ/05%20-%20A%20Melhor%20Defesa/29%20-%20A%20Melhor%20Defesa/12.jpg"
                },
                {
                    "href": "13.jpg",
                    "text": " 13.jpg",
                    "imageUrl": "http://thewalkingdead-online.com/hq/albums/HQ/05%20-%20A%20Melhor%20Defesa/29%20-%20A%20Melhor%20Defesa/13.jpg"
                },
                {
                    "href": "14-15.jpg",
                    "text": " 14-15.jpg",
                    "imageUrl": "http://thewalkingdead-online.com/hq/albums/HQ/05%20-%20A%20Melhor%20Defesa/29%20-%20A%20Melhor%20Defesa/14-15.jpg"
                },
                {
                    "href": "16.jpg",
                    "text": " 16.jpg",
                    "imageUrl": "http://thewalkingdead-online.com/hq/albums/HQ/05%20-%20A%20Melhor%20Defesa/29%20-%20A%20Melhor%20Defesa/16.jpg"
                },
                {
                    "href": "17.jpg",
                    "text": " 17.jpg",
                    "imageUrl": "http://thewalkingdead-online.com/hq/albums/HQ/05%20-%20A%20Melhor%20Defesa/29%20-%20A%20Melhor%20Defesa/17.jpg"
                },
                {
                    "href": "18.jpg",
                    "text": " 18.jpg",
                    "imageUrl": "http://thewalkingdead-online.com/hq/albums/HQ/05%20-%20A%20Melhor%20Defesa/29%20-%20A%20Melhor%20Defesa/18.jpg"
                },
                {
                    "href": "19.jpg",
                    "text": " 19.jpg",
                    "imageUrl": "http://thewalkingdead-online.com/hq/albums/HQ/05%20-%20A%20Melhor%20Defesa/29%20-%20A%20Melhor%20Defesa/19.jpg"
                },
                {
                    "href": "20.jpg",
                    "text": " 20.jpg",
                    "imageUrl": "http://thewalkingdead-online.com/hq/albums/HQ/05%20-%20A%20Melhor%20Defesa/29%20-%20A%20Melhor%20Defesa/20.jpg"
                },
                {
                    "href": "21.jpg",
                    "text": " 21.jpg",
                    "imageUrl": "http://thewalkingdead-online.com/hq/albums/HQ/05%20-%20A%20Melhor%20Defesa/29%20-%20A%20Melhor%20Defesa/21.jpg"
                },
                {
                    "href": "22.jpg",
                    "text": " 22.jpg",
                    "imageUrl": "http://thewalkingdead-online.com/hq/albums/HQ/05%20-%20A%20Melhor%20Defesa/29%20-%20A%20Melhor%20Defesa/22.jpg"
                },
                {
                    "href": "23.jpg",
                    "text": " 23.jpg",
                    "imageUrl": "http://thewalkingdead-online.com/hq/albums/HQ/05%20-%20A%20Melhor%20Defesa/29%20-%20A%20Melhor%20Defesa/23.jpg"
                },
                {
                    "href": "24.jpg",
                    "text": " 24.jpg",
                    "imageUrl": "http://thewalkingdead-online.com/hq/albums/HQ/05%20-%20A%20Melhor%20Defesa/29%20-%20A%20Melhor%20Defesa/24.jpg"
                },
                {
                    "href": "25.jpg",
                    "text": " 25.jpg",
                    "imageUrl": "http://thewalkingdead-online.com/hq/albums/HQ/05%20-%20A%20Melhor%20Defesa/29%20-%20A%20Melhor%20Defesa/25.jpg"
                },
                {
                    "href": "26.jpg",
                    "text": " 26.jpg",
                    "imageUrl": "http://thewalkingdead-online.com/hq/albums/HQ/05%20-%20A%20Melhor%20Defesa/29%20-%20A%20Melhor%20Defesa/26.jpg"
                }
            ]
        },
        {
            "href": "30%20-%20A%20Melhor%20Defesa/",
            "text": " 30 - A Melhor Defesa/",
            "images": [
                {
                    "href": "00a.jpg",
                    "text": " 00a.jpg",
                    "imageUrl": "http://thewalkingdead-online.com/hq/albums/HQ/05%20-%20A%20Melhor%20Defesa/30%20-%20A%20Melhor%20Defesa/00a.jpg"
                },
                {
                    "href": "00b.jpg",
                    "text": " 00b.jpg",
                    "imageUrl": "http://thewalkingdead-online.com/hq/albums/HQ/05%20-%20A%20Melhor%20Defesa/30%20-%20A%20Melhor%20Defesa/00b.jpg"
                },
                {
                    "href": "01.jpg",
                    "text": " 01.jpg",
                    "imageUrl": "http://thewalkingdead-online.com/hq/albums/HQ/05%20-%20A%20Melhor%20Defesa/30%20-%20A%20Melhor%20Defesa/01.jpg"
                },
                {
                    "href": "02-03.jpg",
                    "text": " 02-03.jpg",
                    "imageUrl": "http://thewalkingdead-online.com/hq/albums/HQ/05%20-%20A%20Melhor%20Defesa/30%20-%20A%20Melhor%20Defesa/02-03.jpg"
                },
                {
                    "href": "04.jpg",
                    "text": " 04.jpg",
                    "imageUrl": "http://thewalkingdead-online.com/hq/albums/HQ/05%20-%20A%20Melhor%20Defesa/30%20-%20A%20Melhor%20Defesa/04.jpg"
                },
                {
                    "href": "05.jpg",
                    "text": " 05.jpg",
                    "imageUrl": "http://thewalkingdead-online.com/hq/albums/HQ/05%20-%20A%20Melhor%20Defesa/30%20-%20A%20Melhor%20Defesa/05.jpg"
                },
                {
                    "href": "06.jpg",
                    "text": " 06.jpg",
                    "imageUrl": "http://thewalkingdead-online.com/hq/albums/HQ/05%20-%20A%20Melhor%20Defesa/30%20-%20A%20Melhor%20Defesa/06.jpg"
                },
                {
                    "href": "07.jpg",
                    "text": " 07.jpg",
                    "imageUrl": "http://thewalkingdead-online.com/hq/albums/HQ/05%20-%20A%20Melhor%20Defesa/30%20-%20A%20Melhor%20Defesa/07.jpg"
                },
                {
                    "href": "08.jpg",
                    "text": " 08.jpg",
                    "imageUrl": "http://thewalkingdead-online.com/hq/albums/HQ/05%20-%20A%20Melhor%20Defesa/30%20-%20A%20Melhor%20Defesa/08.jpg"
                },
                {
                    "href": "09.jpg",
                    "text": " 09.jpg",
                    "imageUrl": "http://thewalkingdead-online.com/hq/albums/HQ/05%20-%20A%20Melhor%20Defesa/30%20-%20A%20Melhor%20Defesa/09.jpg"
                },
                {
                    "href": "10.jpg",
                    "text": " 10.jpg",
                    "imageUrl": "http://thewalkingdead-online.com/hq/albums/HQ/05%20-%20A%20Melhor%20Defesa/30%20-%20A%20Melhor%20Defesa/10.jpg"
                },
                {
                    "href": "11.jpg",
                    "text": " 11.jpg",
                    "imageUrl": "http://thewalkingdead-online.com/hq/albums/HQ/05%20-%20A%20Melhor%20Defesa/30%20-%20A%20Melhor%20Defesa/11.jpg"
                },
                {
                    "href": "12.jpg",
                    "text": " 12.jpg",
                    "imageUrl": "http://thewalkingdead-online.com/hq/albums/HQ/05%20-%20A%20Melhor%20Defesa/30%20-%20A%20Melhor%20Defesa/12.jpg"
                },
                {
                    "href": "13.jpg",
                    "text": " 13.jpg",
                    "imageUrl": "http://thewalkingdead-online.com/hq/albums/HQ/05%20-%20A%20Melhor%20Defesa/30%20-%20A%20Melhor%20Defesa/13.jpg"
                },
                {
                    "href": "14.jpg",
                    "text": " 14.jpg",
                    "imageUrl": "http://thewalkingdead-online.com/hq/albums/HQ/05%20-%20A%20Melhor%20Defesa/30%20-%20A%20Melhor%20Defesa/14.jpg"
                },
                {
                    "href": "15.jpg",
                    "text": " 15.jpg",
                    "imageUrl": "http://thewalkingdead-online.com/hq/albums/HQ/05%20-%20A%20Melhor%20Defesa/30%20-%20A%20Melhor%20Defesa/15.jpg"
                },
                {
                    "href": "16.jpg",
                    "text": " 16.jpg",
                    "imageUrl": "http://thewalkingdead-online.com/hq/albums/HQ/05%20-%20A%20Melhor%20Defesa/30%20-%20A%20Melhor%20Defesa/16.jpg"
                },
                {
                    "href": "17.jpg",
                    "text": " 17.jpg",
                    "imageUrl": "http://thewalkingdead-online.com/hq/albums/HQ/05%20-%20A%20Melhor%20Defesa/30%20-%20A%20Melhor%20Defesa/17.jpg"
                },
                {
                    "href": "18.jpg",
                    "text": " 18.jpg",
                    "imageUrl": "http://thewalkingdead-online.com/hq/albums/HQ/05%20-%20A%20Melhor%20Defesa/30%20-%20A%20Melhor%20Defesa/18.jpg"
                },
                {
                    "href": "19.jpg",
                    "text": " 19.jpg",
                    "imageUrl": "http://thewalkingdead-online.com/hq/albums/HQ/05%20-%20A%20Melhor%20Defesa/30%20-%20A%20Melhor%20Defesa/19.jpg"
                },
                {
                    "href": "20.jpg",
                    "text": " 20.jpg",
                    "imageUrl": "http://thewalkingdead-online.com/hq/albums/HQ/05%20-%20A%20Melhor%20Defesa/30%20-%20A%20Melhor%20Defesa/20.jpg"
                },
                {
                    "href": "21.jpg",
                    "text": " 21.jpg",
                    "imageUrl": "http://thewalkingdead-online.com/hq/albums/HQ/05%20-%20A%20Melhor%20Defesa/30%20-%20A%20Melhor%20Defesa/21.jpg"
                },
                {
                    "href": "22.jpg",
                    "text": " 22.jpg",
                    "imageUrl": "http://thewalkingdead-online.com/hq/albums/HQ/05%20-%20A%20Melhor%20Defesa/30%20-%20A%20Melhor%20Defesa/22.jpg"
                },
                {
                    "href": "26.jpg",
                    "text": " 26.jpg",
                    "imageUrl": "http://thewalkingdead-online.com/hq/albums/HQ/05%20-%20A%20Melhor%20Defesa/30%20-%20A%20Melhor%20Defesa/26.jpg"
                }
            ]
        }
    ]
}