{
    "href": "06%20-%20Esta%20Vida%20Infeliz/",
    "text": " 06 - Esta Vida Infeliz/",
    "chapters": [
        {
            "href": "31%20-%20Esta%20Vida%20Infeliz/",
            "text": " 31 - Esta Vida Infeliz/",
            "images": [
                {
                    "href": "00a.jpg",
                    "text": " 00a.jpg",
                    "imageUrl": "http://thewalkingdead-online.com/hq/albums/HQ/06%20-%20Esta%20Vida%20Infeliz/31%20-%20Esta%20Vida%20Infeliz/00a.jpg"
                },
                {
                    "href": "00b.jpg",
                    "text": " 00b.jpg",
                    "imageUrl": "http://thewalkingdead-online.com/hq/albums/HQ/06%20-%20Esta%20Vida%20Infeliz/31%20-%20Esta%20Vida%20Infeliz/00b.jpg"
                },
                {
                    "href": "01.jpg",
                    "text": " 01.jpg",
                    "imageUrl": "http://thewalkingdead-online.com/hq/albums/HQ/06%20-%20Esta%20Vida%20Infeliz/31%20-%20Esta%20Vida%20Infeliz/01.jpg"
                },
                {
                    "href": "02.jpg",
                    "text": " 02.jpg",
                    "imageUrl": "http://thewalkingdead-online.com/hq/albums/HQ/06%20-%20Esta%20Vida%20Infeliz/31%20-%20Esta%20Vida%20Infeliz/02.jpg"
                },
                {
                    "href": "03.jpg",
                    "text": " 03.jpg",
                    "imageUrl": "http://thewalkingdead-online.com/hq/albums/HQ/06%20-%20Esta%20Vida%20Infeliz/31%20-%20Esta%20Vida%20Infeliz/03.jpg"
                },
                {
                    "href": "04.jpg",
                    "text": " 04.jpg",
                    "imageUrl": "http://thewalkingdead-online.com/hq/albums/HQ/06%20-%20Esta%20Vida%20Infeliz/31%20-%20Esta%20Vida%20Infeliz/04.jpg"
                },
                {
                    "href": "05.jpg",
                    "text": " 05.jpg",
                    "imageUrl": "http://thewalkingdead-online.com/hq/albums/HQ/06%20-%20Esta%20Vida%20Infeliz/31%20-%20Esta%20Vida%20Infeliz/05.jpg"
                },
                {
                    "href": "06.jpg",
                    "text": " 06.jpg",
                    "imageUrl": "http://thewalkingdead-online.com/hq/albums/HQ/06%20-%20Esta%20Vida%20Infeliz/31%20-%20Esta%20Vida%20Infeliz/06.jpg"
                },
                {
                    "href": "07.jpg",
                    "text": " 07.jpg",
                    "imageUrl": "http://thewalkingdead-online.com/hq/albums/HQ/06%20-%20Esta%20Vida%20Infeliz/31%20-%20Esta%20Vida%20Infeliz/07.jpg"
                },
                {
                    "href": "08.jpg",
                    "text": " 08.jpg",
                    "imageUrl": "http://thewalkingdead-online.com/hq/albums/HQ/06%20-%20Esta%20Vida%20Infeliz/31%20-%20Esta%20Vida%20Infeliz/08.jpg"
                },
                {
                    "href": "09.jpg",
                    "text": " 09.jpg",
                    "imageUrl": "http://thewalkingdead-online.com/hq/albums/HQ/06%20-%20Esta%20Vida%20Infeliz/31%20-%20Esta%20Vida%20Infeliz/09.jpg"
                },
                {
                    "href": "10.jpg",
                    "text": " 10.jpg",
                    "imageUrl": "http://thewalkingdead-online.com/hq/albums/HQ/06%20-%20Esta%20Vida%20Infeliz/31%20-%20Esta%20Vida%20Infeliz/10.jpg"
                },
                {
                    "href": "11.jpg",
                    "text": " 11.jpg",
                    "imageUrl": "http://thewalkingdead-online.com/hq/albums/HQ/06%20-%20Esta%20Vida%20Infeliz/31%20-%20Esta%20Vida%20Infeliz/11.jpg"
                },
                {
                    "href": "12.jpg",
                    "text": " 12.jpg",
                    "imageUrl": "http://thewalkingdead-online.com/hq/albums/HQ/06%20-%20Esta%20Vida%20Infeliz/31%20-%20Esta%20Vida%20Infeliz/12.jpg"
                },
                {
                    "href": "13.jpg",
                    "text": " 13.jpg",
                    "imageUrl": "http://thewalkingdead-online.com/hq/albums/HQ/06%20-%20Esta%20Vida%20Infeliz/31%20-%20Esta%20Vida%20Infeliz/13.jpg"
                },
                {
                    "href": "14.jpg",
                    "text": " 14.jpg",
                    "imageUrl": "http://thewalkingdead-online.com/hq/albums/HQ/06%20-%20Esta%20Vida%20Infeliz/31%20-%20Esta%20Vida%20Infeliz/14.jpg"
                },
                {
                    "href": "15.jpg",
                    "text": " 15.jpg",
                    "imageUrl": "http://thewalkingdead-online.com/hq/albums/HQ/06%20-%20Esta%20Vida%20Infeliz/31%20-%20Esta%20Vida%20Infeliz/15.jpg"
                },
                {
                    "href": "16.jpg",
                    "text": " 16.jpg",
                    "imageUrl": "http://thewalkingdead-online.com/hq/albums/HQ/06%20-%20Esta%20Vida%20Infeliz/31%20-%20Esta%20Vida%20Infeliz/16.jpg"
                },
                {
                    "href": "17.jpg",
                    "text": " 17.jpg",
                    "imageUrl": "http://thewalkingdead-online.com/hq/albums/HQ/06%20-%20Esta%20Vida%20Infeliz/31%20-%20Esta%20Vida%20Infeliz/17.jpg"
                },
                {
                    "href": "18.jpg",
                    "text": " 18.jpg",
                    "imageUrl": "http://thewalkingdead-online.com/hq/albums/HQ/06%20-%20Esta%20Vida%20Infeliz/31%20-%20Esta%20Vida%20Infeliz/18.jpg"
                },
                {
                    "href": "19.jpg",
                    "text": " 19.jpg",
                    "imageUrl": "http://thewalkingdead-online.com/hq/albums/HQ/06%20-%20Esta%20Vida%20Infeliz/31%20-%20Esta%20Vida%20Infeliz/19.jpg"
                },
                {
                    "href": "20.jpg",
                    "text": " 20.jpg",
                    "imageUrl": "http://thewalkingdead-online.com/hq/albums/HQ/06%20-%20Esta%20Vida%20Infeliz/31%20-%20Esta%20Vida%20Infeliz/20.jpg"
                },
                {
                    "href": "21.jpg",
                    "text": " 21.jpg",
                    "imageUrl": "http://thewalkingdead-online.com/hq/albums/HQ/06%20-%20Esta%20Vida%20Infeliz/31%20-%20Esta%20Vida%20Infeliz/21.jpg"
                },
                {
                    "href": "22.jpg",
                    "text": " 22.jpg",
                    "imageUrl": "http://thewalkingdead-online.com/hq/albums/HQ/06%20-%20Esta%20Vida%20Infeliz/31%20-%20Esta%20Vida%20Infeliz/22.jpg"
                },
                {
                    "href": "26.jpg",
                    "text": " 26.jpg",
                    "imageUrl": "http://thewalkingdead-online.com/hq/albums/HQ/06%20-%20Esta%20Vida%20Infeliz/31%20-%20Esta%20Vida%20Infeliz/26.jpg"
                },
                {
                    "href": "34.jpg",
                    "text": " 34.jpg",
                    "imageUrl": "http://thewalkingdead-online.com/hq/albums/HQ/06%20-%20Esta%20Vida%20Infeliz/31%20-%20Esta%20Vida%20Infeliz/34.jpg"
                }
            ]
        },
        {
            "href": "32%20-%20Esta%20Vida%20Infeliz/",
            "text": " 32 - Esta Vida Infeliz/",
            "images": [
                {
                    "href": "00a.jpg",
                    "text": " 00a.jpg",
                    "imageUrl": "http://thewalkingdead-online.com/hq/albums/HQ/06%20-%20Esta%20Vida%20Infeliz/32%20-%20Esta%20Vida%20Infeliz/00a.jpg"
                },
                {
                    "href": "00b.jpg",
                    "text": " 00b.jpg",
                    "imageUrl": "http://thewalkingdead-online.com/hq/albums/HQ/06%20-%20Esta%20Vida%20Infeliz/32%20-%20Esta%20Vida%20Infeliz/00b.jpg"
                },
                {
                    "href": "01.jpg",
                    "text": " 01.jpg",
                    "imageUrl": "http://thewalkingdead-online.com/hq/albums/HQ/06%20-%20Esta%20Vida%20Infeliz/32%20-%20Esta%20Vida%20Infeliz/01.jpg"
                },
                {
                    "href": "02.jpg",
                    "text": " 02.jpg",
                    "imageUrl": "http://thewalkingdead-online.com/hq/albums/HQ/06%20-%20Esta%20Vida%20Infeliz/32%20-%20Esta%20Vida%20Infeliz/02.jpg"
                },
                {
                    "href": "03.jpg",
                    "text": " 03.jpg",
                    "imageUrl": "http://thewalkingdead-online.com/hq/albums/HQ/06%20-%20Esta%20Vida%20Infeliz/32%20-%20Esta%20Vida%20Infeliz/03.jpg"
                },
                {
                    "href": "04.jpg",
                    "text": " 04.jpg",
                    "imageUrl": "http://thewalkingdead-online.com/hq/albums/HQ/06%20-%20Esta%20Vida%20Infeliz/32%20-%20Esta%20Vida%20Infeliz/04.jpg"
                },
                {
                    "href": "05.jpg",
                    "text": " 05.jpg",
                    "imageUrl": "http://thewalkingdead-online.com/hq/albums/HQ/06%20-%20Esta%20Vida%20Infeliz/32%20-%20Esta%20Vida%20Infeliz/05.jpg"
                },
                {
                    "href": "06.jpg",
                    "text": " 06.jpg",
                    "imageUrl": "http://thewalkingdead-online.com/hq/albums/HQ/06%20-%20Esta%20Vida%20Infeliz/32%20-%20Esta%20Vida%20Infeliz/06.jpg"
                },
                {
                    "href": "07.jpg",
                    "text": " 07.jpg",
                    "imageUrl": "http://thewalkingdead-online.com/hq/albums/HQ/06%20-%20Esta%20Vida%20Infeliz/32%20-%20Esta%20Vida%20Infeliz/07.jpg"
                },
                {
                    "href": "08.jpg",
                    "text": " 08.jpg",
                    "imageUrl": "http://thewalkingdead-online.com/hq/albums/HQ/06%20-%20Esta%20Vida%20Infeliz/32%20-%20Esta%20Vida%20Infeliz/08.jpg"
                },
                {
                    "href": "09.jpg",
                    "text": " 09.jpg",
                    "imageUrl": "http://thewalkingdead-online.com/hq/albums/HQ/06%20-%20Esta%20Vida%20Infeliz/32%20-%20Esta%20Vida%20Infeliz/09.jpg"
                },
                {
                    "href": "10.jpg",
                    "text": " 10.jpg",
                    "imageUrl": "http://thewalkingdead-online.com/hq/albums/HQ/06%20-%20Esta%20Vida%20Infeliz/32%20-%20Esta%20Vida%20Infeliz/10.jpg"
                },
                {
                    "href": "11.jpg",
                    "text": " 11.jpg",
                    "imageUrl": "http://thewalkingdead-online.com/hq/albums/HQ/06%20-%20Esta%20Vida%20Infeliz/32%20-%20Esta%20Vida%20Infeliz/11.jpg"
                },
                {
                    "href": "12-13.jpg",
                    "text": " 12-13.jpg",
                    "imageUrl": "http://thewalkingdead-online.com/hq/albums/HQ/06%20-%20Esta%20Vida%20Infeliz/32%20-%20Esta%20Vida%20Infeliz/12-13.jpg"
                },
                {
                    "href": "14.jpg",
                    "text": " 14.jpg",
                    "imageUrl": "http://thewalkingdead-online.com/hq/albums/HQ/06%20-%20Esta%20Vida%20Infeliz/32%20-%20Esta%20Vida%20Infeliz/14.jpg"
                },
                {
                    "href": "15.jpg",
                    "text": " 15.jpg",
                    "imageUrl": "http://thewalkingdead-online.com/hq/albums/HQ/06%20-%20Esta%20Vida%20Infeliz/32%20-%20Esta%20Vida%20Infeliz/15.jpg"
                },
                {
                    "href": "16.jpg",
                    "text": " 16.jpg",
                    "imageUrl": "http://thewalkingdead-online.com/hq/albums/HQ/06%20-%20Esta%20Vida%20Infeliz/32%20-%20Esta%20Vida%20Infeliz/16.jpg"
                },
                {
                    "href": "17.jpg",
                    "text": " 17.jpg",
                    "imageUrl": "http://thewalkingdead-online.com/hq/albums/HQ/06%20-%20Esta%20Vida%20Infeliz/32%20-%20Esta%20Vida%20Infeliz/17.jpg"
                },
                {
                    "href": "18.jpg",
                    "text": " 18.jpg",
                    "imageUrl": "http://thewalkingdead-online.com/hq/albums/HQ/06%20-%20Esta%20Vida%20Infeliz/32%20-%20Esta%20Vida%20Infeliz/18.jpg"
                },
                {
                    "href": "19.jpg",
                    "text": " 19.jpg",
                    "imageUrl": "http://thewalkingdead-online.com/hq/albums/HQ/06%20-%20Esta%20Vida%20Infeliz/32%20-%20Esta%20Vida%20Infeliz/19.jpg"
                },
                {
                    "href": "20.jpg",
                    "text": " 20.jpg",
                    "imageUrl": "http://thewalkingdead-online.com/hq/albums/HQ/06%20-%20Esta%20Vida%20Infeliz/32%20-%20Esta%20Vida%20Infeliz/20.jpg"
                },
                {
                    "href": "21.jpg",
                    "text": " 21.jpg",
                    "imageUrl": "http://thewalkingdead-online.com/hq/albums/HQ/06%20-%20Esta%20Vida%20Infeliz/32%20-%20Esta%20Vida%20Infeliz/21.jpg"
                },
                {
                    "href": "22.jpg",
                    "text": " 22.jpg",
                    "imageUrl": "http://thewalkingdead-online.com/hq/albums/HQ/06%20-%20Esta%20Vida%20Infeliz/32%20-%20Esta%20Vida%20Infeliz/22.jpg"
                },
                {
                    "href": "26.jpg",
                    "text": " 26.jpg",
                    "imageUrl": "http://thewalkingdead-online.com/hq/albums/HQ/06%20-%20Esta%20Vida%20Infeliz/32%20-%20Esta%20Vida%20Infeliz/26.jpg"
                },
                {
                    "href": "34.jpg",
                    "text": " 34.jpg",
                    "imageUrl": "http://thewalkingdead-online.com/hq/albums/HQ/06%20-%20Esta%20Vida%20Infeliz/32%20-%20Esta%20Vida%20Infeliz/34.jpg"
                }
            ]
        },
        {
            "href": "33%20-%20Esta%20Vida%20Infeliz/",
            "text": " 33 - Esta Vida Infeliz/",
            "images": [
                {
                    "href": "00a.jpg",
                    "text": " 00a.jpg",
                    "imageUrl": "http://thewalkingdead-online.com/hq/albums/HQ/06%20-%20Esta%20Vida%20Infeliz/33%20-%20Esta%20Vida%20Infeliz/00a.jpg"
                },
                {
                    "href": "00b.jpg",
                    "text": " 00b.jpg",
                    "imageUrl": "http://thewalkingdead-online.com/hq/albums/HQ/06%20-%20Esta%20Vida%20Infeliz/33%20-%20Esta%20Vida%20Infeliz/00b.jpg"
                },
                {
                    "href": "01.jpg",
                    "text": " 01.jpg",
                    "imageUrl": "http://thewalkingdead-online.com/hq/albums/HQ/06%20-%20Esta%20Vida%20Infeliz/33%20-%20Esta%20Vida%20Infeliz/01.jpg"
                },
                {
                    "href": "02.jpg",
                    "text": " 02.jpg",
                    "imageUrl": "http://thewalkingdead-online.com/hq/albums/HQ/06%20-%20Esta%20Vida%20Infeliz/33%20-%20Esta%20Vida%20Infeliz/02.jpg"
                },
                {
                    "href": "03.jpg",
                    "text": " 03.jpg",
                    "imageUrl": "http://thewalkingdead-online.com/hq/albums/HQ/06%20-%20Esta%20Vida%20Infeliz/33%20-%20Esta%20Vida%20Infeliz/03.jpg"
                },
                {
                    "href": "04.jpg",
                    "text": " 04.jpg",
                    "imageUrl": "http://thewalkingdead-online.com/hq/albums/HQ/06%20-%20Esta%20Vida%20Infeliz/33%20-%20Esta%20Vida%20Infeliz/04.jpg"
                },
                {
                    "href": "05.jpg",
                    "text": " 05.jpg",
                    "imageUrl": "http://thewalkingdead-online.com/hq/albums/HQ/06%20-%20Esta%20Vida%20Infeliz/33%20-%20Esta%20Vida%20Infeliz/05.jpg"
                },
                {
                    "href": "06.jpg",
                    "text": " 06.jpg",
                    "imageUrl": "http://thewalkingdead-online.com/hq/albums/HQ/06%20-%20Esta%20Vida%20Infeliz/33%20-%20Esta%20Vida%20Infeliz/06.jpg"
                },
                {
                    "href": "07.jpg",
                    "text": " 07.jpg",
                    "imageUrl": "http://thewalkingdead-online.com/hq/albums/HQ/06%20-%20Esta%20Vida%20Infeliz/33%20-%20Esta%20Vida%20Infeliz/07.jpg"
                },
                {
                    "href": "08.jpg",
                    "text": " 08.jpg",
                    "imageUrl": "http://thewalkingdead-online.com/hq/albums/HQ/06%20-%20Esta%20Vida%20Infeliz/33%20-%20Esta%20Vida%20Infeliz/08.jpg"
                },
                {
                    "href": "09.jpg",
                    "text": " 09.jpg",
                    "imageUrl": "http://thewalkingdead-online.com/hq/albums/HQ/06%20-%20Esta%20Vida%20Infeliz/33%20-%20Esta%20Vida%20Infeliz/09.jpg"
                },
                {
                    "href": "10.jpg",
                    "text": " 10.jpg",
                    "imageUrl": "http://thewalkingdead-online.com/hq/albums/HQ/06%20-%20Esta%20Vida%20Infeliz/33%20-%20Esta%20Vida%20Infeliz/10.jpg"
                },
                {
                    "href": "11.jpg",
                    "text": " 11.jpg",
                    "imageUrl": "http://thewalkingdead-online.com/hq/albums/HQ/06%20-%20Esta%20Vida%20Infeliz/33%20-%20Esta%20Vida%20Infeliz/11.jpg"
                },
                {
                    "href": "12.jpg",
                    "text": " 12.jpg",
                    "imageUrl": "http://thewalkingdead-online.com/hq/albums/HQ/06%20-%20Esta%20Vida%20Infeliz/33%20-%20Esta%20Vida%20Infeliz/12.jpg"
                },
                {
                    "href": "13.jpg",
                    "text": " 13.jpg",
                    "imageUrl": "http://thewalkingdead-online.com/hq/albums/HQ/06%20-%20Esta%20Vida%20Infeliz/33%20-%20Esta%20Vida%20Infeliz/13.jpg"
                },
                {
                    "href": "14.jpg",
                    "text": " 14.jpg",
                    "imageUrl": "http://thewalkingdead-online.com/hq/albums/HQ/06%20-%20Esta%20Vida%20Infeliz/33%20-%20Esta%20Vida%20Infeliz/14.jpg"
                },
                {
                    "href": "15.jpg",
                    "text": " 15.jpg",
                    "imageUrl": "http://thewalkingdead-online.com/hq/albums/HQ/06%20-%20Esta%20Vida%20Infeliz/33%20-%20Esta%20Vida%20Infeliz/15.jpg"
                },
                {
                    "href": "16.jpg",
                    "text": " 16.jpg",
                    "imageUrl": "http://thewalkingdead-online.com/hq/albums/HQ/06%20-%20Esta%20Vida%20Infeliz/33%20-%20Esta%20Vida%20Infeliz/16.jpg"
                },
                {
                    "href": "17.jpg",
                    "text": " 17.jpg",
                    "imageUrl": "http://thewalkingdead-online.com/hq/albums/HQ/06%20-%20Esta%20Vida%20Infeliz/33%20-%20Esta%20Vida%20Infeliz/17.jpg"
                },
                {
                    "href": "18.jpg",
                    "text": " 18.jpg",
                    "imageUrl": "http://thewalkingdead-online.com/hq/albums/HQ/06%20-%20Esta%20Vida%20Infeliz/33%20-%20Esta%20Vida%20Infeliz/18.jpg"
                },
                {
                    "href": "19.jpg",
                    "text": " 19.jpg",
                    "imageUrl": "http://thewalkingdead-online.com/hq/albums/HQ/06%20-%20Esta%20Vida%20Infeliz/33%20-%20Esta%20Vida%20Infeliz/19.jpg"
                },
                {
                    "href": "20.jpg",
                    "text": " 20.jpg",
                    "imageUrl": "http://thewalkingdead-online.com/hq/albums/HQ/06%20-%20Esta%20Vida%20Infeliz/33%20-%20Esta%20Vida%20Infeliz/20.jpg"
                },
                {
                    "href": "21.jpg",
                    "text": " 21.jpg",
                    "imageUrl": "http://thewalkingdead-online.com/hq/albums/HQ/06%20-%20Esta%20Vida%20Infeliz/33%20-%20Esta%20Vida%20Infeliz/21.jpg"
                },
                {
                    "href": "22.jpg",
                    "text": " 22.jpg",
                    "imageUrl": "http://thewalkingdead-online.com/hq/albums/HQ/06%20-%20Esta%20Vida%20Infeliz/33%20-%20Esta%20Vida%20Infeliz/22.jpg"
                },
                {
                    "href": "26.jpg",
                    "text": " 26.jpg",
                    "imageUrl": "http://thewalkingdead-online.com/hq/albums/HQ/06%20-%20Esta%20Vida%20Infeliz/33%20-%20Esta%20Vida%20Infeliz/26.jpg"
                }
            ]
        },
        {
            "href": "34%20-%20Esta%20Vida%20Infeliz/",
            "text": " 34 - Esta Vida Infeliz/",
            "images": [
                {
                    "href": "00a.jpg",
                    "text": " 00a.jpg",
                    "imageUrl": "http://thewalkingdead-online.com/hq/albums/HQ/06%20-%20Esta%20Vida%20Infeliz/34%20-%20Esta%20Vida%20Infeliz/00a.jpg"
                },
                {
                    "href": "00b.jpg",
                    "text": " 00b.jpg",
                    "imageUrl": "http://thewalkingdead-online.com/hq/albums/HQ/06%20-%20Esta%20Vida%20Infeliz/34%20-%20Esta%20Vida%20Infeliz/00b.jpg"
                },
                {
                    "href": "01.jpg",
                    "text": " 01.jpg",
                    "imageUrl": "http://thewalkingdead-online.com/hq/albums/HQ/06%20-%20Esta%20Vida%20Infeliz/34%20-%20Esta%20Vida%20Infeliz/01.jpg"
                },
                {
                    "href": "02.jpg",
                    "text": " 02.jpg",
                    "imageUrl": "http://thewalkingdead-online.com/hq/albums/HQ/06%20-%20Esta%20Vida%20Infeliz/34%20-%20Esta%20Vida%20Infeliz/02.jpg"
                },
                {
                    "href": "03.jpg",
                    "text": " 03.jpg",
                    "imageUrl": "http://thewalkingdead-online.com/hq/albums/HQ/06%20-%20Esta%20Vida%20Infeliz/34%20-%20Esta%20Vida%20Infeliz/03.jpg"
                },
                {
                    "href": "04.jpg",
                    "text": " 04.jpg",
                    "imageUrl": "http://thewalkingdead-online.com/hq/albums/HQ/06%20-%20Esta%20Vida%20Infeliz/34%20-%20Esta%20Vida%20Infeliz/04.jpg"
                },
                {
                    "href": "05.jpg",
                    "text": " 05.jpg",
                    "imageUrl": "http://thewalkingdead-online.com/hq/albums/HQ/06%20-%20Esta%20Vida%20Infeliz/34%20-%20Esta%20Vida%20Infeliz/05.jpg"
                },
                {
                    "href": "06.jpg",
                    "text": " 06.jpg",
                    "imageUrl": "http://thewalkingdead-online.com/hq/albums/HQ/06%20-%20Esta%20Vida%20Infeliz/34%20-%20Esta%20Vida%20Infeliz/06.jpg"
                },
                {
                    "href": "07.jpg",
                    "text": " 07.jpg",
                    "imageUrl": "http://thewalkingdead-online.com/hq/albums/HQ/06%20-%20Esta%20Vida%20Infeliz/34%20-%20Esta%20Vida%20Infeliz/07.jpg"
                },
                {
                    "href": "08.jpg",
                    "text": " 08.jpg",
                    "imageUrl": "http://thewalkingdead-online.com/hq/albums/HQ/06%20-%20Esta%20Vida%20Infeliz/34%20-%20Esta%20Vida%20Infeliz/08.jpg"
                },
                {
                    "href": "09.jpg",
                    "text": " 09.jpg",
                    "imageUrl": "http://thewalkingdead-online.com/hq/albums/HQ/06%20-%20Esta%20Vida%20Infeliz/34%20-%20Esta%20Vida%20Infeliz/09.jpg"
                },
                {
                    "href": "10.jpg",
                    "text": " 10.jpg",
                    "imageUrl": "http://thewalkingdead-online.com/hq/albums/HQ/06%20-%20Esta%20Vida%20Infeliz/34%20-%20Esta%20Vida%20Infeliz/10.jpg"
                },
                {
                    "href": "11.jpg",
                    "text": " 11.jpg",
                    "imageUrl": "http://thewalkingdead-online.com/hq/albums/HQ/06%20-%20Esta%20Vida%20Infeliz/34%20-%20Esta%20Vida%20Infeliz/11.jpg"
                },
                {
                    "href": "12.jpg",
                    "text": " 12.jpg",
                    "imageUrl": "http://thewalkingdead-online.com/hq/albums/HQ/06%20-%20Esta%20Vida%20Infeliz/34%20-%20Esta%20Vida%20Infeliz/12.jpg"
                },
                {
                    "href": "13.jpg",
                    "text": " 13.jpg",
                    "imageUrl": "http://thewalkingdead-online.com/hq/albums/HQ/06%20-%20Esta%20Vida%20Infeliz/34%20-%20Esta%20Vida%20Infeliz/13.jpg"
                },
                {
                    "href": "14.jpg",
                    "text": " 14.jpg",
                    "imageUrl": "http://thewalkingdead-online.com/hq/albums/HQ/06%20-%20Esta%20Vida%20Infeliz/34%20-%20Esta%20Vida%20Infeliz/14.jpg"
                },
                {
                    "href": "15.jpg",
                    "text": " 15.jpg",
                    "imageUrl": "http://thewalkingdead-online.com/hq/albums/HQ/06%20-%20Esta%20Vida%20Infeliz/34%20-%20Esta%20Vida%20Infeliz/15.jpg"
                },
                {
                    "href": "16.jpg",
                    "text": " 16.jpg",
                    "imageUrl": "http://thewalkingdead-online.com/hq/albums/HQ/06%20-%20Esta%20Vida%20Infeliz/34%20-%20Esta%20Vida%20Infeliz/16.jpg"
                },
                {
                    "href": "17.jpg",
                    "text": " 17.jpg",
                    "imageUrl": "http://thewalkingdead-online.com/hq/albums/HQ/06%20-%20Esta%20Vida%20Infeliz/34%20-%20Esta%20Vida%20Infeliz/17.jpg"
                },
                {
                    "href": "18-19.jpg",
                    "text": " 18-19.jpg",
                    "imageUrl": "http://thewalkingdead-online.com/hq/albums/HQ/06%20-%20Esta%20Vida%20Infeliz/34%20-%20Esta%20Vida%20Infeliz/18-19.jpg"
                },
                {
                    "href": "20.jpg",
                    "text": " 20.jpg",
                    "imageUrl": "http://thewalkingdead-online.com/hq/albums/HQ/06%20-%20Esta%20Vida%20Infeliz/34%20-%20Esta%20Vida%20Infeliz/20.jpg"
                },
                {
                    "href": "21.jpg",
                    "text": " 21.jpg",
                    "imageUrl": "http://thewalkingdead-online.com/hq/albums/HQ/06%20-%20Esta%20Vida%20Infeliz/34%20-%20Esta%20Vida%20Infeliz/21.jpg"
                },
                {
                    "href": "22.jpg",
                    "text": " 22.jpg",
                    "imageUrl": "http://thewalkingdead-online.com/hq/albums/HQ/06%20-%20Esta%20Vida%20Infeliz/34%20-%20Esta%20Vida%20Infeliz/22.jpg"
                },
                {
                    "href": "23.jpg",
                    "text": " 23.jpg",
                    "imageUrl": "http://thewalkingdead-online.com/hq/albums/HQ/06%20-%20Esta%20Vida%20Infeliz/34%20-%20Esta%20Vida%20Infeliz/23.jpg"
                },
                {
                    "href": "24.jpg",
                    "text": " 24.jpg",
                    "imageUrl": "http://thewalkingdead-online.com/hq/albums/HQ/06%20-%20Esta%20Vida%20Infeliz/34%20-%20Esta%20Vida%20Infeliz/24.jpg"
                },
                {
                    "href": "25.jpg",
                    "text": " 25.jpg",
                    "imageUrl": "http://thewalkingdead-online.com/hq/albums/HQ/06%20-%20Esta%20Vida%20Infeliz/34%20-%20Esta%20Vida%20Infeliz/25.jpg"
                },
                {
                    "href": "26.jpg",
                    "text": " 26.jpg",
                    "imageUrl": "http://thewalkingdead-online.com/hq/albums/HQ/06%20-%20Esta%20Vida%20Infeliz/34%20-%20Esta%20Vida%20Infeliz/26.jpg"
                },
                {
                    "href": "27.jpg",
                    "text": " 27.jpg",
                    "imageUrl": "http://thewalkingdead-online.com/hq/albums/HQ/06%20-%20Esta%20Vida%20Infeliz/34%20-%20Esta%20Vida%20Infeliz/27.jpg"
                },
                {
                    "href": "28.jpg",
                    "text": " 28.jpg",
                    "imageUrl": "http://thewalkingdead-online.com/hq/albums/HQ/06%20-%20Esta%20Vida%20Infeliz/34%20-%20Esta%20Vida%20Infeliz/28.jpg"
                },
                {
                    "href": "29.jpg",
                    "text": " 29.jpg",
                    "imageUrl": "http://thewalkingdead-online.com/hq/albums/HQ/06%20-%20Esta%20Vida%20Infeliz/34%20-%20Esta%20Vida%20Infeliz/29.jpg"
                }
            ]
        },
        {
            "href": "35%20-%20Esta%20Vida%20Infeliz/",
            "text": " 35 - Esta Vida Infeliz/",
            "images": [
                {
                    "href": "00.jpg",
                    "text": " 00.jpg",
                    "imageUrl": "http://thewalkingdead-online.com/hq/albums/HQ/06%20-%20Esta%20Vida%20Infeliz/35%20-%20Esta%20Vida%20Infeliz/00.jpg"
                },
                {
                    "href": "01.jpg",
                    "text": " 01.jpg",
                    "imageUrl": "http://thewalkingdead-online.com/hq/albums/HQ/06%20-%20Esta%20Vida%20Infeliz/35%20-%20Esta%20Vida%20Infeliz/01.jpg"
                },
                {
                    "href": "02.jpg",
                    "text": " 02.jpg",
                    "imageUrl": "http://thewalkingdead-online.com/hq/albums/HQ/06%20-%20Esta%20Vida%20Infeliz/35%20-%20Esta%20Vida%20Infeliz/02.jpg"
                },
                {
                    "href": "03.jpg",
                    "text": " 03.jpg",
                    "imageUrl": "http://thewalkingdead-online.com/hq/albums/HQ/06%20-%20Esta%20Vida%20Infeliz/35%20-%20Esta%20Vida%20Infeliz/03.jpg"
                },
                {
                    "href": "04.jpg",
                    "text": " 04.jpg",
                    "imageUrl": "http://thewalkingdead-online.com/hq/albums/HQ/06%20-%20Esta%20Vida%20Infeliz/35%20-%20Esta%20Vida%20Infeliz/04.jpg"
                },
                {
                    "href": "05.jpg",
                    "text": " 05.jpg",
                    "imageUrl": "http://thewalkingdead-online.com/hq/albums/HQ/06%20-%20Esta%20Vida%20Infeliz/35%20-%20Esta%20Vida%20Infeliz/05.jpg"
                },
                {
                    "href": "06.jpg",
                    "text": " 06.jpg",
                    "imageUrl": "http://thewalkingdead-online.com/hq/albums/HQ/06%20-%20Esta%20Vida%20Infeliz/35%20-%20Esta%20Vida%20Infeliz/06.jpg"
                },
                {
                    "href": "07.jpg",
                    "text": " 07.jpg",
                    "imageUrl": "http://thewalkingdead-online.com/hq/albums/HQ/06%20-%20Esta%20Vida%20Infeliz/35%20-%20Esta%20Vida%20Infeliz/07.jpg"
                },
                {
                    "href": "08.jpg",
                    "text": " 08.jpg",
                    "imageUrl": "http://thewalkingdead-online.com/hq/albums/HQ/06%20-%20Esta%20Vida%20Infeliz/35%20-%20Esta%20Vida%20Infeliz/08.jpg"
                },
                {
                    "href": "09.jpg",
                    "text": " 09.jpg",
                    "imageUrl": "http://thewalkingdead-online.com/hq/albums/HQ/06%20-%20Esta%20Vida%20Infeliz/35%20-%20Esta%20Vida%20Infeliz/09.jpg"
                },
                {
                    "href": "10.jpg",
                    "text": " 10.jpg",
                    "imageUrl": "http://thewalkingdead-online.com/hq/albums/HQ/06%20-%20Esta%20Vida%20Infeliz/35%20-%20Esta%20Vida%20Infeliz/10.jpg"
                },
                {
                    "href": "11.jpg",
                    "text": " 11.jpg",
                    "imageUrl": "http://thewalkingdead-online.com/hq/albums/HQ/06%20-%20Esta%20Vida%20Infeliz/35%20-%20Esta%20Vida%20Infeliz/11.jpg"
                },
                {
                    "href": "12.jpg",
                    "text": " 12.jpg",
                    "imageUrl": "http://thewalkingdead-online.com/hq/albums/HQ/06%20-%20Esta%20Vida%20Infeliz/35%20-%20Esta%20Vida%20Infeliz/12.jpg"
                },
                {
                    "href": "13.jpg",
                    "text": " 13.jpg",
                    "imageUrl": "http://thewalkingdead-online.com/hq/albums/HQ/06%20-%20Esta%20Vida%20Infeliz/35%20-%20Esta%20Vida%20Infeliz/13.jpg"
                },
                {
                    "href": "14.jpg",
                    "text": " 14.jpg",
                    "imageUrl": "http://thewalkingdead-online.com/hq/albums/HQ/06%20-%20Esta%20Vida%20Infeliz/35%20-%20Esta%20Vida%20Infeliz/14.jpg"
                },
                {
                    "href": "15.jpg",
                    "text": " 15.jpg",
                    "imageUrl": "http://thewalkingdead-online.com/hq/albums/HQ/06%20-%20Esta%20Vida%20Infeliz/35%20-%20Esta%20Vida%20Infeliz/15.jpg"
                },
                {
                    "href": "16.jpg",
                    "text": " 16.jpg",
                    "imageUrl": "http://thewalkingdead-online.com/hq/albums/HQ/06%20-%20Esta%20Vida%20Infeliz/35%20-%20Esta%20Vida%20Infeliz/16.jpg"
                },
                {
                    "href": "17.jpg",
                    "text": " 17.jpg",
                    "imageUrl": "http://thewalkingdead-online.com/hq/albums/HQ/06%20-%20Esta%20Vida%20Infeliz/35%20-%20Esta%20Vida%20Infeliz/17.jpg"
                },
                {
                    "href": "18.jpg",
                    "text": " 18.jpg",
                    "imageUrl": "http://thewalkingdead-online.com/hq/albums/HQ/06%20-%20Esta%20Vida%20Infeliz/35%20-%20Esta%20Vida%20Infeliz/18.jpg"
                },
                {
                    "href": "19.jpg",
                    "text": " 19.jpg",
                    "imageUrl": "http://thewalkingdead-online.com/hq/albums/HQ/06%20-%20Esta%20Vida%20Infeliz/35%20-%20Esta%20Vida%20Infeliz/19.jpg"
                },
                {
                    "href": "20.jpg",
                    "text": " 20.jpg",
                    "imageUrl": "http://thewalkingdead-online.com/hq/albums/HQ/06%20-%20Esta%20Vida%20Infeliz/35%20-%20Esta%20Vida%20Infeliz/20.jpg"
                },
                {
                    "href": "21.jpg",
                    "text": " 21.jpg",
                    "imageUrl": "http://thewalkingdead-online.com/hq/albums/HQ/06%20-%20Esta%20Vida%20Infeliz/35%20-%20Esta%20Vida%20Infeliz/21.jpg"
                },
                {
                    "href": "22.jpg",
                    "text": " 22.jpg",
                    "imageUrl": "http://thewalkingdead-online.com/hq/albums/HQ/06%20-%20Esta%20Vida%20Infeliz/35%20-%20Esta%20Vida%20Infeliz/22.jpg"
                },
                {
                    "href": "23.jpg",
                    "text": " 23.jpg",
                    "imageUrl": "http://thewalkingdead-online.com/hq/albums/HQ/06%20-%20Esta%20Vida%20Infeliz/35%20-%20Esta%20Vida%20Infeliz/23.jpg"
                },
                {
                    "href": "26.jpg",
                    "text": " 26.jpg",
                    "imageUrl": "http://thewalkingdead-online.com/hq/albums/HQ/06%20-%20Esta%20Vida%20Infeliz/35%20-%20Esta%20Vida%20Infeliz/26.jpg"
                },
                {
                    "href": "35.jpg",
                    "text": " 35.jpg",
                    "imageUrl": "http://thewalkingdead-online.com/hq/albums/HQ/06%20-%20Esta%20Vida%20Infeliz/35%20-%20Esta%20Vida%20Infeliz/35.jpg"
                }
            ]
        },
        {
            "href": "36%20-%20Esta%20Vida%20Infeliz/",
            "text": " 36 - Esta Vida Infeliz/",
            "images": [
                {
                    "href": "00.jpg",
                    "text": " 00.jpg",
                    "imageUrl": "http://thewalkingdead-online.com/hq/albums/HQ/06%20-%20Esta%20Vida%20Infeliz/36%20-%20Esta%20Vida%20Infeliz/00.jpg"
                },
                {
                    "href": "01.jpg",
                    "text": " 01.jpg",
                    "imageUrl": "http://thewalkingdead-online.com/hq/albums/HQ/06%20-%20Esta%20Vida%20Infeliz/36%20-%20Esta%20Vida%20Infeliz/01.jpg"
                },
                {
                    "href": "02.jpg",
                    "text": " 02.jpg",
                    "imageUrl": "http://thewalkingdead-online.com/hq/albums/HQ/06%20-%20Esta%20Vida%20Infeliz/36%20-%20Esta%20Vida%20Infeliz/02.jpg"
                },
                {
                    "href": "03.jpg",
                    "text": " 03.jpg",
                    "imageUrl": "http://thewalkingdead-online.com/hq/albums/HQ/06%20-%20Esta%20Vida%20Infeliz/36%20-%20Esta%20Vida%20Infeliz/03.jpg"
                },
                {
                    "href": "04.jpg",
                    "text": " 04.jpg",
                    "imageUrl": "http://thewalkingdead-online.com/hq/albums/HQ/06%20-%20Esta%20Vida%20Infeliz/36%20-%20Esta%20Vida%20Infeliz/04.jpg"
                },
                {
                    "href": "05.jpg",
                    "text": " 05.jpg",
                    "imageUrl": "http://thewalkingdead-online.com/hq/albums/HQ/06%20-%20Esta%20Vida%20Infeliz/36%20-%20Esta%20Vida%20Infeliz/05.jpg"
                },
                {
                    "href": "06.jpg",
                    "text": " 06.jpg",
                    "imageUrl": "http://thewalkingdead-online.com/hq/albums/HQ/06%20-%20Esta%20Vida%20Infeliz/36%20-%20Esta%20Vida%20Infeliz/06.jpg"
                },
                {
                    "href": "07.jpg",
                    "text": " 07.jpg",
                    "imageUrl": "http://thewalkingdead-online.com/hq/albums/HQ/06%20-%20Esta%20Vida%20Infeliz/36%20-%20Esta%20Vida%20Infeliz/07.jpg"
                },
                {
                    "href": "08.jpg",
                    "text": " 08.jpg",
                    "imageUrl": "http://thewalkingdead-online.com/hq/albums/HQ/06%20-%20Esta%20Vida%20Infeliz/36%20-%20Esta%20Vida%20Infeliz/08.jpg"
                },
                {
                    "href": "09.jpg",
                    "text": " 09.jpg",
                    "imageUrl": "http://thewalkingdead-online.com/hq/albums/HQ/06%20-%20Esta%20Vida%20Infeliz/36%20-%20Esta%20Vida%20Infeliz/09.jpg"
                },
                {
                    "href": "10.jpg",
                    "text": " 10.jpg",
                    "imageUrl": "http://thewalkingdead-online.com/hq/albums/HQ/06%20-%20Esta%20Vida%20Infeliz/36%20-%20Esta%20Vida%20Infeliz/10.jpg"
                },
                {
                    "href": "11.jpg",
                    "text": " 11.jpg",
                    "imageUrl": "http://thewalkingdead-online.com/hq/albums/HQ/06%20-%20Esta%20Vida%20Infeliz/36%20-%20Esta%20Vida%20Infeliz/11.jpg"
                },
                {
                    "href": "12.jpg",
                    "text": " 12.jpg",
                    "imageUrl": "http://thewalkingdead-online.com/hq/albums/HQ/06%20-%20Esta%20Vida%20Infeliz/36%20-%20Esta%20Vida%20Infeliz/12.jpg"
                },
                {
                    "href": "13.jpg",
                    "text": " 13.jpg",
                    "imageUrl": "http://thewalkingdead-online.com/hq/albums/HQ/06%20-%20Esta%20Vida%20Infeliz/36%20-%20Esta%20Vida%20Infeliz/13.jpg"
                },
                {
                    "href": "14.jpg",
                    "text": " 14.jpg",
                    "imageUrl": "http://thewalkingdead-online.com/hq/albums/HQ/06%20-%20Esta%20Vida%20Infeliz/36%20-%20Esta%20Vida%20Infeliz/14.jpg"
                },
                {
                    "href": "15.jpg",
                    "text": " 15.jpg",
                    "imageUrl": "http://thewalkingdead-online.com/hq/albums/HQ/06%20-%20Esta%20Vida%20Infeliz/36%20-%20Esta%20Vida%20Infeliz/15.jpg"
                },
                {
                    "href": "16.jpg",
                    "text": " 16.jpg",
                    "imageUrl": "http://thewalkingdead-online.com/hq/albums/HQ/06%20-%20Esta%20Vida%20Infeliz/36%20-%20Esta%20Vida%20Infeliz/16.jpg"
                },
                {
                    "href": "17.jpg",
                    "text": " 17.jpg",
                    "imageUrl": "http://thewalkingdead-online.com/hq/albums/HQ/06%20-%20Esta%20Vida%20Infeliz/36%20-%20Esta%20Vida%20Infeliz/17.jpg"
                },
                {
                    "href": "18.jpg",
                    "text": " 18.jpg",
                    "imageUrl": "http://thewalkingdead-online.com/hq/albums/HQ/06%20-%20Esta%20Vida%20Infeliz/36%20-%20Esta%20Vida%20Infeliz/18.jpg"
                },
                {
                    "href": "19.jpg",
                    "text": " 19.jpg",
                    "imageUrl": "http://thewalkingdead-online.com/hq/albums/HQ/06%20-%20Esta%20Vida%20Infeliz/36%20-%20Esta%20Vida%20Infeliz/19.jpg"
                },
                {
                    "href": "20.jpg",
                    "text": " 20.jpg",
                    "imageUrl": "http://thewalkingdead-online.com/hq/albums/HQ/06%20-%20Esta%20Vida%20Infeliz/36%20-%20Esta%20Vida%20Infeliz/20.jpg"
                },
                {
                    "href": "26.jpg",
                    "text": " 26.jpg",
                    "imageUrl": "http://thewalkingdead-online.com/hq/albums/HQ/06%20-%20Esta%20Vida%20Infeliz/36%20-%20Esta%20Vida%20Infeliz/26.jpg"
                },
                {
                    "href": "29.jpg",
                    "text": " 29.jpg",
                    "imageUrl": "http://thewalkingdead-online.com/hq/albums/HQ/06%20-%20Esta%20Vida%20Infeliz/36%20-%20Esta%20Vida%20Infeliz/29.jpg"
                }
            ]
        }
    ]
}