{
    "href": "07%20-%20Calmaria%20Que%20Antecede/",
    "text": " 07 - Calmaria Que Antecede/",
    "chapters": [
        {
            "href": "37%20-%20Calmaria%20Que%20Antecede/",
            "text": " 37 - Calmaria Que Antecede/",
            "images": [
                {
                    "href": "00.jpg",
                    "text": " 00.jpg",
                    "imageUrl": "http://thewalkingdead-online.com/hq/albums/HQ/07%20-%20Calmaria%20Que%20Antecede/37%20-%20Calmaria%20Que%20Antecede/00.jpg"
                },
                {
                    "href": "01.jpg",
                    "text": " 01.jpg",
                    "imageUrl": "http://thewalkingdead-online.com/hq/albums/HQ/07%20-%20Calmaria%20Que%20Antecede/37%20-%20Calmaria%20Que%20Antecede/01.jpg"
                },
                {
                    "href": "02.jpg",
                    "text": " 02.jpg",
                    "imageUrl": "http://thewalkingdead-online.com/hq/albums/HQ/07%20-%20Calmaria%20Que%20Antecede/37%20-%20Calmaria%20Que%20Antecede/02.jpg"
                },
                {
                    "href": "03.jpg",
                    "text": " 03.jpg",
                    "imageUrl": "http://thewalkingdead-online.com/hq/albums/HQ/07%20-%20Calmaria%20Que%20Antecede/37%20-%20Calmaria%20Que%20Antecede/03.jpg"
                },
                {
                    "href": "04.jpg",
                    "text": " 04.jpg",
                    "imageUrl": "http://thewalkingdead-online.com/hq/albums/HQ/07%20-%20Calmaria%20Que%20Antecede/37%20-%20Calmaria%20Que%20Antecede/04.jpg"
                },
                {
                    "href": "05.jpg",
                    "text": " 05.jpg",
                    "imageUrl": "http://thewalkingdead-online.com/hq/albums/HQ/07%20-%20Calmaria%20Que%20Antecede/37%20-%20Calmaria%20Que%20Antecede/05.jpg"
                },
                {
                    "href": "06.jpg",
                    "text": " 06.jpg",
                    "imageUrl": "http://thewalkingdead-online.com/hq/albums/HQ/07%20-%20Calmaria%20Que%20Antecede/37%20-%20Calmaria%20Que%20Antecede/06.jpg"
                },
                {
                    "href": "07.jpg",
                    "text": " 07.jpg",
                    "imageUrl": "http://thewalkingdead-online.com/hq/albums/HQ/07%20-%20Calmaria%20Que%20Antecede/37%20-%20Calmaria%20Que%20Antecede/07.jpg"
                },
                {
                    "href": "08.jpg",
                    "text": " 08.jpg",
                    "imageUrl": "http://thewalkingdead-online.com/hq/albums/HQ/07%20-%20Calmaria%20Que%20Antecede/37%20-%20Calmaria%20Que%20Antecede/08.jpg"
                },
                {
                    "href": "09.jpg",
                    "text": " 09.jpg",
                    "imageUrl": "http://thewalkingdead-online.com/hq/albums/HQ/07%20-%20Calmaria%20Que%20Antecede/37%20-%20Calmaria%20Que%20Antecede/09.jpg"
                },
                {
                    "href": "10.jpg",
                    "text": " 10.jpg",
                    "imageUrl": "http://thewalkingdead-online.com/hq/albums/HQ/07%20-%20Calmaria%20Que%20Antecede/37%20-%20Calmaria%20Que%20Antecede/10.jpg"
                },
                {
                    "href": "11.jpg",
                    "text": " 11.jpg",
                    "imageUrl": "http://thewalkingdead-online.com/hq/albums/HQ/07%20-%20Calmaria%20Que%20Antecede/37%20-%20Calmaria%20Que%20Antecede/11.jpg"
                },
                {
                    "href": "12.jpg",
                    "text": " 12.jpg",
                    "imageUrl": "http://thewalkingdead-online.com/hq/albums/HQ/07%20-%20Calmaria%20Que%20Antecede/37%20-%20Calmaria%20Que%20Antecede/12.jpg"
                },
                {
                    "href": "13.jpg",
                    "text": " 13.jpg",
                    "imageUrl": "http://thewalkingdead-online.com/hq/albums/HQ/07%20-%20Calmaria%20Que%20Antecede/37%20-%20Calmaria%20Que%20Antecede/13.jpg"
                },
                {
                    "href": "14.jpg",
                    "text": " 14.jpg",
                    "imageUrl": "http://thewalkingdead-online.com/hq/albums/HQ/07%20-%20Calmaria%20Que%20Antecede/37%20-%20Calmaria%20Que%20Antecede/14.jpg"
                },
                {
                    "href": "15.jpg",
                    "text": " 15.jpg",
                    "imageUrl": "http://thewalkingdead-online.com/hq/albums/HQ/07%20-%20Calmaria%20Que%20Antecede/37%20-%20Calmaria%20Que%20Antecede/15.jpg"
                },
                {
                    "href": "16.jpg",
                    "text": " 16.jpg",
                    "imageUrl": "http://thewalkingdead-online.com/hq/albums/HQ/07%20-%20Calmaria%20Que%20Antecede/37%20-%20Calmaria%20Que%20Antecede/16.jpg"
                },
                {
                    "href": "17.jpg",
                    "text": " 17.jpg",
                    "imageUrl": "http://thewalkingdead-online.com/hq/albums/HQ/07%20-%20Calmaria%20Que%20Antecede/37%20-%20Calmaria%20Que%20Antecede/17.jpg"
                },
                {
                    "href": "18.jpg",
                    "text": " 18.jpg",
                    "imageUrl": "http://thewalkingdead-online.com/hq/albums/HQ/07%20-%20Calmaria%20Que%20Antecede/37%20-%20Calmaria%20Que%20Antecede/18.jpg"
                },
                {
                    "href": "19.jpg",
                    "text": " 19.jpg",
                    "imageUrl": "http://thewalkingdead-online.com/hq/albums/HQ/07%20-%20Calmaria%20Que%20Antecede/37%20-%20Calmaria%20Que%20Antecede/19.jpg"
                },
                {
                    "href": "20.jpg",
                    "text": " 20.jpg",
                    "imageUrl": "http://thewalkingdead-online.com/hq/albums/HQ/07%20-%20Calmaria%20Que%20Antecede/37%20-%20Calmaria%20Que%20Antecede/20.jpg"
                },
                {
                    "href": "21.jpg",
                    "text": " 21.jpg",
                    "imageUrl": "http://thewalkingdead-online.com/hq/albums/HQ/07%20-%20Calmaria%20Que%20Antecede/37%20-%20Calmaria%20Que%20Antecede/21.jpg"
                },
                {
                    "href": "26.jpg",
                    "text": " 26.jpg",
                    "imageUrl": "http://thewalkingdead-online.com/hq/albums/HQ/07%20-%20Calmaria%20Que%20Antecede/37%20-%20Calmaria%20Que%20Antecede/26.jpg"
                },
                {
                    "href": "27.jpg",
                    "text": " 27.jpg",
                    "imageUrl": "http://thewalkingdead-online.com/hq/albums/HQ/07%20-%20Calmaria%20Que%20Antecede/37%20-%20Calmaria%20Que%20Antecede/27.jpg"
                }
            ]
        },
        {
            "href": "38%20-%20Calmaria%20Que%20Antecede/",
            "text": " 38 - Calmaria Que Antecede/",
            "images": [
                {
                    "href": "01.jpg",
                    "text": " 01.jpg",
                    "imageUrl": "http://thewalkingdead-online.com/hq/albums/HQ/07%20-%20Calmaria%20Que%20Antecede/38%20-%20Calmaria%20Que%20Antecede/01.jpg"
                },
                {
                    "href": "02.jpg",
                    "text": " 02.jpg",
                    "imageUrl": "http://thewalkingdead-online.com/hq/albums/HQ/07%20-%20Calmaria%20Que%20Antecede/38%20-%20Calmaria%20Que%20Antecede/02.jpg"
                },
                {
                    "href": "03.jpg",
                    "text": " 03.jpg",
                    "imageUrl": "http://thewalkingdead-online.com/hq/albums/HQ/07%20-%20Calmaria%20Que%20Antecede/38%20-%20Calmaria%20Que%20Antecede/03.jpg"
                },
                {
                    "href": "04.jpg",
                    "text": " 04.jpg",
                    "imageUrl": "http://thewalkingdead-online.com/hq/albums/HQ/07%20-%20Calmaria%20Que%20Antecede/38%20-%20Calmaria%20Que%20Antecede/04.jpg"
                },
                {
                    "href": "05.jpg",
                    "text": " 05.jpg",
                    "imageUrl": "http://thewalkingdead-online.com/hq/albums/HQ/07%20-%20Calmaria%20Que%20Antecede/38%20-%20Calmaria%20Que%20Antecede/05.jpg"
                },
                {
                    "href": "06.jpg",
                    "text": " 06.jpg",
                    "imageUrl": "http://thewalkingdead-online.com/hq/albums/HQ/07%20-%20Calmaria%20Que%20Antecede/38%20-%20Calmaria%20Que%20Antecede/06.jpg"
                },
                {
                    "href": "07.jpg",
                    "text": " 07.jpg",
                    "imageUrl": "http://thewalkingdead-online.com/hq/albums/HQ/07%20-%20Calmaria%20Que%20Antecede/38%20-%20Calmaria%20Que%20Antecede/07.jpg"
                },
                {
                    "href": "08.jpg",
                    "text": " 08.jpg",
                    "imageUrl": "http://thewalkingdead-online.com/hq/albums/HQ/07%20-%20Calmaria%20Que%20Antecede/38%20-%20Calmaria%20Que%20Antecede/08.jpg"
                },
                {
                    "href": "09.jpg",
                    "text": " 09.jpg",
                    "imageUrl": "http://thewalkingdead-online.com/hq/albums/HQ/07%20-%20Calmaria%20Que%20Antecede/38%20-%20Calmaria%20Que%20Antecede/09.jpg"
                },
                {
                    "href": "10.jpg",
                    "text": " 10.jpg",
                    "imageUrl": "http://thewalkingdead-online.com/hq/albums/HQ/07%20-%20Calmaria%20Que%20Antecede/38%20-%20Calmaria%20Que%20Antecede/10.jpg"
                },
                {
                    "href": "11.jpg",
                    "text": " 11.jpg",
                    "imageUrl": "http://thewalkingdead-online.com/hq/albums/HQ/07%20-%20Calmaria%20Que%20Antecede/38%20-%20Calmaria%20Que%20Antecede/11.jpg"
                },
                {
                    "href": "12.jpg",
                    "text": " 12.jpg",
                    "imageUrl": "http://thewalkingdead-online.com/hq/albums/HQ/07%20-%20Calmaria%20Que%20Antecede/38%20-%20Calmaria%20Que%20Antecede/12.jpg"
                },
                {
                    "href": "13.jpg",
                    "text": " 13.jpg",
                    "imageUrl": "http://thewalkingdead-online.com/hq/albums/HQ/07%20-%20Calmaria%20Que%20Antecede/38%20-%20Calmaria%20Que%20Antecede/13.jpg"
                },
                {
                    "href": "15.jpg",
                    "text": " 15.jpg",
                    "imageUrl": "http://thewalkingdead-online.com/hq/albums/HQ/07%20-%20Calmaria%20Que%20Antecede/38%20-%20Calmaria%20Que%20Antecede/15.jpg"
                },
                {
                    "href": "16.jpg",
                    "text": " 16.jpg",
                    "imageUrl": "http://thewalkingdead-online.com/hq/albums/HQ/07%20-%20Calmaria%20Que%20Antecede/38%20-%20Calmaria%20Que%20Antecede/16.jpg"
                },
                {
                    "href": "17.jpg",
                    "text": " 17.jpg",
                    "imageUrl": "http://thewalkingdead-online.com/hq/albums/HQ/07%20-%20Calmaria%20Que%20Antecede/38%20-%20Calmaria%20Que%20Antecede/17.jpg"
                },
                {
                    "href": "18.jpg",
                    "text": " 18.jpg",
                    "imageUrl": "http://thewalkingdead-online.com/hq/albums/HQ/07%20-%20Calmaria%20Que%20Antecede/38%20-%20Calmaria%20Que%20Antecede/18.jpg"
                },
                {
                    "href": "19.jpg",
                    "text": " 19.jpg",
                    "imageUrl": "http://thewalkingdead-online.com/hq/albums/HQ/07%20-%20Calmaria%20Que%20Antecede/38%20-%20Calmaria%20Que%20Antecede/19.jpg"
                },
                {
                    "href": "20.jpg",
                    "text": " 20.jpg",
                    "imageUrl": "http://thewalkingdead-online.com/hq/albums/HQ/07%20-%20Calmaria%20Que%20Antecede/38%20-%20Calmaria%20Que%20Antecede/20.jpg"
                },
                {
                    "href": "21.jpg",
                    "text": " 21.jpg",
                    "imageUrl": "http://thewalkingdead-online.com/hq/albums/HQ/07%20-%20Calmaria%20Que%20Antecede/38%20-%20Calmaria%20Que%20Antecede/21.jpg"
                },
                {
                    "href": "22.jpg",
                    "text": " 22.jpg",
                    "imageUrl": "http://thewalkingdead-online.com/hq/albums/HQ/07%20-%20Calmaria%20Que%20Antecede/38%20-%20Calmaria%20Que%20Antecede/22.jpg"
                },
                {
                    "href": "23.jpg",
                    "text": " 23.jpg",
                    "imageUrl": "http://thewalkingdead-online.com/hq/albums/HQ/07%20-%20Calmaria%20Que%20Antecede/38%20-%20Calmaria%20Que%20Antecede/23.jpg"
                },
                {
                    "href": "24.jpg",
                    "text": " 24.jpg",
                    "imageUrl": "http://thewalkingdead-online.com/hq/albums/HQ/07%20-%20Calmaria%20Que%20Antecede/38%20-%20Calmaria%20Que%20Antecede/24.jpg"
                },
                {
                    "href": "26.jpg",
                    "text": " 26.jpg",
                    "imageUrl": "http://thewalkingdead-online.com/hq/albums/HQ/07%20-%20Calmaria%20Que%20Antecede/38%20-%20Calmaria%20Que%20Antecede/26.jpg"
                },
                {
                    "href": "36.jpg",
                    "text": " 36.jpg",
                    "imageUrl": "http://thewalkingdead-online.com/hq/albums/HQ/07%20-%20Calmaria%20Que%20Antecede/38%20-%20Calmaria%20Que%20Antecede/36.jpg"
                }
            ]
        },
        {
            "href": "39%20-%20Calmaria%20Que%20Antecede/",
            "text": " 39 - Calmaria Que Antecede/",
            "images": [
                {
                    "href": "01.jpg",
                    "text": " 01.jpg",
                    "imageUrl": "http://thewalkingdead-online.com/hq/albums/HQ/07%20-%20Calmaria%20Que%20Antecede/39%20-%20Calmaria%20Que%20Antecede/01.jpg"
                },
                {
                    "href": "02.jpg",
                    "text": " 02.jpg",
                    "imageUrl": "http://thewalkingdead-online.com/hq/albums/HQ/07%20-%20Calmaria%20Que%20Antecede/39%20-%20Calmaria%20Que%20Antecede/02.jpg"
                },
                {
                    "href": "03.jpg",
                    "text": " 03.jpg",
                    "imageUrl": "http://thewalkingdead-online.com/hq/albums/HQ/07%20-%20Calmaria%20Que%20Antecede/39%20-%20Calmaria%20Que%20Antecede/03.jpg"
                },
                {
                    "href": "04.jpg",
                    "text": " 04.jpg",
                    "imageUrl": "http://thewalkingdead-online.com/hq/albums/HQ/07%20-%20Calmaria%20Que%20Antecede/39%20-%20Calmaria%20Que%20Antecede/04.jpg"
                },
                {
                    "href": "05.jpg",
                    "text": " 05.jpg",
                    "imageUrl": "http://thewalkingdead-online.com/hq/albums/HQ/07%20-%20Calmaria%20Que%20Antecede/39%20-%20Calmaria%20Que%20Antecede/05.jpg"
                },
                {
                    "href": "06.jpg",
                    "text": " 06.jpg",
                    "imageUrl": "http://thewalkingdead-online.com/hq/albums/HQ/07%20-%20Calmaria%20Que%20Antecede/39%20-%20Calmaria%20Que%20Antecede/06.jpg"
                },
                {
                    "href": "07.jpg",
                    "text": " 07.jpg",
                    "imageUrl": "http://thewalkingdead-online.com/hq/albums/HQ/07%20-%20Calmaria%20Que%20Antecede/39%20-%20Calmaria%20Que%20Antecede/07.jpg"
                },
                {
                    "href": "08.jpg",
                    "text": " 08.jpg",
                    "imageUrl": "http://thewalkingdead-online.com/hq/albums/HQ/07%20-%20Calmaria%20Que%20Antecede/39%20-%20Calmaria%20Que%20Antecede/08.jpg"
                },
                {
                    "href": "09.jpg",
                    "text": " 09.jpg",
                    "imageUrl": "http://thewalkingdead-online.com/hq/albums/HQ/07%20-%20Calmaria%20Que%20Antecede/39%20-%20Calmaria%20Que%20Antecede/09.jpg"
                },
                {
                    "href": "10.jpg",
                    "text": " 10.jpg",
                    "imageUrl": "http://thewalkingdead-online.com/hq/albums/HQ/07%20-%20Calmaria%20Que%20Antecede/39%20-%20Calmaria%20Que%20Antecede/10.jpg"
                },
                {
                    "href": "11.jpg",
                    "text": " 11.jpg",
                    "imageUrl": "http://thewalkingdead-online.com/hq/albums/HQ/07%20-%20Calmaria%20Que%20Antecede/39%20-%20Calmaria%20Que%20Antecede/11.jpg"
                },
                {
                    "href": "12.jpg",
                    "text": " 12.jpg",
                    "imageUrl": "http://thewalkingdead-online.com/hq/albums/HQ/07%20-%20Calmaria%20Que%20Antecede/39%20-%20Calmaria%20Que%20Antecede/12.jpg"
                },
                {
                    "href": "13.jpg",
                    "text": " 13.jpg",
                    "imageUrl": "http://thewalkingdead-online.com/hq/albums/HQ/07%20-%20Calmaria%20Que%20Antecede/39%20-%20Calmaria%20Que%20Antecede/13.jpg"
                },
                {
                    "href": "14.jpg",
                    "text": " 14.jpg",
                    "imageUrl": "http://thewalkingdead-online.com/hq/albums/HQ/07%20-%20Calmaria%20Que%20Antecede/39%20-%20Calmaria%20Que%20Antecede/14.jpg"
                },
                {
                    "href": "15.jpg",
                    "text": " 15.jpg",
                    "imageUrl": "http://thewalkingdead-online.com/hq/albums/HQ/07%20-%20Calmaria%20Que%20Antecede/39%20-%20Calmaria%20Que%20Antecede/15.jpg"
                },
                {
                    "href": "16.jpg",
                    "text": " 16.jpg",
                    "imageUrl": "http://thewalkingdead-online.com/hq/albums/HQ/07%20-%20Calmaria%20Que%20Antecede/39%20-%20Calmaria%20Que%20Antecede/16.jpg"
                },
                {
                    "href": "17.jpg",
                    "text": " 17.jpg",
                    "imageUrl": "http://thewalkingdead-online.com/hq/albums/HQ/07%20-%20Calmaria%20Que%20Antecede/39%20-%20Calmaria%20Que%20Antecede/17.jpg"
                },
                {
                    "href": "18.jpg",
                    "text": " 18.jpg",
                    "imageUrl": "http://thewalkingdead-online.com/hq/albums/HQ/07%20-%20Calmaria%20Que%20Antecede/39%20-%20Calmaria%20Que%20Antecede/18.jpg"
                },
                {
                    "href": "19.jpg",
                    "text": " 19.jpg",
                    "imageUrl": "http://thewalkingdead-online.com/hq/albums/HQ/07%20-%20Calmaria%20Que%20Antecede/39%20-%20Calmaria%20Que%20Antecede/19.jpg"
                },
                {
                    "href": "20.jpg",
                    "text": " 20.jpg",
                    "imageUrl": "http://thewalkingdead-online.com/hq/albums/HQ/07%20-%20Calmaria%20Que%20Antecede/39%20-%20Calmaria%20Que%20Antecede/20.jpg"
                },
                {
                    "href": "21.jpg",
                    "text": " 21.jpg",
                    "imageUrl": "http://thewalkingdead-online.com/hq/albums/HQ/07%20-%20Calmaria%20Que%20Antecede/39%20-%20Calmaria%20Que%20Antecede/21.jpg"
                },
                {
                    "href": "22.jpg",
                    "text": " 22.jpg",
                    "imageUrl": "http://thewalkingdead-online.com/hq/albums/HQ/07%20-%20Calmaria%20Que%20Antecede/39%20-%20Calmaria%20Que%20Antecede/22.jpg"
                },
                {
                    "href": "23.jpg",
                    "text": " 23.jpg",
                    "imageUrl": "http://thewalkingdead-online.com/hq/albums/HQ/07%20-%20Calmaria%20Que%20Antecede/39%20-%20Calmaria%20Que%20Antecede/23.jpg"
                },
                {
                    "href": "24.jpg",
                    "text": " 24.jpg",
                    "imageUrl": "http://thewalkingdead-online.com/hq/albums/HQ/07%20-%20Calmaria%20Que%20Antecede/39%20-%20Calmaria%20Que%20Antecede/24.jpg"
                },
                {
                    "href": "26.jpg",
                    "text": " 26.jpg",
                    "imageUrl": "http://thewalkingdead-online.com/hq/albums/HQ/07%20-%20Calmaria%20Que%20Antecede/39%20-%20Calmaria%20Que%20Antecede/26.jpg"
                }
            ]
        },
        {
            "href": "40%20-%20Calmaria%20Que%20Antecede/",
            "text": " 40 - Calmaria Que Antecede/",
            "images": [
                {
                    "href": "01.jpg",
                    "text": " 01.jpg",
                    "imageUrl": "http://thewalkingdead-online.com/hq/albums/HQ/07%20-%20Calmaria%20Que%20Antecede/40%20-%20Calmaria%20Que%20Antecede/01.jpg"
                },
                {
                    "href": "02.jpg",
                    "text": " 02.jpg",
                    "imageUrl": "http://thewalkingdead-online.com/hq/albums/HQ/07%20-%20Calmaria%20Que%20Antecede/40%20-%20Calmaria%20Que%20Antecede/02.jpg"
                },
                {
                    "href": "03.jpg",
                    "text": " 03.jpg",
                    "imageUrl": "http://thewalkingdead-online.com/hq/albums/HQ/07%20-%20Calmaria%20Que%20Antecede/40%20-%20Calmaria%20Que%20Antecede/03.jpg"
                },
                {
                    "href": "04.jpg",
                    "text": " 04.jpg",
                    "imageUrl": "http://thewalkingdead-online.com/hq/albums/HQ/07%20-%20Calmaria%20Que%20Antecede/40%20-%20Calmaria%20Que%20Antecede/04.jpg"
                },
                {
                    "href": "05.jpg",
                    "text": " 05.jpg",
                    "imageUrl": "http://thewalkingdead-online.com/hq/albums/HQ/07%20-%20Calmaria%20Que%20Antecede/40%20-%20Calmaria%20Que%20Antecede/05.jpg"
                },
                {
                    "href": "06.jpg",
                    "text": " 06.jpg",
                    "imageUrl": "http://thewalkingdead-online.com/hq/albums/HQ/07%20-%20Calmaria%20Que%20Antecede/40%20-%20Calmaria%20Que%20Antecede/06.jpg"
                },
                {
                    "href": "07.jpg",
                    "text": " 07.jpg",
                    "imageUrl": "http://thewalkingdead-online.com/hq/albums/HQ/07%20-%20Calmaria%20Que%20Antecede/40%20-%20Calmaria%20Que%20Antecede/07.jpg"
                },
                {
                    "href": "08-09.jpg",
                    "text": " 08-09.jpg",
                    "imageUrl": "http://thewalkingdead-online.com/hq/albums/HQ/07%20-%20Calmaria%20Que%20Antecede/40%20-%20Calmaria%20Que%20Antecede/08-09.jpg"
                },
                {
                    "href": "10.jpg",
                    "text": " 10.jpg",
                    "imageUrl": "http://thewalkingdead-online.com/hq/albums/HQ/07%20-%20Calmaria%20Que%20Antecede/40%20-%20Calmaria%20Que%20Antecede/10.jpg"
                },
                {
                    "href": "11.jpg",
                    "text": " 11.jpg",
                    "imageUrl": "http://thewalkingdead-online.com/hq/albums/HQ/07%20-%20Calmaria%20Que%20Antecede/40%20-%20Calmaria%20Que%20Antecede/11.jpg"
                },
                {
                    "href": "12.jpg",
                    "text": " 12.jpg",
                    "imageUrl": "http://thewalkingdead-online.com/hq/albums/HQ/07%20-%20Calmaria%20Que%20Antecede/40%20-%20Calmaria%20Que%20Antecede/12.jpg"
                },
                {
                    "href": "13.jpg",
                    "text": " 13.jpg",
                    "imageUrl": "http://thewalkingdead-online.com/hq/albums/HQ/07%20-%20Calmaria%20Que%20Antecede/40%20-%20Calmaria%20Que%20Antecede/13.jpg"
                },
                {
                    "href": "14.jpg",
                    "text": " 14.jpg",
                    "imageUrl": "http://thewalkingdead-online.com/hq/albums/HQ/07%20-%20Calmaria%20Que%20Antecede/40%20-%20Calmaria%20Que%20Antecede/14.jpg"
                },
                {
                    "href": "15.jpg",
                    "text": " 15.jpg",
                    "imageUrl": "http://thewalkingdead-online.com/hq/albums/HQ/07%20-%20Calmaria%20Que%20Antecede/40%20-%20Calmaria%20Que%20Antecede/15.jpg"
                },
                {
                    "href": "16.jpg",
                    "text": " 16.jpg",
                    "imageUrl": "http://thewalkingdead-online.com/hq/albums/HQ/07%20-%20Calmaria%20Que%20Antecede/40%20-%20Calmaria%20Que%20Antecede/16.jpg"
                },
                {
                    "href": "17.jpg",
                    "text": " 17.jpg",
                    "imageUrl": "http://thewalkingdead-online.com/hq/albums/HQ/07%20-%20Calmaria%20Que%20Antecede/40%20-%20Calmaria%20Que%20Antecede/17.jpg"
                },
                {
                    "href": "18.jpg",
                    "text": " 18.jpg",
                    "imageUrl": "http://thewalkingdead-online.com/hq/albums/HQ/07%20-%20Calmaria%20Que%20Antecede/40%20-%20Calmaria%20Que%20Antecede/18.jpg"
                },
                {
                    "href": "19.jpg",
                    "text": " 19.jpg",
                    "imageUrl": "http://thewalkingdead-online.com/hq/albums/HQ/07%20-%20Calmaria%20Que%20Antecede/40%20-%20Calmaria%20Que%20Antecede/19.jpg"
                },
                {
                    "href": "21.jpg",
                    "text": " 21.jpg",
                    "imageUrl": "http://thewalkingdead-online.com/hq/albums/HQ/07%20-%20Calmaria%20Que%20Antecede/40%20-%20Calmaria%20Que%20Antecede/21.jpg"
                },
                {
                    "href": "22.jpg",
                    "text": " 22.jpg",
                    "imageUrl": "http://thewalkingdead-online.com/hq/albums/HQ/07%20-%20Calmaria%20Que%20Antecede/40%20-%20Calmaria%20Que%20Antecede/22.jpg"
                },
                {
                    "href": "23.jpg",
                    "text": " 23.jpg",
                    "imageUrl": "http://thewalkingdead-online.com/hq/albums/HQ/07%20-%20Calmaria%20Que%20Antecede/40%20-%20Calmaria%20Que%20Antecede/23.jpg"
                },
                {
                    "href": "24.jpg",
                    "text": " 24.jpg",
                    "imageUrl": "http://thewalkingdead-online.com/hq/albums/HQ/07%20-%20Calmaria%20Que%20Antecede/40%20-%20Calmaria%20Que%20Antecede/24.jpg"
                },
                {
                    "href": "26.jpg",
                    "text": " 26.jpg",
                    "imageUrl": "http://thewalkingdead-online.com/hq/albums/HQ/07%20-%20Calmaria%20Que%20Antecede/40%20-%20Calmaria%20Que%20Antecede/26.jpg"
                },
                {
                    "href": "36.jpg",
                    "text": " 36.jpg",
                    "imageUrl": "http://thewalkingdead-online.com/hq/albums/HQ/07%20-%20Calmaria%20Que%20Antecede/40%20-%20Calmaria%20Que%20Antecede/36.jpg"
                }
            ]
        },
        {
            "href": "41%20-%20Calmaria%20Que%20Antecede/",
            "text": " 41 - Calmaria Que Antecede/",
            "images": [
                {
                    "href": "01.jpg",
                    "text": " 01.jpg",
                    "imageUrl": "http://thewalkingdead-online.com/hq/albums/HQ/07%20-%20Calmaria%20Que%20Antecede/41%20-%20Calmaria%20Que%20Antecede/01.jpg"
                },
                {
                    "href": "02.jpg",
                    "text": " 02.jpg",
                    "imageUrl": "http://thewalkingdead-online.com/hq/albums/HQ/07%20-%20Calmaria%20Que%20Antecede/41%20-%20Calmaria%20Que%20Antecede/02.jpg"
                },
                {
                    "href": "03.jpg",
                    "text": " 03.jpg",
                    "imageUrl": "http://thewalkingdead-online.com/hq/albums/HQ/07%20-%20Calmaria%20Que%20Antecede/41%20-%20Calmaria%20Que%20Antecede/03.jpg"
                },
                {
                    "href": "04.jpg",
                    "text": " 04.jpg",
                    "imageUrl": "http://thewalkingdead-online.com/hq/albums/HQ/07%20-%20Calmaria%20Que%20Antecede/41%20-%20Calmaria%20Que%20Antecede/04.jpg"
                },
                {
                    "href": "05.jpg",
                    "text": " 05.jpg",
                    "imageUrl": "http://thewalkingdead-online.com/hq/albums/HQ/07%20-%20Calmaria%20Que%20Antecede/41%20-%20Calmaria%20Que%20Antecede/05.jpg"
                },
                {
                    "href": "06.jpg",
                    "text": " 06.jpg",
                    "imageUrl": "http://thewalkingdead-online.com/hq/albums/HQ/07%20-%20Calmaria%20Que%20Antecede/41%20-%20Calmaria%20Que%20Antecede/06.jpg"
                },
                {
                    "href": "07.jpg",
                    "text": " 07.jpg",
                    "imageUrl": "http://thewalkingdead-online.com/hq/albums/HQ/07%20-%20Calmaria%20Que%20Antecede/41%20-%20Calmaria%20Que%20Antecede/07.jpg"
                },
                {
                    "href": "08.jpg",
                    "text": " 08.jpg",
                    "imageUrl": "http://thewalkingdead-online.com/hq/albums/HQ/07%20-%20Calmaria%20Que%20Antecede/41%20-%20Calmaria%20Que%20Antecede/08.jpg"
                },
                {
                    "href": "09.jpg",
                    "text": " 09.jpg",
                    "imageUrl": "http://thewalkingdead-online.com/hq/albums/HQ/07%20-%20Calmaria%20Que%20Antecede/41%20-%20Calmaria%20Que%20Antecede/09.jpg"
                },
                {
                    "href": "10.jpg",
                    "text": " 10.jpg",
                    "imageUrl": "http://thewalkingdead-online.com/hq/albums/HQ/07%20-%20Calmaria%20Que%20Antecede/41%20-%20Calmaria%20Que%20Antecede/10.jpg"
                },
                {
                    "href": "11.jpg",
                    "text": " 11.jpg",
                    "imageUrl": "http://thewalkingdead-online.com/hq/albums/HQ/07%20-%20Calmaria%20Que%20Antecede/41%20-%20Calmaria%20Que%20Antecede/11.jpg"
                },
                {
                    "href": "12.jpg",
                    "text": " 12.jpg",
                    "imageUrl": "http://thewalkingdead-online.com/hq/albums/HQ/07%20-%20Calmaria%20Que%20Antecede/41%20-%20Calmaria%20Que%20Antecede/12.jpg"
                },
                {
                    "href": "13.jpg",
                    "text": " 13.jpg",
                    "imageUrl": "http://thewalkingdead-online.com/hq/albums/HQ/07%20-%20Calmaria%20Que%20Antecede/41%20-%20Calmaria%20Que%20Antecede/13.jpg"
                },
                {
                    "href": "14.jpg",
                    "text": " 14.jpg",
                    "imageUrl": "http://thewalkingdead-online.com/hq/albums/HQ/07%20-%20Calmaria%20Que%20Antecede/41%20-%20Calmaria%20Que%20Antecede/14.jpg"
                },
                {
                    "href": "15.jpg",
                    "text": " 15.jpg",
                    "imageUrl": "http://thewalkingdead-online.com/hq/albums/HQ/07%20-%20Calmaria%20Que%20Antecede/41%20-%20Calmaria%20Que%20Antecede/15.jpg"
                },
                {
                    "href": "16.jpg",
                    "text": " 16.jpg",
                    "imageUrl": "http://thewalkingdead-online.com/hq/albums/HQ/07%20-%20Calmaria%20Que%20Antecede/41%20-%20Calmaria%20Que%20Antecede/16.jpg"
                },
                {
                    "href": "17.jpg",
                    "text": " 17.jpg",
                    "imageUrl": "http://thewalkingdead-online.com/hq/albums/HQ/07%20-%20Calmaria%20Que%20Antecede/41%20-%20Calmaria%20Que%20Antecede/17.jpg"
                },
                {
                    "href": "18.jpg",
                    "text": " 18.jpg",
                    "imageUrl": "http://thewalkingdead-online.com/hq/albums/HQ/07%20-%20Calmaria%20Que%20Antecede/41%20-%20Calmaria%20Que%20Antecede/18.jpg"
                },
                {
                    "href": "19.jpg",
                    "text": " 19.jpg",
                    "imageUrl": "http://thewalkingdead-online.com/hq/albums/HQ/07%20-%20Calmaria%20Que%20Antecede/41%20-%20Calmaria%20Que%20Antecede/19.jpg"
                },
                {
                    "href": "20.jpg",
                    "text": " 20.jpg",
                    "imageUrl": "http://thewalkingdead-online.com/hq/albums/HQ/07%20-%20Calmaria%20Que%20Antecede/41%20-%20Calmaria%20Que%20Antecede/20.jpg"
                },
                {
                    "href": "21.jpg",
                    "text": " 21.jpg",
                    "imageUrl": "http://thewalkingdead-online.com/hq/albums/HQ/07%20-%20Calmaria%20Que%20Antecede/41%20-%20Calmaria%20Que%20Antecede/21.jpg"
                },
                {
                    "href": "22.jpg",
                    "text": " 22.jpg",
                    "imageUrl": "http://thewalkingdead-online.com/hq/albums/HQ/07%20-%20Calmaria%20Que%20Antecede/41%20-%20Calmaria%20Que%20Antecede/22.jpg"
                },
                {
                    "href": "23.jpg",
                    "text": " 23.jpg",
                    "imageUrl": "http://thewalkingdead-online.com/hq/albums/HQ/07%20-%20Calmaria%20Que%20Antecede/41%20-%20Calmaria%20Que%20Antecede/23.jpg"
                },
                {
                    "href": "24.jpg",
                    "text": " 24.jpg",
                    "imageUrl": "http://thewalkingdead-online.com/hq/albums/HQ/07%20-%20Calmaria%20Que%20Antecede/41%20-%20Calmaria%20Que%20Antecede/24.jpg"
                },
                {
                    "href": "26.jpg",
                    "text": " 26.jpg",
                    "imageUrl": "http://thewalkingdead-online.com/hq/albums/HQ/07%20-%20Calmaria%20Que%20Antecede/41%20-%20Calmaria%20Que%20Antecede/26.jpg"
                }
            ]
        },
        {
            "href": "42%20-%20Calmaria%20Que%20Antecede/",
            "text": " 42 - Calmaria Que Antecede/",
            "images": [
                {
                    "href": "01.jpg",
                    "text": " 01.jpg",
                    "imageUrl": "http://thewalkingdead-online.com/hq/albums/HQ/07%20-%20Calmaria%20Que%20Antecede/42%20-%20Calmaria%20Que%20Antecede/01.jpg"
                },
                {
                    "href": "02.jpg",
                    "text": " 02.jpg",
                    "imageUrl": "http://thewalkingdead-online.com/hq/albums/HQ/07%20-%20Calmaria%20Que%20Antecede/42%20-%20Calmaria%20Que%20Antecede/02.jpg"
                },
                {
                    "href": "03.jpg",
                    "text": " 03.jpg",
                    "imageUrl": "http://thewalkingdead-online.com/hq/albums/HQ/07%20-%20Calmaria%20Que%20Antecede/42%20-%20Calmaria%20Que%20Antecede/03.jpg"
                },
                {
                    "href": "03a.jpg",
                    "text": " 03a.jpg",
                    "imageUrl": "http://thewalkingdead-online.com/hq/albums/HQ/07%20-%20Calmaria%20Que%20Antecede/42%20-%20Calmaria%20Que%20Antecede/03a.jpg"
                },
                {
                    "href": "04.jpg",
                    "text": " 04.jpg",
                    "imageUrl": "http://thewalkingdead-online.com/hq/albums/HQ/07%20-%20Calmaria%20Que%20Antecede/42%20-%20Calmaria%20Que%20Antecede/04.jpg"
                },
                {
                    "href": "05.jpg",
                    "text": " 05.jpg",
                    "imageUrl": "http://thewalkingdead-online.com/hq/albums/HQ/07%20-%20Calmaria%20Que%20Antecede/42%20-%20Calmaria%20Que%20Antecede/05.jpg"
                },
                {
                    "href": "07.jpg",
                    "text": " 07.jpg",
                    "imageUrl": "http://thewalkingdead-online.com/hq/albums/HQ/07%20-%20Calmaria%20Que%20Antecede/42%20-%20Calmaria%20Que%20Antecede/07.jpg"
                },
                {
                    "href": "08.jpg",
                    "text": " 08.jpg",
                    "imageUrl": "http://thewalkingdead-online.com/hq/albums/HQ/07%20-%20Calmaria%20Que%20Antecede/42%20-%20Calmaria%20Que%20Antecede/08.jpg"
                },
                {
                    "href": "09.jpg",
                    "text": " 09.jpg",
                    "imageUrl": "http://thewalkingdead-online.com/hq/albums/HQ/07%20-%20Calmaria%20Que%20Antecede/42%20-%20Calmaria%20Que%20Antecede/09.jpg"
                },
                {
                    "href": "10.jpg",
                    "text": " 10.jpg",
                    "imageUrl": "http://thewalkingdead-online.com/hq/albums/HQ/07%20-%20Calmaria%20Que%20Antecede/42%20-%20Calmaria%20Que%20Antecede/10.jpg"
                },
                {
                    "href": "11.jpg",
                    "text": " 11.jpg",
                    "imageUrl": "http://thewalkingdead-online.com/hq/albums/HQ/07%20-%20Calmaria%20Que%20Antecede/42%20-%20Calmaria%20Que%20Antecede/11.jpg"
                },
                {
                    "href": "12.jpg",
                    "text": " 12.jpg",
                    "imageUrl": "http://thewalkingdead-online.com/hq/albums/HQ/07%20-%20Calmaria%20Que%20Antecede/42%20-%20Calmaria%20Que%20Antecede/12.jpg"
                },
                {
                    "href": "13.jpg",
                    "text": " 13.jpg",
                    "imageUrl": "http://thewalkingdead-online.com/hq/albums/HQ/07%20-%20Calmaria%20Que%20Antecede/42%20-%20Calmaria%20Que%20Antecede/13.jpg"
                },
                {
                    "href": "14.jpg",
                    "text": " 14.jpg",
                    "imageUrl": "http://thewalkingdead-online.com/hq/albums/HQ/07%20-%20Calmaria%20Que%20Antecede/42%20-%20Calmaria%20Que%20Antecede/14.jpg"
                },
                {
                    "href": "15.jpg",
                    "text": " 15.jpg",
                    "imageUrl": "http://thewalkingdead-online.com/hq/albums/HQ/07%20-%20Calmaria%20Que%20Antecede/42%20-%20Calmaria%20Que%20Antecede/15.jpg"
                },
                {
                    "href": "16.jpg",
                    "text": " 16.jpg",
                    "imageUrl": "http://thewalkingdead-online.com/hq/albums/HQ/07%20-%20Calmaria%20Que%20Antecede/42%20-%20Calmaria%20Que%20Antecede/16.jpg"
                },
                {
                    "href": "17.jpg",
                    "text": " 17.jpg",
                    "imageUrl": "http://thewalkingdead-online.com/hq/albums/HQ/07%20-%20Calmaria%20Que%20Antecede/42%20-%20Calmaria%20Que%20Antecede/17.jpg"
                },
                {
                    "href": "18.jpg",
                    "text": " 18.jpg",
                    "imageUrl": "http://thewalkingdead-online.com/hq/albums/HQ/07%20-%20Calmaria%20Que%20Antecede/42%20-%20Calmaria%20Que%20Antecede/18.jpg"
                },
                {
                    "href": "19.jpg",
                    "text": " 19.jpg",
                    "imageUrl": "http://thewalkingdead-online.com/hq/albums/HQ/07%20-%20Calmaria%20Que%20Antecede/42%20-%20Calmaria%20Que%20Antecede/19.jpg"
                },
                {
                    "href": "20.jpg",
                    "text": " 20.jpg",
                    "imageUrl": "http://thewalkingdead-online.com/hq/albums/HQ/07%20-%20Calmaria%20Que%20Antecede/42%20-%20Calmaria%20Que%20Antecede/20.jpg"
                },
                {
                    "href": "22.jpg",
                    "text": " 22.jpg",
                    "imageUrl": "http://thewalkingdead-online.com/hq/albums/HQ/07%20-%20Calmaria%20Que%20Antecede/42%20-%20Calmaria%20Que%20Antecede/22.jpg"
                },
                {
                    "href": "23.jpg",
                    "text": " 23.jpg",
                    "imageUrl": "http://thewalkingdead-online.com/hq/albums/HQ/07%20-%20Calmaria%20Que%20Antecede/42%20-%20Calmaria%20Que%20Antecede/23.jpg"
                },
                {
                    "href": "26.jpg",
                    "text": " 26.jpg",
                    "imageUrl": "http://thewalkingdead-online.com/hq/albums/HQ/07%20-%20Calmaria%20Que%20Antecede/42%20-%20Calmaria%20Que%20Antecede/26.jpg"
                }
            ]
        }
    ]
}