{
    "href": "08%20-%20Feito%20Para%20Sofrer/",
    "text": " 08 - Feito Para Sofrer/",
    "chapters": [
        {
            "href": "43%20-%20Feito%20Para%20Sofrer/",
            "text": " 43 - Feito Para Sofrer/",
            "images": [
                {
                    "href": "01.jpg",
                    "text": " 01.jpg",
                    "imageUrl": "http://thewalkingdead-online.com/hq/albums/HQ/08%20-%20Feito%20Para%20Sofrer/43%20-%20Feito%20Para%20Sofrer/01.jpg"
                },
                {
                    "href": "02.jpg",
                    "text": " 02.jpg",
                    "imageUrl": "http://thewalkingdead-online.com/hq/albums/HQ/08%20-%20Feito%20Para%20Sofrer/43%20-%20Feito%20Para%20Sofrer/02.jpg"
                },
                {
                    "href": "03.jpg",
                    "text": " 03.jpg",
                    "imageUrl": "http://thewalkingdead-online.com/hq/albums/HQ/08%20-%20Feito%20Para%20Sofrer/43%20-%20Feito%20Para%20Sofrer/03.jpg"
                },
                {
                    "href": "04.jpg",
                    "text": " 04.jpg",
                    "imageUrl": "http://thewalkingdead-online.com/hq/albums/HQ/08%20-%20Feito%20Para%20Sofrer/43%20-%20Feito%20Para%20Sofrer/04.jpg"
                },
                {
                    "href": "05.jpg",
                    "text": " 05.jpg",
                    "imageUrl": "http://thewalkingdead-online.com/hq/albums/HQ/08%20-%20Feito%20Para%20Sofrer/43%20-%20Feito%20Para%20Sofrer/05.jpg"
                },
                {
                    "href": "06.jpg",
                    "text": " 06.jpg",
                    "imageUrl": "http://thewalkingdead-online.com/hq/albums/HQ/08%20-%20Feito%20Para%20Sofrer/43%20-%20Feito%20Para%20Sofrer/06.jpg"
                },
                {
                    "href": "07.jpg",
                    "text": " 07.jpg",
                    "imageUrl": "http://thewalkingdead-online.com/hq/albums/HQ/08%20-%20Feito%20Para%20Sofrer/43%20-%20Feito%20Para%20Sofrer/07.jpg"
                },
                {
                    "href": "08.jpg",
                    "text": " 08.jpg",
                    "imageUrl": "http://thewalkingdead-online.com/hq/albums/HQ/08%20-%20Feito%20Para%20Sofrer/43%20-%20Feito%20Para%20Sofrer/08.jpg"
                },
                {
                    "href": "09.jpg",
                    "text": " 09.jpg",
                    "imageUrl": "http://thewalkingdead-online.com/hq/albums/HQ/08%20-%20Feito%20Para%20Sofrer/43%20-%20Feito%20Para%20Sofrer/09.jpg"
                },
                {
                    "href": "10.jpg",
                    "text": " 10.jpg",
                    "imageUrl": "http://thewalkingdead-online.com/hq/albums/HQ/08%20-%20Feito%20Para%20Sofrer/43%20-%20Feito%20Para%20Sofrer/10.jpg"
                },
                {
                    "href": "11.jpg",
                    "text": " 11.jpg",
                    "imageUrl": "http://thewalkingdead-online.com/hq/albums/HQ/08%20-%20Feito%20Para%20Sofrer/43%20-%20Feito%20Para%20Sofrer/11.jpg"
                },
                {
                    "href": "12.jpg",
                    "text": " 12.jpg",
                    "imageUrl": "http://thewalkingdead-online.com/hq/albums/HQ/08%20-%20Feito%20Para%20Sofrer/43%20-%20Feito%20Para%20Sofrer/12.jpg"
                },
                {
                    "href": "13.jpg",
                    "text": " 13.jpg",
                    "imageUrl": "http://thewalkingdead-online.com/hq/albums/HQ/08%20-%20Feito%20Para%20Sofrer/43%20-%20Feito%20Para%20Sofrer/13.jpg"
                },
                {
                    "href": "14.jpg",
                    "text": " 14.jpg",
                    "imageUrl": "http://thewalkingdead-online.com/hq/albums/HQ/08%20-%20Feito%20Para%20Sofrer/43%20-%20Feito%20Para%20Sofrer/14.jpg"
                },
                {
                    "href": "15.jpg",
                    "text": " 15.jpg",
                    "imageUrl": "http://thewalkingdead-online.com/hq/albums/HQ/08%20-%20Feito%20Para%20Sofrer/43%20-%20Feito%20Para%20Sofrer/15.jpg"
                },
                {
                    "href": "16.jpg",
                    "text": " 16.jpg",
                    "imageUrl": "http://thewalkingdead-online.com/hq/albums/HQ/08%20-%20Feito%20Para%20Sofrer/43%20-%20Feito%20Para%20Sofrer/16.jpg"
                },
                {
                    "href": "17.jpg",
                    "text": " 17.jpg",
                    "imageUrl": "http://thewalkingdead-online.com/hq/albums/HQ/08%20-%20Feito%20Para%20Sofrer/43%20-%20Feito%20Para%20Sofrer/17.jpg"
                },
                {
                    "href": "18.jpg",
                    "text": " 18.jpg",
                    "imageUrl": "http://thewalkingdead-online.com/hq/albums/HQ/08%20-%20Feito%20Para%20Sofrer/43%20-%20Feito%20Para%20Sofrer/18.jpg"
                },
                {
                    "href": "19.jpg",
                    "text": " 19.jpg",
                    "imageUrl": "http://thewalkingdead-online.com/hq/albums/HQ/08%20-%20Feito%20Para%20Sofrer/43%20-%20Feito%20Para%20Sofrer/19.jpg"
                },
                {
                    "href": "20.jpg",
                    "text": " 20.jpg",
                    "imageUrl": "http://thewalkingdead-online.com/hq/albums/HQ/08%20-%20Feito%20Para%20Sofrer/43%20-%20Feito%20Para%20Sofrer/20.jpg"
                },
                {
                    "href": "21.jpg",
                    "text": " 21.jpg",
                    "imageUrl": "http://thewalkingdead-online.com/hq/albums/HQ/08%20-%20Feito%20Para%20Sofrer/43%20-%20Feito%20Para%20Sofrer/21.jpg"
                },
                {
                    "href": "22.jpg",
                    "text": " 22.jpg",
                    "imageUrl": "http://thewalkingdead-online.com/hq/albums/HQ/08%20-%20Feito%20Para%20Sofrer/43%20-%20Feito%20Para%20Sofrer/22.jpg"
                },
                {
                    "href": "23.jpg",
                    "text": " 23.jpg",
                    "imageUrl": "http://thewalkingdead-online.com/hq/albums/HQ/08%20-%20Feito%20Para%20Sofrer/43%20-%20Feito%20Para%20Sofrer/23.jpg"
                },
                {
                    "href": "24.jpg",
                    "text": " 24.jpg",
                    "imageUrl": "http://thewalkingdead-online.com/hq/albums/HQ/08%20-%20Feito%20Para%20Sofrer/43%20-%20Feito%20Para%20Sofrer/24.jpg"
                },
                {
                    "href": "25.jpg",
                    "text": " 25.jpg",
                    "imageUrl": "http://thewalkingdead-online.com/hq/albums/HQ/08%20-%20Feito%20Para%20Sofrer/43%20-%20Feito%20Para%20Sofrer/25.jpg"
                },
                {
                    "href": "26-27.jpg",
                    "text": " 26-27.jpg",
                    "imageUrl": "http://thewalkingdead-online.com/hq/albums/HQ/08%20-%20Feito%20Para%20Sofrer/43%20-%20Feito%20Para%20Sofrer/26-27.jpg"
                },
                {
                    "href": "28.jpg",
                    "text": " 28.jpg",
                    "imageUrl": "http://thewalkingdead-online.com/hq/albums/HQ/08%20-%20Feito%20Para%20Sofrer/43%20-%20Feito%20Para%20Sofrer/28.jpg"
                },
                {
                    "href": "29.jpg",
                    "text": " 29.jpg",
                    "imageUrl": "http://thewalkingdead-online.com/hq/albums/HQ/08%20-%20Feito%20Para%20Sofrer/43%20-%20Feito%20Para%20Sofrer/29.jpg"
                }
            ]
        },
        {
            "href": "44%20-%20Feito%20Para%20Sofrer/",
            "text": " 44 - Feito Para Sofrer/",
            "images": [
                {
                    "href": "01.jpg",
                    "text": " 01.jpg",
                    "imageUrl": "http://thewalkingdead-online.com/hq/albums/HQ/08%20-%20Feito%20Para%20Sofrer/44%20-%20Feito%20Para%20Sofrer/01.jpg"
                },
                {
                    "href": "02.jpg",
                    "text": " 02.jpg",
                    "imageUrl": "http://thewalkingdead-online.com/hq/albums/HQ/08%20-%20Feito%20Para%20Sofrer/44%20-%20Feito%20Para%20Sofrer/02.jpg"
                },
                {
                    "href": "03.jpg",
                    "text": " 03.jpg",
                    "imageUrl": "http://thewalkingdead-online.com/hq/albums/HQ/08%20-%20Feito%20Para%20Sofrer/44%20-%20Feito%20Para%20Sofrer/03.jpg"
                },
                {
                    "href": "04.jpg",
                    "text": " 04.jpg",
                    "imageUrl": "http://thewalkingdead-online.com/hq/albums/HQ/08%20-%20Feito%20Para%20Sofrer/44%20-%20Feito%20Para%20Sofrer/04.jpg"
                },
                {
                    "href": "05.jpg",
                    "text": " 05.jpg",
                    "imageUrl": "http://thewalkingdead-online.com/hq/albums/HQ/08%20-%20Feito%20Para%20Sofrer/44%20-%20Feito%20Para%20Sofrer/05.jpg"
                },
                {
                    "href": "06.jpg",
                    "text": " 06.jpg",
                    "imageUrl": "http://thewalkingdead-online.com/hq/albums/HQ/08%20-%20Feito%20Para%20Sofrer/44%20-%20Feito%20Para%20Sofrer/06.jpg"
                },
                {
                    "href": "07.jpg",
                    "text": " 07.jpg",
                    "imageUrl": "http://thewalkingdead-online.com/hq/albums/HQ/08%20-%20Feito%20Para%20Sofrer/44%20-%20Feito%20Para%20Sofrer/07.jpg"
                },
                {
                    "href": "08.jpg",
                    "text": " 08.jpg",
                    "imageUrl": "http://thewalkingdead-online.com/hq/albums/HQ/08%20-%20Feito%20Para%20Sofrer/44%20-%20Feito%20Para%20Sofrer/08.jpg"
                },
                {
                    "href": "09.jpg",
                    "text": " 09.jpg",
                    "imageUrl": "http://thewalkingdead-online.com/hq/albums/HQ/08%20-%20Feito%20Para%20Sofrer/44%20-%20Feito%20Para%20Sofrer/09.jpg"
                },
                {
                    "href": "10.jpg",
                    "text": " 10.jpg",
                    "imageUrl": "http://thewalkingdead-online.com/hq/albums/HQ/08%20-%20Feito%20Para%20Sofrer/44%20-%20Feito%20Para%20Sofrer/10.jpg"
                },
                {
                    "href": "11.jpg",
                    "text": " 11.jpg",
                    "imageUrl": "http://thewalkingdead-online.com/hq/albums/HQ/08%20-%20Feito%20Para%20Sofrer/44%20-%20Feito%20Para%20Sofrer/11.jpg"
                },
                {
                    "href": "12.jpg",
                    "text": " 12.jpg",
                    "imageUrl": "http://thewalkingdead-online.com/hq/albums/HQ/08%20-%20Feito%20Para%20Sofrer/44%20-%20Feito%20Para%20Sofrer/12.jpg"
                },
                {
                    "href": "13.jpg",
                    "text": " 13.jpg",
                    "imageUrl": "http://thewalkingdead-online.com/hq/albums/HQ/08%20-%20Feito%20Para%20Sofrer/44%20-%20Feito%20Para%20Sofrer/13.jpg"
                },
                {
                    "href": "14.jpg",
                    "text": " 14.jpg",
                    "imageUrl": "http://thewalkingdead-online.com/hq/albums/HQ/08%20-%20Feito%20Para%20Sofrer/44%20-%20Feito%20Para%20Sofrer/14.jpg"
                },
                {
                    "href": "15.jpg",
                    "text": " 15.jpg",
                    "imageUrl": "http://thewalkingdead-online.com/hq/albums/HQ/08%20-%20Feito%20Para%20Sofrer/44%20-%20Feito%20Para%20Sofrer/15.jpg"
                },
                {
                    "href": "16.jpg",
                    "text": " 16.jpg",
                    "imageUrl": "http://thewalkingdead-online.com/hq/albums/HQ/08%20-%20Feito%20Para%20Sofrer/44%20-%20Feito%20Para%20Sofrer/16.jpg"
                },
                {
                    "href": "17.jpg",
                    "text": " 17.jpg",
                    "imageUrl": "http://thewalkingdead-online.com/hq/albums/HQ/08%20-%20Feito%20Para%20Sofrer/44%20-%20Feito%20Para%20Sofrer/17.jpg"
                },
                {
                    "href": "18.jpg",
                    "text": " 18.jpg",
                    "imageUrl": "http://thewalkingdead-online.com/hq/albums/HQ/08%20-%20Feito%20Para%20Sofrer/44%20-%20Feito%20Para%20Sofrer/18.jpg"
                },
                {
                    "href": "19.jpg",
                    "text": " 19.jpg",
                    "imageUrl": "http://thewalkingdead-online.com/hq/albums/HQ/08%20-%20Feito%20Para%20Sofrer/44%20-%20Feito%20Para%20Sofrer/19.jpg"
                },
                {
                    "href": "20.jpg",
                    "text": " 20.jpg",
                    "imageUrl": "http://thewalkingdead-online.com/hq/albums/HQ/08%20-%20Feito%20Para%20Sofrer/44%20-%20Feito%20Para%20Sofrer/20.jpg"
                },
                {
                    "href": "21.jpg",
                    "text": " 21.jpg",
                    "imageUrl": "http://thewalkingdead-online.com/hq/albums/HQ/08%20-%20Feito%20Para%20Sofrer/44%20-%20Feito%20Para%20Sofrer/21.jpg"
                },
                {
                    "href": "22.jpg",
                    "text": " 22.jpg",
                    "imageUrl": "http://thewalkingdead-online.com/hq/albums/HQ/08%20-%20Feito%20Para%20Sofrer/44%20-%20Feito%20Para%20Sofrer/22.jpg"
                },
                {
                    "href": "23.jpg",
                    "text": " 23.jpg",
                    "imageUrl": "http://thewalkingdead-online.com/hq/albums/HQ/08%20-%20Feito%20Para%20Sofrer/44%20-%20Feito%20Para%20Sofrer/23.jpg"
                },
                {
                    "href": "24.jpg",
                    "text": " 24.jpg",
                    "imageUrl": "http://thewalkingdead-online.com/hq/albums/HQ/08%20-%20Feito%20Para%20Sofrer/44%20-%20Feito%20Para%20Sofrer/24.jpg"
                },
                {
                    "href": "26.jpg",
                    "text": " 26.jpg",
                    "imageUrl": "http://thewalkingdead-online.com/hq/albums/HQ/08%20-%20Feito%20Para%20Sofrer/44%20-%20Feito%20Para%20Sofrer/26.jpg"
                },
                {
                    "href": "36.jpg",
                    "text": " 36.jpg",
                    "imageUrl": "http://thewalkingdead-online.com/hq/albums/HQ/08%20-%20Feito%20Para%20Sofrer/44%20-%20Feito%20Para%20Sofrer/36.jpg"
                }
            ]
        },
        {
            "href": "45%20-%20Feito%20Para%20Sofrer/",
            "text": " 45 - Feito Para Sofrer/",
            "images": [
                {
                    "href": "01.jpg",
                    "text": " 01.jpg",
                    "imageUrl": "http://thewalkingdead-online.com/hq/albums/HQ/08%20-%20Feito%20Para%20Sofrer/45%20-%20Feito%20Para%20Sofrer/01.jpg"
                },
                {
                    "href": "02.jpg",
                    "text": " 02.jpg",
                    "imageUrl": "http://thewalkingdead-online.com/hq/albums/HQ/08%20-%20Feito%20Para%20Sofrer/45%20-%20Feito%20Para%20Sofrer/02.jpg"
                },
                {
                    "href": "03.jpg",
                    "text": " 03.jpg",
                    "imageUrl": "http://thewalkingdead-online.com/hq/albums/HQ/08%20-%20Feito%20Para%20Sofrer/45%20-%20Feito%20Para%20Sofrer/03.jpg"
                },
                {
                    "href": "04.jpg",
                    "text": " 04.jpg",
                    "imageUrl": "http://thewalkingdead-online.com/hq/albums/HQ/08%20-%20Feito%20Para%20Sofrer/45%20-%20Feito%20Para%20Sofrer/04.jpg"
                },
                {
                    "href": "05.jpg",
                    "text": " 05.jpg",
                    "imageUrl": "http://thewalkingdead-online.com/hq/albums/HQ/08%20-%20Feito%20Para%20Sofrer/45%20-%20Feito%20Para%20Sofrer/05.jpg"
                },
                {
                    "href": "06.jpg",
                    "text": " 06.jpg",
                    "imageUrl": "http://thewalkingdead-online.com/hq/albums/HQ/08%20-%20Feito%20Para%20Sofrer/45%20-%20Feito%20Para%20Sofrer/06.jpg"
                },
                {
                    "href": "07.jpg",
                    "text": " 07.jpg",
                    "imageUrl": "http://thewalkingdead-online.com/hq/albums/HQ/08%20-%20Feito%20Para%20Sofrer/45%20-%20Feito%20Para%20Sofrer/07.jpg"
                },
                {
                    "href": "08.jpg",
                    "text": " 08.jpg",
                    "imageUrl": "http://thewalkingdead-online.com/hq/albums/HQ/08%20-%20Feito%20Para%20Sofrer/45%20-%20Feito%20Para%20Sofrer/08.jpg"
                },
                {
                    "href": "09.jpg",
                    "text": " 09.jpg",
                    "imageUrl": "http://thewalkingdead-online.com/hq/albums/HQ/08%20-%20Feito%20Para%20Sofrer/45%20-%20Feito%20Para%20Sofrer/09.jpg"
                },
                {
                    "href": "10.jpg",
                    "text": " 10.jpg",
                    "imageUrl": "http://thewalkingdead-online.com/hq/albums/HQ/08%20-%20Feito%20Para%20Sofrer/45%20-%20Feito%20Para%20Sofrer/10.jpg"
                },
                {
                    "href": "11.jpg",
                    "text": " 11.jpg",
                    "imageUrl": "http://thewalkingdead-online.com/hq/albums/HQ/08%20-%20Feito%20Para%20Sofrer/45%20-%20Feito%20Para%20Sofrer/11.jpg"
                },
                {
                    "href": "12.jpg",
                    "text": " 12.jpg",
                    "imageUrl": "http://thewalkingdead-online.com/hq/albums/HQ/08%20-%20Feito%20Para%20Sofrer/45%20-%20Feito%20Para%20Sofrer/12.jpg"
                },
                {
                    "href": "13.jpg",
                    "text": " 13.jpg",
                    "imageUrl": "http://thewalkingdead-online.com/hq/albums/HQ/08%20-%20Feito%20Para%20Sofrer/45%20-%20Feito%20Para%20Sofrer/13.jpg"
                },
                {
                    "href": "15.jpg",
                    "text": " 15.jpg",
                    "imageUrl": "http://thewalkingdead-online.com/hq/albums/HQ/08%20-%20Feito%20Para%20Sofrer/45%20-%20Feito%20Para%20Sofrer/15.jpg"
                },
                {
                    "href": "16.jpg",
                    "text": " 16.jpg",
                    "imageUrl": "http://thewalkingdead-online.com/hq/albums/HQ/08%20-%20Feito%20Para%20Sofrer/45%20-%20Feito%20Para%20Sofrer/16.jpg"
                },
                {
                    "href": "17.jpg",
                    "text": " 17.jpg",
                    "imageUrl": "http://thewalkingdead-online.com/hq/albums/HQ/08%20-%20Feito%20Para%20Sofrer/45%20-%20Feito%20Para%20Sofrer/17.jpg"
                },
                {
                    "href": "18.jpg",
                    "text": " 18.jpg",
                    "imageUrl": "http://thewalkingdead-online.com/hq/albums/HQ/08%20-%20Feito%20Para%20Sofrer/45%20-%20Feito%20Para%20Sofrer/18.jpg"
                },
                {
                    "href": "19.jpg",
                    "text": " 19.jpg",
                    "imageUrl": "http://thewalkingdead-online.com/hq/albums/HQ/08%20-%20Feito%20Para%20Sofrer/45%20-%20Feito%20Para%20Sofrer/19.jpg"
                },
                {
                    "href": "20.jpg",
                    "text": " 20.jpg",
                    "imageUrl": "http://thewalkingdead-online.com/hq/albums/HQ/08%20-%20Feito%20Para%20Sofrer/45%20-%20Feito%20Para%20Sofrer/20.jpg"
                },
                {
                    "href": "21.jpg",
                    "text": " 21.jpg",
                    "imageUrl": "http://thewalkingdead-online.com/hq/albums/HQ/08%20-%20Feito%20Para%20Sofrer/45%20-%20Feito%20Para%20Sofrer/21.jpg"
                },
                {
                    "href": "22.jpg",
                    "text": " 22.jpg",
                    "imageUrl": "http://thewalkingdead-online.com/hq/albums/HQ/08%20-%20Feito%20Para%20Sofrer/45%20-%20Feito%20Para%20Sofrer/22.jpg"
                },
                {
                    "href": "23.jpg",
                    "text": " 23.jpg",
                    "imageUrl": "http://thewalkingdead-online.com/hq/albums/HQ/08%20-%20Feito%20Para%20Sofrer/45%20-%20Feito%20Para%20Sofrer/23.jpg"
                },
                {
                    "href": "24.jpg",
                    "text": " 24.jpg",
                    "imageUrl": "http://thewalkingdead-online.com/hq/albums/HQ/08%20-%20Feito%20Para%20Sofrer/45%20-%20Feito%20Para%20Sofrer/24.jpg"
                }
            ]
        },
        {
            "href": "46%20-%20Feito%20Para%20Sofrer/",
            "text": " 46 - Feito Para Sofrer/",
            "images": [
                {
                    "href": "01.jpg",
                    "text": " 01.jpg",
                    "imageUrl": "http://thewalkingdead-online.com/hq/albums/HQ/08%20-%20Feito%20Para%20Sofrer/46%20-%20Feito%20Para%20Sofrer/01.jpg"
                },
                {
                    "href": "02.jpg",
                    "text": " 02.jpg",
                    "imageUrl": "http://thewalkingdead-online.com/hq/albums/HQ/08%20-%20Feito%20Para%20Sofrer/46%20-%20Feito%20Para%20Sofrer/02.jpg"
                },
                {
                    "href": "03.jpg",
                    "text": " 03.jpg",
                    "imageUrl": "http://thewalkingdead-online.com/hq/albums/HQ/08%20-%20Feito%20Para%20Sofrer/46%20-%20Feito%20Para%20Sofrer/03.jpg"
                },
                {
                    "href": "04.jpg",
                    "text": " 04.jpg",
                    "imageUrl": "http://thewalkingdead-online.com/hq/albums/HQ/08%20-%20Feito%20Para%20Sofrer/46%20-%20Feito%20Para%20Sofrer/04.jpg"
                },
                {
                    "href": "05.jpg",
                    "text": " 05.jpg",
                    "imageUrl": "http://thewalkingdead-online.com/hq/albums/HQ/08%20-%20Feito%20Para%20Sofrer/46%20-%20Feito%20Para%20Sofrer/05.jpg"
                },
                {
                    "href": "06.jpg",
                    "text": " 06.jpg",
                    "imageUrl": "http://thewalkingdead-online.com/hq/albums/HQ/08%20-%20Feito%20Para%20Sofrer/46%20-%20Feito%20Para%20Sofrer/06.jpg"
                },
                {
                    "href": "07.jpg",
                    "text": " 07.jpg",
                    "imageUrl": "http://thewalkingdead-online.com/hq/albums/HQ/08%20-%20Feito%20Para%20Sofrer/46%20-%20Feito%20Para%20Sofrer/07.jpg"
                },
                {
                    "href": "08.jpg",
                    "text": " 08.jpg",
                    "imageUrl": "http://thewalkingdead-online.com/hq/albums/HQ/08%20-%20Feito%20Para%20Sofrer/46%20-%20Feito%20Para%20Sofrer/08.jpg"
                },
                {
                    "href": "09.jpg",
                    "text": " 09.jpg",
                    "imageUrl": "http://thewalkingdead-online.com/hq/albums/HQ/08%20-%20Feito%20Para%20Sofrer/46%20-%20Feito%20Para%20Sofrer/09.jpg"
                },
                {
                    "href": "10.jpg",
                    "text": " 10.jpg",
                    "imageUrl": "http://thewalkingdead-online.com/hq/albums/HQ/08%20-%20Feito%20Para%20Sofrer/46%20-%20Feito%20Para%20Sofrer/10.jpg"
                },
                {
                    "href": "11.jpg",
                    "text": " 11.jpg",
                    "imageUrl": "http://thewalkingdead-online.com/hq/albums/HQ/08%20-%20Feito%20Para%20Sofrer/46%20-%20Feito%20Para%20Sofrer/11.jpg"
                },
                {
                    "href": "12.jpg",
                    "text": " 12.jpg",
                    "imageUrl": "http://thewalkingdead-online.com/hq/albums/HQ/08%20-%20Feito%20Para%20Sofrer/46%20-%20Feito%20Para%20Sofrer/12.jpg"
                },
                {
                    "href": "13.jpg",
                    "text": " 13.jpg",
                    "imageUrl": "http://thewalkingdead-online.com/hq/albums/HQ/08%20-%20Feito%20Para%20Sofrer/46%20-%20Feito%20Para%20Sofrer/13.jpg"
                },
                {
                    "href": "14.jpg",
                    "text": " 14.jpg",
                    "imageUrl": "http://thewalkingdead-online.com/hq/albums/HQ/08%20-%20Feito%20Para%20Sofrer/46%20-%20Feito%20Para%20Sofrer/14.jpg"
                },
                {
                    "href": "15.jpg",
                    "text": " 15.jpg",
                    "imageUrl": "http://thewalkingdead-online.com/hq/albums/HQ/08%20-%20Feito%20Para%20Sofrer/46%20-%20Feito%20Para%20Sofrer/15.jpg"
                },
                {
                    "href": "16.jpg",
                    "text": " 16.jpg",
                    "imageUrl": "http://thewalkingdead-online.com/hq/albums/HQ/08%20-%20Feito%20Para%20Sofrer/46%20-%20Feito%20Para%20Sofrer/16.jpg"
                },
                {
                    "href": "17.jpg",
                    "text": " 17.jpg",
                    "imageUrl": "http://thewalkingdead-online.com/hq/albums/HQ/08%20-%20Feito%20Para%20Sofrer/46%20-%20Feito%20Para%20Sofrer/17.jpg"
                },
                {
                    "href": "18.jpg",
                    "text": " 18.jpg",
                    "imageUrl": "http://thewalkingdead-online.com/hq/albums/HQ/08%20-%20Feito%20Para%20Sofrer/46%20-%20Feito%20Para%20Sofrer/18.jpg"
                },
                {
                    "href": "19.jpg",
                    "text": " 19.jpg",
                    "imageUrl": "http://thewalkingdead-online.com/hq/albums/HQ/08%20-%20Feito%20Para%20Sofrer/46%20-%20Feito%20Para%20Sofrer/19.jpg"
                },
                {
                    "href": "20.jpg",
                    "text": " 20.jpg",
                    "imageUrl": "http://thewalkingdead-online.com/hq/albums/HQ/08%20-%20Feito%20Para%20Sofrer/46%20-%20Feito%20Para%20Sofrer/20.jpg"
                },
                {
                    "href": "21.jpg",
                    "text": " 21.jpg",
                    "imageUrl": "http://thewalkingdead-online.com/hq/albums/HQ/08%20-%20Feito%20Para%20Sofrer/46%20-%20Feito%20Para%20Sofrer/21.jpg"
                },
                {
                    "href": "22.jpg",
                    "text": " 22.jpg",
                    "imageUrl": "http://thewalkingdead-online.com/hq/albums/HQ/08%20-%20Feito%20Para%20Sofrer/46%20-%20Feito%20Para%20Sofrer/22.jpg"
                },
                {
                    "href": "23.jpg",
                    "text": " 23.jpg",
                    "imageUrl": "http://thewalkingdead-online.com/hq/albums/HQ/08%20-%20Feito%20Para%20Sofrer/46%20-%20Feito%20Para%20Sofrer/23.jpg"
                },
                {
                    "href": "24.jpg",
                    "text": " 24.jpg",
                    "imageUrl": "http://thewalkingdead-online.com/hq/albums/HQ/08%20-%20Feito%20Para%20Sofrer/46%20-%20Feito%20Para%20Sofrer/24.jpg"
                },
                {
                    "href": "26.jpg",
                    "text": " 26.jpg",
                    "imageUrl": "http://thewalkingdead-online.com/hq/albums/HQ/08%20-%20Feito%20Para%20Sofrer/46%20-%20Feito%20Para%20Sofrer/26.jpg"
                }
            ]
        },
        {
            "href": "47%20-%20Feito%20Para%20Sofrer/",
            "text": " 47 - Feito Para Sofrer/",
            "images": [
                {
                    "href": "01.jpg",
                    "text": " 01.jpg",
                    "imageUrl": "http://thewalkingdead-online.com/hq/albums/HQ/08%20-%20Feito%20Para%20Sofrer/47%20-%20Feito%20Para%20Sofrer/01.jpg"
                },
                {
                    "href": "02.jpg",
                    "text": " 02.jpg",
                    "imageUrl": "http://thewalkingdead-online.com/hq/albums/HQ/08%20-%20Feito%20Para%20Sofrer/47%20-%20Feito%20Para%20Sofrer/02.jpg"
                },
                {
                    "href": "03.jpg",
                    "text": " 03.jpg",
                    "imageUrl": "http://thewalkingdead-online.com/hq/albums/HQ/08%20-%20Feito%20Para%20Sofrer/47%20-%20Feito%20Para%20Sofrer/03.jpg"
                },
                {
                    "href": "04.jpg",
                    "text": " 04.jpg",
                    "imageUrl": "http://thewalkingdead-online.com/hq/albums/HQ/08%20-%20Feito%20Para%20Sofrer/47%20-%20Feito%20Para%20Sofrer/04.jpg"
                },
                {
                    "href": "05.jpg",
                    "text": " 05.jpg",
                    "imageUrl": "http://thewalkingdead-online.com/hq/albums/HQ/08%20-%20Feito%20Para%20Sofrer/47%20-%20Feito%20Para%20Sofrer/05.jpg"
                },
                {
                    "href": "06.jpg",
                    "text": " 06.jpg",
                    "imageUrl": "http://thewalkingdead-online.com/hq/albums/HQ/08%20-%20Feito%20Para%20Sofrer/47%20-%20Feito%20Para%20Sofrer/06.jpg"
                },
                {
                    "href": "07.jpg",
                    "text": " 07.jpg",
                    "imageUrl": "http://thewalkingdead-online.com/hq/albums/HQ/08%20-%20Feito%20Para%20Sofrer/47%20-%20Feito%20Para%20Sofrer/07.jpg"
                },
                {
                    "href": "08.jpg",
                    "text": " 08.jpg",
                    "imageUrl": "http://thewalkingdead-online.com/hq/albums/HQ/08%20-%20Feito%20Para%20Sofrer/47%20-%20Feito%20Para%20Sofrer/08.jpg"
                },
                {
                    "href": "09.jpg",
                    "text": " 09.jpg",
                    "imageUrl": "http://thewalkingdead-online.com/hq/albums/HQ/08%20-%20Feito%20Para%20Sofrer/47%20-%20Feito%20Para%20Sofrer/09.jpg"
                },
                {
                    "href": "10.jpg",
                    "text": " 10.jpg",
                    "imageUrl": "http://thewalkingdead-online.com/hq/albums/HQ/08%20-%20Feito%20Para%20Sofrer/47%20-%20Feito%20Para%20Sofrer/10.jpg"
                },
                {
                    "href": "11.jpg",
                    "text": " 11.jpg",
                    "imageUrl": "http://thewalkingdead-online.com/hq/albums/HQ/08%20-%20Feito%20Para%20Sofrer/47%20-%20Feito%20Para%20Sofrer/11.jpg"
                },
                {
                    "href": "12.jpg",
                    "text": " 12.jpg",
                    "imageUrl": "http://thewalkingdead-online.com/hq/albums/HQ/08%20-%20Feito%20Para%20Sofrer/47%20-%20Feito%20Para%20Sofrer/12.jpg"
                },
                {
                    "href": "13.jpg",
                    "text": " 13.jpg",
                    "imageUrl": "http://thewalkingdead-online.com/hq/albums/HQ/08%20-%20Feito%20Para%20Sofrer/47%20-%20Feito%20Para%20Sofrer/13.jpg"
                },
                {
                    "href": "14.jpg",
                    "text": " 14.jpg",
                    "imageUrl": "http://thewalkingdead-online.com/hq/albums/HQ/08%20-%20Feito%20Para%20Sofrer/47%20-%20Feito%20Para%20Sofrer/14.jpg"
                },
                {
                    "href": "15.jpg",
                    "text": " 15.jpg",
                    "imageUrl": "http://thewalkingdead-online.com/hq/albums/HQ/08%20-%20Feito%20Para%20Sofrer/47%20-%20Feito%20Para%20Sofrer/15.jpg"
                },
                {
                    "href": "16.jpg",
                    "text": " 16.jpg",
                    "imageUrl": "http://thewalkingdead-online.com/hq/albums/HQ/08%20-%20Feito%20Para%20Sofrer/47%20-%20Feito%20Para%20Sofrer/16.jpg"
                },
                {
                    "href": "17.jpg",
                    "text": " 17.jpg",
                    "imageUrl": "http://thewalkingdead-online.com/hq/albums/HQ/08%20-%20Feito%20Para%20Sofrer/47%20-%20Feito%20Para%20Sofrer/17.jpg"
                },
                {
                    "href": "18.jpg",
                    "text": " 18.jpg",
                    "imageUrl": "http://thewalkingdead-online.com/hq/albums/HQ/08%20-%20Feito%20Para%20Sofrer/47%20-%20Feito%20Para%20Sofrer/18.jpg"
                },
                {
                    "href": "19.jpg",
                    "text": " 19.jpg",
                    "imageUrl": "http://thewalkingdead-online.com/hq/albums/HQ/08%20-%20Feito%20Para%20Sofrer/47%20-%20Feito%20Para%20Sofrer/19.jpg"
                },
                {
                    "href": "20-21.jpg",
                    "text": " 20-21.jpg",
                    "imageUrl": "http://thewalkingdead-online.com/hq/albums/HQ/08%20-%20Feito%20Para%20Sofrer/47%20-%20Feito%20Para%20Sofrer/20-21.jpg"
                },
                {
                    "href": "22.jpg",
                    "text": " 22.jpg",
                    "imageUrl": "http://thewalkingdead-online.com/hq/albums/HQ/08%20-%20Feito%20Para%20Sofrer/47%20-%20Feito%20Para%20Sofrer/22.jpg"
                },
                {
                    "href": "23.jpg",
                    "text": " 23.jpg",
                    "imageUrl": "http://thewalkingdead-online.com/hq/albums/HQ/08%20-%20Feito%20Para%20Sofrer/47%20-%20Feito%20Para%20Sofrer/23.jpg"
                },
                {
                    "href": "24.jpg",
                    "text": " 24.jpg",
                    "imageUrl": "http://thewalkingdead-online.com/hq/albums/HQ/08%20-%20Feito%20Para%20Sofrer/47%20-%20Feito%20Para%20Sofrer/24.jpg"
                },
                {
                    "href": "26.jpg",
                    "text": " 26.jpg",
                    "imageUrl": "http://thewalkingdead-online.com/hq/albums/HQ/08%20-%20Feito%20Para%20Sofrer/47%20-%20Feito%20Para%20Sofrer/26.jpg"
                }
            ]
        },
        {
            "href": "48%20-%20Feito%20Para%20Sofrer/",
            "text": " 48 - Feito Para Sofrer/",
            "images": [
                {
                    "href": "01.jpg",
                    "text": " 01.jpg",
                    "imageUrl": "http://thewalkingdead-online.com/hq/albums/HQ/08%20-%20Feito%20Para%20Sofrer/48%20-%20Feito%20Para%20Sofrer/01.jpg"
                },
                {
                    "href": "02.jpg",
                    "text": " 02.jpg",
                    "imageUrl": "http://thewalkingdead-online.com/hq/albums/HQ/08%20-%20Feito%20Para%20Sofrer/48%20-%20Feito%20Para%20Sofrer/02.jpg"
                },
                {
                    "href": "03.jpg",
                    "text": " 03.jpg",
                    "imageUrl": "http://thewalkingdead-online.com/hq/albums/HQ/08%20-%20Feito%20Para%20Sofrer/48%20-%20Feito%20Para%20Sofrer/03.jpg"
                },
                {
                    "href": "04.jpg",
                    "text": " 04.jpg",
                    "imageUrl": "http://thewalkingdead-online.com/hq/albums/HQ/08%20-%20Feito%20Para%20Sofrer/48%20-%20Feito%20Para%20Sofrer/04.jpg"
                },
                {
                    "href": "05.jpg",
                    "text": " 05.jpg",
                    "imageUrl": "http://thewalkingdead-online.com/hq/albums/HQ/08%20-%20Feito%20Para%20Sofrer/48%20-%20Feito%20Para%20Sofrer/05.jpg"
                },
                {
                    "href": "06.jpg",
                    "text": " 06.jpg",
                    "imageUrl": "http://thewalkingdead-online.com/hq/albums/HQ/08%20-%20Feito%20Para%20Sofrer/48%20-%20Feito%20Para%20Sofrer/06.jpg"
                },
                {
                    "href": "07.jpg",
                    "text": " 07.jpg",
                    "imageUrl": "http://thewalkingdead-online.com/hq/albums/HQ/08%20-%20Feito%20Para%20Sofrer/48%20-%20Feito%20Para%20Sofrer/07.jpg"
                },
                {
                    "href": "08.jpg",
                    "text": " 08.jpg",
                    "imageUrl": "http://thewalkingdead-online.com/hq/albums/HQ/08%20-%20Feito%20Para%20Sofrer/48%20-%20Feito%20Para%20Sofrer/08.jpg"
                },
                {
                    "href": "09.jpg",
                    "text": " 09.jpg",
                    "imageUrl": "http://thewalkingdead-online.com/hq/albums/HQ/08%20-%20Feito%20Para%20Sofrer/48%20-%20Feito%20Para%20Sofrer/09.jpg"
                },
                {
                    "href": "10.jpg",
                    "text": " 10.jpg",
                    "imageUrl": "http://thewalkingdead-online.com/hq/albums/HQ/08%20-%20Feito%20Para%20Sofrer/48%20-%20Feito%20Para%20Sofrer/10.jpg"
                },
                {
                    "href": "11.jpg",
                    "text": " 11.jpg",
                    "imageUrl": "http://thewalkingdead-online.com/hq/albums/HQ/08%20-%20Feito%20Para%20Sofrer/48%20-%20Feito%20Para%20Sofrer/11.jpg"
                },
                {
                    "href": "12.jpg",
                    "text": " 12.jpg",
                    "imageUrl": "http://thewalkingdead-online.com/hq/albums/HQ/08%20-%20Feito%20Para%20Sofrer/48%20-%20Feito%20Para%20Sofrer/12.jpg"
                },
                {
                    "href": "13.jpg",
                    "text": " 13.jpg",
                    "imageUrl": "http://thewalkingdead-online.com/hq/albums/HQ/08%20-%20Feito%20Para%20Sofrer/48%20-%20Feito%20Para%20Sofrer/13.jpg"
                },
                {
                    "href": "14.jpg",
                    "text": " 14.jpg",
                    "imageUrl": "http://thewalkingdead-online.com/hq/albums/HQ/08%20-%20Feito%20Para%20Sofrer/48%20-%20Feito%20Para%20Sofrer/14.jpg"
                },
                {
                    "href": "15.jpg",
                    "text": " 15.jpg",
                    "imageUrl": "http://thewalkingdead-online.com/hq/albums/HQ/08%20-%20Feito%20Para%20Sofrer/48%20-%20Feito%20Para%20Sofrer/15.jpg"
                },
                {
                    "href": "16.jpg",
                    "text": " 16.jpg",
                    "imageUrl": "http://thewalkingdead-online.com/hq/albums/HQ/08%20-%20Feito%20Para%20Sofrer/48%20-%20Feito%20Para%20Sofrer/16.jpg"
                },
                {
                    "href": "17.jpg",
                    "text": " 17.jpg",
                    "imageUrl": "http://thewalkingdead-online.com/hq/albums/HQ/08%20-%20Feito%20Para%20Sofrer/48%20-%20Feito%20Para%20Sofrer/17.jpg"
                },
                {
                    "href": "18.jpg",
                    "text": " 18.jpg",
                    "imageUrl": "http://thewalkingdead-online.com/hq/albums/HQ/08%20-%20Feito%20Para%20Sofrer/48%20-%20Feito%20Para%20Sofrer/18.jpg"
                },
                {
                    "href": "19.jpg",
                    "text": " 19.jpg",
                    "imageUrl": "http://thewalkingdead-online.com/hq/albums/HQ/08%20-%20Feito%20Para%20Sofrer/48%20-%20Feito%20Para%20Sofrer/19.jpg"
                },
                {
                    "href": "20.jpg",
                    "text": " 20.jpg",
                    "imageUrl": "http://thewalkingdead-online.com/hq/albums/HQ/08%20-%20Feito%20Para%20Sofrer/48%20-%20Feito%20Para%20Sofrer/20.jpg"
                },
                {
                    "href": "21.jpg",
                    "text": " 21.jpg",
                    "imageUrl": "http://thewalkingdead-online.com/hq/albums/HQ/08%20-%20Feito%20Para%20Sofrer/48%20-%20Feito%20Para%20Sofrer/21.jpg"
                },
                {
                    "href": "22.jpg",
                    "text": " 22.jpg",
                    "imageUrl": "http://thewalkingdead-online.com/hq/albums/HQ/08%20-%20Feito%20Para%20Sofrer/48%20-%20Feito%20Para%20Sofrer/22.jpg"
                },
                {
                    "href": "23.jpg",
                    "text": " 23.jpg",
                    "imageUrl": "http://thewalkingdead-online.com/hq/albums/HQ/08%20-%20Feito%20Para%20Sofrer/48%20-%20Feito%20Para%20Sofrer/23.jpg"
                },
                {
                    "href": "26.jpg",
                    "text": " 26.jpg",
                    "imageUrl": "http://thewalkingdead-online.com/hq/albums/HQ/08%20-%20Feito%20Para%20Sofrer/48%20-%20Feito%20Para%20Sofrer/26.jpg"
                }
            ]
        }
    ]
}