{
    "href": "09%20-%20Assim%20Nos%20Continuamos/",
    "text": " 09 - Assim Nos Continuamos/",
    "chapters": [
        {
            "href": "49%20-%20Assim%20Nos%20Continuamos/",
            "text": " 49 - Assim Nos Continuamos/",
            "images": [
                {
                    "href": "01.jpg",
                    "text": " 01.jpg",
                    "imageUrl": "http://thewalkingdead-online.com/hq/albums/HQ/09%20-%20Assim%20Nos%20Continuamos/49%20-%20Assim%20Nos%20Continuamos/01.jpg"
                },
                {
                    "href": "02.jpg",
                    "text": " 02.jpg",
                    "imageUrl": "http://thewalkingdead-online.com/hq/albums/HQ/09%20-%20Assim%20Nos%20Continuamos/49%20-%20Assim%20Nos%20Continuamos/02.jpg"
                },
                {
                    "href": "03.jpg",
                    "text": " 03.jpg",
                    "imageUrl": "http://thewalkingdead-online.com/hq/albums/HQ/09%20-%20Assim%20Nos%20Continuamos/49%20-%20Assim%20Nos%20Continuamos/03.jpg"
                },
                {
                    "href": "04.jpg",
                    "text": " 04.jpg",
                    "imageUrl": "http://thewalkingdead-online.com/hq/albums/HQ/09%20-%20Assim%20Nos%20Continuamos/49%20-%20Assim%20Nos%20Continuamos/04.jpg"
                },
                {
                    "href": "05.jpg",
                    "text": " 05.jpg",
                    "imageUrl": "http://thewalkingdead-online.com/hq/albums/HQ/09%20-%20Assim%20Nos%20Continuamos/49%20-%20Assim%20Nos%20Continuamos/05.jpg"
                },
                {
                    "href": "06.jpg",
                    "text": " 06.jpg",
                    "imageUrl": "http://thewalkingdead-online.com/hq/albums/HQ/09%20-%20Assim%20Nos%20Continuamos/49%20-%20Assim%20Nos%20Continuamos/06.jpg"
                },
                {
                    "href": "07.jpg",
                    "text": " 07.jpg",
                    "imageUrl": "http://thewalkingdead-online.com/hq/albums/HQ/09%20-%20Assim%20Nos%20Continuamos/49%20-%20Assim%20Nos%20Continuamos/07.jpg"
                },
                {
                    "href": "08.jpg",
                    "text": " 08.jpg",
                    "imageUrl": "http://thewalkingdead-online.com/hq/albums/HQ/09%20-%20Assim%20Nos%20Continuamos/49%20-%20Assim%20Nos%20Continuamos/08.jpg"
                },
                {
                    "href": "09.jpg",
                    "text": " 09.jpg",
                    "imageUrl": "http://thewalkingdead-online.com/hq/albums/HQ/09%20-%20Assim%20Nos%20Continuamos/49%20-%20Assim%20Nos%20Continuamos/09.jpg"
                },
                {
                    "href": "10.jpg",
                    "text": " 10.jpg",
                    "imageUrl": "http://thewalkingdead-online.com/hq/albums/HQ/09%20-%20Assim%20Nos%20Continuamos/49%20-%20Assim%20Nos%20Continuamos/10.jpg"
                },
                {
                    "href": "11.jpg",
                    "text": " 11.jpg",
                    "imageUrl": "http://thewalkingdead-online.com/hq/albums/HQ/09%20-%20Assim%20Nos%20Continuamos/49%20-%20Assim%20Nos%20Continuamos/11.jpg"
                },
                {
                    "href": "12.jpg",
                    "text": " 12.jpg",
                    "imageUrl": "http://thewalkingdead-online.com/hq/albums/HQ/09%20-%20Assim%20Nos%20Continuamos/49%20-%20Assim%20Nos%20Continuamos/12.jpg"
                },
                {
                    "href": "13.jpg",
                    "text": " 13.jpg",
                    "imageUrl": "http://thewalkingdead-online.com/hq/albums/HQ/09%20-%20Assim%20Nos%20Continuamos/49%20-%20Assim%20Nos%20Continuamos/13.jpg"
                },
                {
                    "href": "14.jpg",
                    "text": " 14.jpg",
                    "imageUrl": "http://thewalkingdead-online.com/hq/albums/HQ/09%20-%20Assim%20Nos%20Continuamos/49%20-%20Assim%20Nos%20Continuamos/14.jpg"
                },
                {
                    "href": "15.jpg",
                    "text": " 15.jpg",
                    "imageUrl": "http://thewalkingdead-online.com/hq/albums/HQ/09%20-%20Assim%20Nos%20Continuamos/49%20-%20Assim%20Nos%20Continuamos/15.jpg"
                },
                {
                    "href": "16.jpg",
                    "text": " 16.jpg",
                    "imageUrl": "http://thewalkingdead-online.com/hq/albums/HQ/09%20-%20Assim%20Nos%20Continuamos/49%20-%20Assim%20Nos%20Continuamos/16.jpg"
                },
                {
                    "href": "17.jpg",
                    "text": " 17.jpg",
                    "imageUrl": "http://thewalkingdead-online.com/hq/albums/HQ/09%20-%20Assim%20Nos%20Continuamos/49%20-%20Assim%20Nos%20Continuamos/17.jpg"
                },
                {
                    "href": "18.jpg",
                    "text": " 18.jpg",
                    "imageUrl": "http://thewalkingdead-online.com/hq/albums/HQ/09%20-%20Assim%20Nos%20Continuamos/49%20-%20Assim%20Nos%20Continuamos/18.jpg"
                },
                {
                    "href": "19.jpg",
                    "text": " 19.jpg",
                    "imageUrl": "http://thewalkingdead-online.com/hq/albums/HQ/09%20-%20Assim%20Nos%20Continuamos/49%20-%20Assim%20Nos%20Continuamos/19.jpg"
                },
                {
                    "href": "20.jpg",
                    "text": " 20.jpg",
                    "imageUrl": "http://thewalkingdead-online.com/hq/albums/HQ/09%20-%20Assim%20Nos%20Continuamos/49%20-%20Assim%20Nos%20Continuamos/20.jpg"
                },
                {
                    "href": "21.jpg",
                    "text": " 21.jpg",
                    "imageUrl": "http://thewalkingdead-online.com/hq/albums/HQ/09%20-%20Assim%20Nos%20Continuamos/49%20-%20Assim%20Nos%20Continuamos/21.jpg"
                },
                {
                    "href": "22.jpg",
                    "text": " 22.jpg",
                    "imageUrl": "http://thewalkingdead-online.com/hq/albums/HQ/09%20-%20Assim%20Nos%20Continuamos/49%20-%20Assim%20Nos%20Continuamos/22.jpg"
                },
                {
                    "href": "23.jpg",
                    "text": " 23.jpg",
                    "imageUrl": "http://thewalkingdead-online.com/hq/albums/HQ/09%20-%20Assim%20Nos%20Continuamos/49%20-%20Assim%20Nos%20Continuamos/23.jpg"
                },
                {
                    "href": "24.jpg",
                    "text": " 24.jpg",
                    "imageUrl": "http://thewalkingdead-online.com/hq/albums/HQ/09%20-%20Assim%20Nos%20Continuamos/49%20-%20Assim%20Nos%20Continuamos/24.jpg"
                },
                {
                    "href": "26.jpg",
                    "text": " 26.jpg",
                    "imageUrl": "http://thewalkingdead-online.com/hq/albums/HQ/09%20-%20Assim%20Nos%20Continuamos/49%20-%20Assim%20Nos%20Continuamos/26.jpg"
                }
            ]
        },
        {
            "href": "50%20-%20Assim%20Nos%20Continuamos/",
            "text": " 50 - Assim Nos Continuamos/",
            "images": [
                {
                    "href": "001-002.jpg",
                    "text": " 001-002.jpg",
                    "imageUrl": "http://thewalkingdead-online.com/hq/albums/HQ/09%20-%20Assim%20Nos%20Continuamos/50%20-%20Assim%20Nos%20Continuamos/001-002.jpg"
                },
                {
                    "href": "003-004.jpg",
                    "text": " 003-004.jpg",
                    "imageUrl": "http://thewalkingdead-online.com/hq/albums/HQ/09%20-%20Assim%20Nos%20Continuamos/50%20-%20Assim%20Nos%20Continuamos/003-004.jpg"
                },
                {
                    "href": "005.jpg",
                    "text": " 005.jpg",
                    "imageUrl": "http://thewalkingdead-online.com/hq/albums/HQ/09%20-%20Assim%20Nos%20Continuamos/50%20-%20Assim%20Nos%20Continuamos/005.jpg"
                },
                {
                    "href": "006.jpg",
                    "text": " 006.jpg",
                    "imageUrl": "http://thewalkingdead-online.com/hq/albums/HQ/09%20-%20Assim%20Nos%20Continuamos/50%20-%20Assim%20Nos%20Continuamos/006.jpg"
                },
                {
                    "href": "007.jpg",
                    "text": " 007.jpg",
                    "imageUrl": "http://thewalkingdead-online.com/hq/albums/HQ/09%20-%20Assim%20Nos%20Continuamos/50%20-%20Assim%20Nos%20Continuamos/007.jpg"
                },
                {
                    "href": "008.jpg",
                    "text": " 008.jpg",
                    "imageUrl": "http://thewalkingdead-online.com/hq/albums/HQ/09%20-%20Assim%20Nos%20Continuamos/50%20-%20Assim%20Nos%20Continuamos/008.jpg"
                },
                {
                    "href": "009.jpg",
                    "text": " 009.jpg",
                    "imageUrl": "http://thewalkingdead-online.com/hq/albums/HQ/09%20-%20Assim%20Nos%20Continuamos/50%20-%20Assim%20Nos%20Continuamos/009.jpg"
                },
                {
                    "href": "010.jpg",
                    "text": " 010.jpg",
                    "imageUrl": "http://thewalkingdead-online.com/hq/albums/HQ/09%20-%20Assim%20Nos%20Continuamos/50%20-%20Assim%20Nos%20Continuamos/010.jpg"
                },
                {
                    "href": "011.jpg",
                    "text": " 011.jpg",
                    "imageUrl": "http://thewalkingdead-online.com/hq/albums/HQ/09%20-%20Assim%20Nos%20Continuamos/50%20-%20Assim%20Nos%20Continuamos/011.jpg"
                },
                {
                    "href": "012.jpg",
                    "text": " 012.jpg",
                    "imageUrl": "http://thewalkingdead-online.com/hq/albums/HQ/09%20-%20Assim%20Nos%20Continuamos/50%20-%20Assim%20Nos%20Continuamos/012.jpg"
                },
                {
                    "href": "013.jpg",
                    "text": " 013.jpg",
                    "imageUrl": "http://thewalkingdead-online.com/hq/albums/HQ/09%20-%20Assim%20Nos%20Continuamos/50%20-%20Assim%20Nos%20Continuamos/013.jpg"
                },
                {
                    "href": "014.jpg",
                    "text": " 014.jpg",
                    "imageUrl": "http://thewalkingdead-online.com/hq/albums/HQ/09%20-%20Assim%20Nos%20Continuamos/50%20-%20Assim%20Nos%20Continuamos/014.jpg"
                },
                {
                    "href": "015.jpg",
                    "text": " 015.jpg",
                    "imageUrl": "http://thewalkingdead-online.com/hq/albums/HQ/09%20-%20Assim%20Nos%20Continuamos/50%20-%20Assim%20Nos%20Continuamos/015.jpg"
                },
                {
                    "href": "016.jpg",
                    "text": " 016.jpg",
                    "imageUrl": "http://thewalkingdead-online.com/hq/albums/HQ/09%20-%20Assim%20Nos%20Continuamos/50%20-%20Assim%20Nos%20Continuamos/016.jpg"
                },
                {
                    "href": "017.jpg",
                    "text": " 017.jpg",
                    "imageUrl": "http://thewalkingdead-online.com/hq/albums/HQ/09%20-%20Assim%20Nos%20Continuamos/50%20-%20Assim%20Nos%20Continuamos/017.jpg"
                },
                {
                    "href": "018.jpg",
                    "text": " 018.jpg",
                    "imageUrl": "http://thewalkingdead-online.com/hq/albums/HQ/09%20-%20Assim%20Nos%20Continuamos/50%20-%20Assim%20Nos%20Continuamos/018.jpg"
                },
                {
                    "href": "019.jpg",
                    "text": " 019.jpg",
                    "imageUrl": "http://thewalkingdead-online.com/hq/albums/HQ/09%20-%20Assim%20Nos%20Continuamos/50%20-%20Assim%20Nos%20Continuamos/019.jpg"
                },
                {
                    "href": "020.jpg",
                    "text": " 020.jpg",
                    "imageUrl": "http://thewalkingdead-online.com/hq/albums/HQ/09%20-%20Assim%20Nos%20Continuamos/50%20-%20Assim%20Nos%20Continuamos/020.jpg"
                },
                {
                    "href": "021.jpg",
                    "text": " 021.jpg",
                    "imageUrl": "http://thewalkingdead-online.com/hq/albums/HQ/09%20-%20Assim%20Nos%20Continuamos/50%20-%20Assim%20Nos%20Continuamos/021.jpg"
                },
                {
                    "href": "022.jpg",
                    "text": " 022.jpg",
                    "imageUrl": "http://thewalkingdead-online.com/hq/albums/HQ/09%20-%20Assim%20Nos%20Continuamos/50%20-%20Assim%20Nos%20Continuamos/022.jpg"
                },
                {
                    "href": "023.jpg",
                    "text": " 023.jpg",
                    "imageUrl": "http://thewalkingdead-online.com/hq/albums/HQ/09%20-%20Assim%20Nos%20Continuamos/50%20-%20Assim%20Nos%20Continuamos/023.jpg"
                },
                {
                    "href": "024.jpg",
                    "text": " 024.jpg",
                    "imageUrl": "http://thewalkingdead-online.com/hq/albums/HQ/09%20-%20Assim%20Nos%20Continuamos/50%20-%20Assim%20Nos%20Continuamos/024.jpg"
                },
                {
                    "href": "025.jpg",
                    "text": " 025.jpg",
                    "imageUrl": "http://thewalkingdead-online.com/hq/albums/HQ/09%20-%20Assim%20Nos%20Continuamos/50%20-%20Assim%20Nos%20Continuamos/025.jpg"
                },
                {
                    "href": "026.jpg",
                    "text": " 026.jpg",
                    "imageUrl": "http://thewalkingdead-online.com/hq/albums/HQ/09%20-%20Assim%20Nos%20Continuamos/50%20-%20Assim%20Nos%20Continuamos/026.jpg"
                },
                {
                    "href": "027-028.jpg",
                    "text": " 027-028.jpg",
                    "imageUrl": "http://thewalkingdead-online.com/hq/albums/HQ/09%20-%20Assim%20Nos%20Continuamos/50%20-%20Assim%20Nos%20Continuamos/027-028.jpg"
                }
            ]
        },
        {
            "href": "51%20-%20Assim%20Nos%20Continuamos/",
            "text": " 51 - Assim Nos Continuamos/",
            "images": [
                {
                    "href": "01.jpg",
                    "text": " 01.jpg",
                    "imageUrl": "http://thewalkingdead-online.com/hq/albums/HQ/09%20-%20Assim%20Nos%20Continuamos/51%20-%20Assim%20Nos%20Continuamos/01.jpg"
                },
                {
                    "href": "02.jpg",
                    "text": " 02.jpg",
                    "imageUrl": "http://thewalkingdead-online.com/hq/albums/HQ/09%20-%20Assim%20Nos%20Continuamos/51%20-%20Assim%20Nos%20Continuamos/02.jpg"
                },
                {
                    "href": "03.jpg",
                    "text": " 03.jpg",
                    "imageUrl": "http://thewalkingdead-online.com/hq/albums/HQ/09%20-%20Assim%20Nos%20Continuamos/51%20-%20Assim%20Nos%20Continuamos/03.jpg"
                },
                {
                    "href": "04.jpg",
                    "text": " 04.jpg",
                    "imageUrl": "http://thewalkingdead-online.com/hq/albums/HQ/09%20-%20Assim%20Nos%20Continuamos/51%20-%20Assim%20Nos%20Continuamos/04.jpg"
                },
                {
                    "href": "05.jpg",
                    "text": " 05.jpg",
                    "imageUrl": "http://thewalkingdead-online.com/hq/albums/HQ/09%20-%20Assim%20Nos%20Continuamos/51%20-%20Assim%20Nos%20Continuamos/05.jpg"
                },
                {
                    "href": "06.jpg",
                    "text": " 06.jpg",
                    "imageUrl": "http://thewalkingdead-online.com/hq/albums/HQ/09%20-%20Assim%20Nos%20Continuamos/51%20-%20Assim%20Nos%20Continuamos/06.jpg"
                },
                {
                    "href": "07.jpg",
                    "text": " 07.jpg",
                    "imageUrl": "http://thewalkingdead-online.com/hq/albums/HQ/09%20-%20Assim%20Nos%20Continuamos/51%20-%20Assim%20Nos%20Continuamos/07.jpg"
                },
                {
                    "href": "08.jpg",
                    "text": " 08.jpg",
                    "imageUrl": "http://thewalkingdead-online.com/hq/albums/HQ/09%20-%20Assim%20Nos%20Continuamos/51%20-%20Assim%20Nos%20Continuamos/08.jpg"
                },
                {
                    "href": "09.jpg",
                    "text": " 09.jpg",
                    "imageUrl": "http://thewalkingdead-online.com/hq/albums/HQ/09%20-%20Assim%20Nos%20Continuamos/51%20-%20Assim%20Nos%20Continuamos/09.jpg"
                },
                {
                    "href": "10.jpg",
                    "text": " 10.jpg",
                    "imageUrl": "http://thewalkingdead-online.com/hq/albums/HQ/09%20-%20Assim%20Nos%20Continuamos/51%20-%20Assim%20Nos%20Continuamos/10.jpg"
                },
                {
                    "href": "11.jpg",
                    "text": " 11.jpg",
                    "imageUrl": "http://thewalkingdead-online.com/hq/albums/HQ/09%20-%20Assim%20Nos%20Continuamos/51%20-%20Assim%20Nos%20Continuamos/11.jpg"
                },
                {
                    "href": "12.jpg",
                    "text": " 12.jpg",
                    "imageUrl": "http://thewalkingdead-online.com/hq/albums/HQ/09%20-%20Assim%20Nos%20Continuamos/51%20-%20Assim%20Nos%20Continuamos/12.jpg"
                },
                {
                    "href": "13.jpg",
                    "text": " 13.jpg",
                    "imageUrl": "http://thewalkingdead-online.com/hq/albums/HQ/09%20-%20Assim%20Nos%20Continuamos/51%20-%20Assim%20Nos%20Continuamos/13.jpg"
                },
                {
                    "href": "14.jpg",
                    "text": " 14.jpg",
                    "imageUrl": "http://thewalkingdead-online.com/hq/albums/HQ/09%20-%20Assim%20Nos%20Continuamos/51%20-%20Assim%20Nos%20Continuamos/14.jpg"
                },
                {
                    "href": "15.jpg",
                    "text": " 15.jpg",
                    "imageUrl": "http://thewalkingdead-online.com/hq/albums/HQ/09%20-%20Assim%20Nos%20Continuamos/51%20-%20Assim%20Nos%20Continuamos/15.jpg"
                },
                {
                    "href": "16.jpg",
                    "text": " 16.jpg",
                    "imageUrl": "http://thewalkingdead-online.com/hq/albums/HQ/09%20-%20Assim%20Nos%20Continuamos/51%20-%20Assim%20Nos%20Continuamos/16.jpg"
                },
                {
                    "href": "17.jpg",
                    "text": " 17.jpg",
                    "imageUrl": "http://thewalkingdead-online.com/hq/albums/HQ/09%20-%20Assim%20Nos%20Continuamos/51%20-%20Assim%20Nos%20Continuamos/17.jpg"
                },
                {
                    "href": "18.jpg",
                    "text": " 18.jpg",
                    "imageUrl": "http://thewalkingdead-online.com/hq/albums/HQ/09%20-%20Assim%20Nos%20Continuamos/51%20-%20Assim%20Nos%20Continuamos/18.jpg"
                },
                {
                    "href": "19.jpg",
                    "text": " 19.jpg",
                    "imageUrl": "http://thewalkingdead-online.com/hq/albums/HQ/09%20-%20Assim%20Nos%20Continuamos/51%20-%20Assim%20Nos%20Continuamos/19.jpg"
                },
                {
                    "href": "20.jpg",
                    "text": " 20.jpg",
                    "imageUrl": "http://thewalkingdead-online.com/hq/albums/HQ/09%20-%20Assim%20Nos%20Continuamos/51%20-%20Assim%20Nos%20Continuamos/20.jpg"
                },
                {
                    "href": "21.jpg",
                    "text": " 21.jpg",
                    "imageUrl": "http://thewalkingdead-online.com/hq/albums/HQ/09%20-%20Assim%20Nos%20Continuamos/51%20-%20Assim%20Nos%20Continuamos/21.jpg"
                },
                {
                    "href": "22.jpg",
                    "text": " 22.jpg",
                    "imageUrl": "http://thewalkingdead-online.com/hq/albums/HQ/09%20-%20Assim%20Nos%20Continuamos/51%20-%20Assim%20Nos%20Continuamos/22.jpg"
                },
                {
                    "href": "23.jpg",
                    "text": " 23.jpg",
                    "imageUrl": "http://thewalkingdead-online.com/hq/albums/HQ/09%20-%20Assim%20Nos%20Continuamos/51%20-%20Assim%20Nos%20Continuamos/23.jpg"
                },
                {
                    "href": "24.jpg",
                    "text": " 24.jpg",
                    "imageUrl": "http://thewalkingdead-online.com/hq/albums/HQ/09%20-%20Assim%20Nos%20Continuamos/51%20-%20Assim%20Nos%20Continuamos/24.jpg"
                },
                {
                    "href": "26.jpg",
                    "text": " 26.jpg",
                    "imageUrl": "http://thewalkingdead-online.com/hq/albums/HQ/09%20-%20Assim%20Nos%20Continuamos/51%20-%20Assim%20Nos%20Continuamos/26.jpg"
                },
                {
                    "href": "35.jpg",
                    "text": " 35.jpg",
                    "imageUrl": "http://thewalkingdead-online.com/hq/albums/HQ/09%20-%20Assim%20Nos%20Continuamos/51%20-%20Assim%20Nos%20Continuamos/35.jpg"
                }
            ]
        },
        {
            "href": "52%20-%20Assim%20Nos%20Continuamos/",
            "text": " 52 - Assim Nos Continuamos/",
            "images": [
                {
                    "href": "01.jpg",
                    "text": " 01.jpg",
                    "imageUrl": "http://thewalkingdead-online.com/hq/albums/HQ/09%20-%20Assim%20Nos%20Continuamos/52%20-%20Assim%20Nos%20Continuamos/01.jpg"
                },
                {
                    "href": "02.jpg",
                    "text": " 02.jpg",
                    "imageUrl": "http://thewalkingdead-online.com/hq/albums/HQ/09%20-%20Assim%20Nos%20Continuamos/52%20-%20Assim%20Nos%20Continuamos/02.jpg"
                },
                {
                    "href": "03.jpg",
                    "text": " 03.jpg",
                    "imageUrl": "http://thewalkingdead-online.com/hq/albums/HQ/09%20-%20Assim%20Nos%20Continuamos/52%20-%20Assim%20Nos%20Continuamos/03.jpg"
                },
                {
                    "href": "04.jpg",
                    "text": " 04.jpg",
                    "imageUrl": "http://thewalkingdead-online.com/hq/albums/HQ/09%20-%20Assim%20Nos%20Continuamos/52%20-%20Assim%20Nos%20Continuamos/04.jpg"
                },
                {
                    "href": "05.jpg",
                    "text": " 05.jpg",
                    "imageUrl": "http://thewalkingdead-online.com/hq/albums/HQ/09%20-%20Assim%20Nos%20Continuamos/52%20-%20Assim%20Nos%20Continuamos/05.jpg"
                },
                {
                    "href": "06.jpg",
                    "text": " 06.jpg",
                    "imageUrl": "http://thewalkingdead-online.com/hq/albums/HQ/09%20-%20Assim%20Nos%20Continuamos/52%20-%20Assim%20Nos%20Continuamos/06.jpg"
                },
                {
                    "href": "07.jpg",
                    "text": " 07.jpg",
                    "imageUrl": "http://thewalkingdead-online.com/hq/albums/HQ/09%20-%20Assim%20Nos%20Continuamos/52%20-%20Assim%20Nos%20Continuamos/07.jpg"
                },
                {
                    "href": "08.jpg",
                    "text": " 08.jpg",
                    "imageUrl": "http://thewalkingdead-online.com/hq/albums/HQ/09%20-%20Assim%20Nos%20Continuamos/52%20-%20Assim%20Nos%20Continuamos/08.jpg"
                },
                {
                    "href": "09.jpg",
                    "text": " 09.jpg",
                    "imageUrl": "http://thewalkingdead-online.com/hq/albums/HQ/09%20-%20Assim%20Nos%20Continuamos/52%20-%20Assim%20Nos%20Continuamos/09.jpg"
                },
                {
                    "href": "10.jpg",
                    "text": " 10.jpg",
                    "imageUrl": "http://thewalkingdead-online.com/hq/albums/HQ/09%20-%20Assim%20Nos%20Continuamos/52%20-%20Assim%20Nos%20Continuamos/10.jpg"
                },
                {
                    "href": "11.jpg",
                    "text": " 11.jpg",
                    "imageUrl": "http://thewalkingdead-online.com/hq/albums/HQ/09%20-%20Assim%20Nos%20Continuamos/52%20-%20Assim%20Nos%20Continuamos/11.jpg"
                },
                {
                    "href": "12.jpg",
                    "text": " 12.jpg",
                    "imageUrl": "http://thewalkingdead-online.com/hq/albums/HQ/09%20-%20Assim%20Nos%20Continuamos/52%20-%20Assim%20Nos%20Continuamos/12.jpg"
                },
                {
                    "href": "13.jpg",
                    "text": " 13.jpg",
                    "imageUrl": "http://thewalkingdead-online.com/hq/albums/HQ/09%20-%20Assim%20Nos%20Continuamos/52%20-%20Assim%20Nos%20Continuamos/13.jpg"
                },
                {
                    "href": "14.jpg",
                    "text": " 14.jpg",
                    "imageUrl": "http://thewalkingdead-online.com/hq/albums/HQ/09%20-%20Assim%20Nos%20Continuamos/52%20-%20Assim%20Nos%20Continuamos/14.jpg"
                },
                {
                    "href": "15.jpg",
                    "text": " 15.jpg",
                    "imageUrl": "http://thewalkingdead-online.com/hq/albums/HQ/09%20-%20Assim%20Nos%20Continuamos/52%20-%20Assim%20Nos%20Continuamos/15.jpg"
                },
                {
                    "href": "16.jpg",
                    "text": " 16.jpg",
                    "imageUrl": "http://thewalkingdead-online.com/hq/albums/HQ/09%20-%20Assim%20Nos%20Continuamos/52%20-%20Assim%20Nos%20Continuamos/16.jpg"
                },
                {
                    "href": "17.jpg",
                    "text": " 17.jpg",
                    "imageUrl": "http://thewalkingdead-online.com/hq/albums/HQ/09%20-%20Assim%20Nos%20Continuamos/52%20-%20Assim%20Nos%20Continuamos/17.jpg"
                },
                {
                    "href": "18.jpg",
                    "text": " 18.jpg",
                    "imageUrl": "http://thewalkingdead-online.com/hq/albums/HQ/09%20-%20Assim%20Nos%20Continuamos/52%20-%20Assim%20Nos%20Continuamos/18.jpg"
                },
                {
                    "href": "19.jpg",
                    "text": " 19.jpg",
                    "imageUrl": "http://thewalkingdead-online.com/hq/albums/HQ/09%20-%20Assim%20Nos%20Continuamos/52%20-%20Assim%20Nos%20Continuamos/19.jpg"
                },
                {
                    "href": "20.jpg",
                    "text": " 20.jpg",
                    "imageUrl": "http://thewalkingdead-online.com/hq/albums/HQ/09%20-%20Assim%20Nos%20Continuamos/52%20-%20Assim%20Nos%20Continuamos/20.jpg"
                },
                {
                    "href": "21.jpg",
                    "text": " 21.jpg",
                    "imageUrl": "http://thewalkingdead-online.com/hq/albums/HQ/09%20-%20Assim%20Nos%20Continuamos/52%20-%20Assim%20Nos%20Continuamos/21.jpg"
                },
                {
                    "href": "22.jpg",
                    "text": " 22.jpg",
                    "imageUrl": "http://thewalkingdead-online.com/hq/albums/HQ/09%20-%20Assim%20Nos%20Continuamos/52%20-%20Assim%20Nos%20Continuamos/22.jpg"
                },
                {
                    "href": "23.jpg",
                    "text": " 23.jpg",
                    "imageUrl": "http://thewalkingdead-online.com/hq/albums/HQ/09%20-%20Assim%20Nos%20Continuamos/52%20-%20Assim%20Nos%20Continuamos/23.jpg"
                },
                {
                    "href": "26.jpg",
                    "text": " 26.jpg",
                    "imageUrl": "http://thewalkingdead-online.com/hq/albums/HQ/09%20-%20Assim%20Nos%20Continuamos/52%20-%20Assim%20Nos%20Continuamos/26.jpg"
                },
                {
                    "href": "29.jpg",
                    "text": " 29.jpg",
                    "imageUrl": "http://thewalkingdead-online.com/hq/albums/HQ/09%20-%20Assim%20Nos%20Continuamos/52%20-%20Assim%20Nos%20Continuamos/29.jpg"
                }
            ]
        },
        {
            "href": "53%20-%20Assim%20Nos%20Continuamos/",
            "text": " 53 - Assim Nos Continuamos/",
            "images": [
                {
                    "href": "01.jpg",
                    "text": " 01.jpg",
                    "imageUrl": "http://thewalkingdead-online.com/hq/albums/HQ/09%20-%20Assim%20Nos%20Continuamos/53%20-%20Assim%20Nos%20Continuamos/01.jpg"
                },
                {
                    "href": "02.jpg",
                    "text": " 02.jpg",
                    "imageUrl": "http://thewalkingdead-online.com/hq/albums/HQ/09%20-%20Assim%20Nos%20Continuamos/53%20-%20Assim%20Nos%20Continuamos/02.jpg"
                },
                {
                    "href": "03.jpg",
                    "text": " 03.jpg",
                    "imageUrl": "http://thewalkingdead-online.com/hq/albums/HQ/09%20-%20Assim%20Nos%20Continuamos/53%20-%20Assim%20Nos%20Continuamos/03.jpg"
                },
                {
                    "href": "04.jpg",
                    "text": " 04.jpg",
                    "imageUrl": "http://thewalkingdead-online.com/hq/albums/HQ/09%20-%20Assim%20Nos%20Continuamos/53%20-%20Assim%20Nos%20Continuamos/04.jpg"
                },
                {
                    "href": "05.jpg",
                    "text": " 05.jpg",
                    "imageUrl": "http://thewalkingdead-online.com/hq/albums/HQ/09%20-%20Assim%20Nos%20Continuamos/53%20-%20Assim%20Nos%20Continuamos/05.jpg"
                },
                {
                    "href": "06.jpg",
                    "text": " 06.jpg",
                    "imageUrl": "http://thewalkingdead-online.com/hq/albums/HQ/09%20-%20Assim%20Nos%20Continuamos/53%20-%20Assim%20Nos%20Continuamos/06.jpg"
                },
                {
                    "href": "07.jpg",
                    "text": " 07.jpg",
                    "imageUrl": "http://thewalkingdead-online.com/hq/albums/HQ/09%20-%20Assim%20Nos%20Continuamos/53%20-%20Assim%20Nos%20Continuamos/07.jpg"
                },
                {
                    "href": "08.jpg",
                    "text": " 08.jpg",
                    "imageUrl": "http://thewalkingdead-online.com/hq/albums/HQ/09%20-%20Assim%20Nos%20Continuamos/53%20-%20Assim%20Nos%20Continuamos/08.jpg"
                },
                {
                    "href": "09.jpg",
                    "text": " 09.jpg",
                    "imageUrl": "http://thewalkingdead-online.com/hq/albums/HQ/09%20-%20Assim%20Nos%20Continuamos/53%20-%20Assim%20Nos%20Continuamos/09.jpg"
                },
                {
                    "href": "10.jpg",
                    "text": " 10.jpg",
                    "imageUrl": "http://thewalkingdead-online.com/hq/albums/HQ/09%20-%20Assim%20Nos%20Continuamos/53%20-%20Assim%20Nos%20Continuamos/10.jpg"
                },
                {
                    "href": "11.jpg",
                    "text": " 11.jpg",
                    "imageUrl": "http://thewalkingdead-online.com/hq/albums/HQ/09%20-%20Assim%20Nos%20Continuamos/53%20-%20Assim%20Nos%20Continuamos/11.jpg"
                },
                {
                    "href": "12.jpg",
                    "text": " 12.jpg",
                    "imageUrl": "http://thewalkingdead-online.com/hq/albums/HQ/09%20-%20Assim%20Nos%20Continuamos/53%20-%20Assim%20Nos%20Continuamos/12.jpg"
                },
                {
                    "href": "13.jpg",
                    "text": " 13.jpg",
                    "imageUrl": "http://thewalkingdead-online.com/hq/albums/HQ/09%20-%20Assim%20Nos%20Continuamos/53%20-%20Assim%20Nos%20Continuamos/13.jpg"
                },
                {
                    "href": "14.jpg",
                    "text": " 14.jpg",
                    "imageUrl": "http://thewalkingdead-online.com/hq/albums/HQ/09%20-%20Assim%20Nos%20Continuamos/53%20-%20Assim%20Nos%20Continuamos/14.jpg"
                },
                {
                    "href": "15.jpg",
                    "text": " 15.jpg",
                    "imageUrl": "http://thewalkingdead-online.com/hq/albums/HQ/09%20-%20Assim%20Nos%20Continuamos/53%20-%20Assim%20Nos%20Continuamos/15.jpg"
                },
                {
                    "href": "16.jpg",
                    "text": " 16.jpg",
                    "imageUrl": "http://thewalkingdead-online.com/hq/albums/HQ/09%20-%20Assim%20Nos%20Continuamos/53%20-%20Assim%20Nos%20Continuamos/16.jpg"
                },
                {
                    "href": "17.jpg",
                    "text": " 17.jpg",
                    "imageUrl": "http://thewalkingdead-online.com/hq/albums/HQ/09%20-%20Assim%20Nos%20Continuamos/53%20-%20Assim%20Nos%20Continuamos/17.jpg"
                },
                {
                    "href": "18.jpg",
                    "text": " 18.jpg",
                    "imageUrl": "http://thewalkingdead-online.com/hq/albums/HQ/09%20-%20Assim%20Nos%20Continuamos/53%20-%20Assim%20Nos%20Continuamos/18.jpg"
                },
                {
                    "href": "19.jpg",
                    "text": " 19.jpg",
                    "imageUrl": "http://thewalkingdead-online.com/hq/albums/HQ/09%20-%20Assim%20Nos%20Continuamos/53%20-%20Assim%20Nos%20Continuamos/19.jpg"
                },
                {
                    "href": "20.jpg",
                    "text": " 20.jpg",
                    "imageUrl": "http://thewalkingdead-online.com/hq/albums/HQ/09%20-%20Assim%20Nos%20Continuamos/53%20-%20Assim%20Nos%20Continuamos/20.jpg"
                },
                {
                    "href": "21.jpg",
                    "text": " 21.jpg",
                    "imageUrl": "http://thewalkingdead-online.com/hq/albums/HQ/09%20-%20Assim%20Nos%20Continuamos/53%20-%20Assim%20Nos%20Continuamos/21.jpg"
                },
                {
                    "href": "22.jpg",
                    "text": " 22.jpg",
                    "imageUrl": "http://thewalkingdead-online.com/hq/albums/HQ/09%20-%20Assim%20Nos%20Continuamos/53%20-%20Assim%20Nos%20Continuamos/22.jpg"
                },
                {
                    "href": "23.jpg",
                    "text": " 23.jpg",
                    "imageUrl": "http://thewalkingdead-online.com/hq/albums/HQ/09%20-%20Assim%20Nos%20Continuamos/53%20-%20Assim%20Nos%20Continuamos/23.jpg"
                },
                {
                    "href": "24.jpg",
                    "text": " 24.jpg",
                    "imageUrl": "http://thewalkingdead-online.com/hq/albums/HQ/09%20-%20Assim%20Nos%20Continuamos/53%20-%20Assim%20Nos%20Continuamos/24.jpg"
                },
                {
                    "href": "26.jpg",
                    "text": " 26.jpg",
                    "imageUrl": "http://thewalkingdead-online.com/hq/albums/HQ/09%20-%20Assim%20Nos%20Continuamos/53%20-%20Assim%20Nos%20Continuamos/26.jpg"
                },
                {
                    "href": "30.jpg",
                    "text": " 30.jpg",
                    "imageUrl": "http://thewalkingdead-online.com/hq/albums/HQ/09%20-%20Assim%20Nos%20Continuamos/53%20-%20Assim%20Nos%20Continuamos/30.jpg"
                }
            ]
        },
        {
            "href": "54%20-%20Assim%20Nos%20Continuamos/",
            "text": " 54 - Assim Nos Continuamos/",
            "images": [
                {
                    "href": "01.jpg",
                    "text": " 01.jpg",
                    "imageUrl": "http://thewalkingdead-online.com/hq/albums/HQ/09%20-%20Assim%20Nos%20Continuamos/54%20-%20Assim%20Nos%20Continuamos/01.jpg"
                },
                {
                    "href": "02.jpg",
                    "text": " 02.jpg",
                    "imageUrl": "http://thewalkingdead-online.com/hq/albums/HQ/09%20-%20Assim%20Nos%20Continuamos/54%20-%20Assim%20Nos%20Continuamos/02.jpg"
                },
                {
                    "href": "03.jpg",
                    "text": " 03.jpg",
                    "imageUrl": "http://thewalkingdead-online.com/hq/albums/HQ/09%20-%20Assim%20Nos%20Continuamos/54%20-%20Assim%20Nos%20Continuamos/03.jpg"
                },
                {
                    "href": "04.jpg",
                    "text": " 04.jpg",
                    "imageUrl": "http://thewalkingdead-online.com/hq/albums/HQ/09%20-%20Assim%20Nos%20Continuamos/54%20-%20Assim%20Nos%20Continuamos/04.jpg"
                },
                {
                    "href": "05.jpg",
                    "text": " 05.jpg",
                    "imageUrl": "http://thewalkingdead-online.com/hq/albums/HQ/09%20-%20Assim%20Nos%20Continuamos/54%20-%20Assim%20Nos%20Continuamos/05.jpg"
                },
                {
                    "href": "06.jpg",
                    "text": " 06.jpg",
                    "imageUrl": "http://thewalkingdead-online.com/hq/albums/HQ/09%20-%20Assim%20Nos%20Continuamos/54%20-%20Assim%20Nos%20Continuamos/06.jpg"
                },
                {
                    "href": "07.jpg",
                    "text": " 07.jpg",
                    "imageUrl": "http://thewalkingdead-online.com/hq/albums/HQ/09%20-%20Assim%20Nos%20Continuamos/54%20-%20Assim%20Nos%20Continuamos/07.jpg"
                },
                {
                    "href": "08.jpg",
                    "text": " 08.jpg",
                    "imageUrl": "http://thewalkingdead-online.com/hq/albums/HQ/09%20-%20Assim%20Nos%20Continuamos/54%20-%20Assim%20Nos%20Continuamos/08.jpg"
                },
                {
                    "href": "09.jpg",
                    "text": " 09.jpg",
                    "imageUrl": "http://thewalkingdead-online.com/hq/albums/HQ/09%20-%20Assim%20Nos%20Continuamos/54%20-%20Assim%20Nos%20Continuamos/09.jpg"
                },
                {
                    "href": "10.jpg",
                    "text": " 10.jpg",
                    "imageUrl": "http://thewalkingdead-online.com/hq/albums/HQ/09%20-%20Assim%20Nos%20Continuamos/54%20-%20Assim%20Nos%20Continuamos/10.jpg"
                },
                {
                    "href": "11.jpg",
                    "text": " 11.jpg",
                    "imageUrl": "http://thewalkingdead-online.com/hq/albums/HQ/09%20-%20Assim%20Nos%20Continuamos/54%20-%20Assim%20Nos%20Continuamos/11.jpg"
                },
                {
                    "href": "12.jpg",
                    "text": " 12.jpg",
                    "imageUrl": "http://thewalkingdead-online.com/hq/albums/HQ/09%20-%20Assim%20Nos%20Continuamos/54%20-%20Assim%20Nos%20Continuamos/12.jpg"
                },
                {
                    "href": "13.jpg",
                    "text": " 13.jpg",
                    "imageUrl": "http://thewalkingdead-online.com/hq/albums/HQ/09%20-%20Assim%20Nos%20Continuamos/54%20-%20Assim%20Nos%20Continuamos/13.jpg"
                },
                {
                    "href": "14.jpg",
                    "text": " 14.jpg",
                    "imageUrl": "http://thewalkingdead-online.com/hq/albums/HQ/09%20-%20Assim%20Nos%20Continuamos/54%20-%20Assim%20Nos%20Continuamos/14.jpg"
                },
                {
                    "href": "15.jpg",
                    "text": " 15.jpg",
                    "imageUrl": "http://thewalkingdead-online.com/hq/albums/HQ/09%20-%20Assim%20Nos%20Continuamos/54%20-%20Assim%20Nos%20Continuamos/15.jpg"
                },
                {
                    "href": "16.jpg",
                    "text": " 16.jpg",
                    "imageUrl": "http://thewalkingdead-online.com/hq/albums/HQ/09%20-%20Assim%20Nos%20Continuamos/54%20-%20Assim%20Nos%20Continuamos/16.jpg"
                },
                {
                    "href": "17.jpg",
                    "text": " 17.jpg",
                    "imageUrl": "http://thewalkingdead-online.com/hq/albums/HQ/09%20-%20Assim%20Nos%20Continuamos/54%20-%20Assim%20Nos%20Continuamos/17.jpg"
                },
                {
                    "href": "18.jpg",
                    "text": " 18.jpg",
                    "imageUrl": "http://thewalkingdead-online.com/hq/albums/HQ/09%20-%20Assim%20Nos%20Continuamos/54%20-%20Assim%20Nos%20Continuamos/18.jpg"
                },
                {
                    "href": "19.jpg",
                    "text": " 19.jpg",
                    "imageUrl": "http://thewalkingdead-online.com/hq/albums/HQ/09%20-%20Assim%20Nos%20Continuamos/54%20-%20Assim%20Nos%20Continuamos/19.jpg"
                },
                {
                    "href": "20.jpg",
                    "text": " 20.jpg",
                    "imageUrl": "http://thewalkingdead-online.com/hq/albums/HQ/09%20-%20Assim%20Nos%20Continuamos/54%20-%20Assim%20Nos%20Continuamos/20.jpg"
                },
                {
                    "href": "21.jpg",
                    "text": " 21.jpg",
                    "imageUrl": "http://thewalkingdead-online.com/hq/albums/HQ/09%20-%20Assim%20Nos%20Continuamos/54%20-%20Assim%20Nos%20Continuamos/21.jpg"
                },
                {
                    "href": "22.jpg",
                    "text": " 22.jpg",
                    "imageUrl": "http://thewalkingdead-online.com/hq/albums/HQ/09%20-%20Assim%20Nos%20Continuamos/54%20-%20Assim%20Nos%20Continuamos/22.jpg"
                },
                {
                    "href": "23.jpg",
                    "text": " 23.jpg",
                    "imageUrl": "http://thewalkingdead-online.com/hq/albums/HQ/09%20-%20Assim%20Nos%20Continuamos/54%20-%20Assim%20Nos%20Continuamos/23.jpg"
                },
                {
                    "href": "24.jpg",
                    "text": " 24.jpg",
                    "imageUrl": "http://thewalkingdead-online.com/hq/albums/HQ/09%20-%20Assim%20Nos%20Continuamos/54%20-%20Assim%20Nos%20Continuamos/24.jpg"
                }
            ]
        }
    ]
}